corpus,source_id,declaration,min_distance,is_root
DK1970,DK-3.1-cor,ContinuousLinearMap.approximationNumber,2,0
DK1970,DK-3.1-cor,TauCeti.DavisKahan.AngleSequenceAmbient,1,0
DK1970,DK-3.1-cor,TauCeti.DavisKahan.AngleSequenceSpace,1,0
DK1970,DK-3.1-cor,TauCeti.DavisKahan.Frontier.PairOfSubspacesUnitaryEquivalent,1,0
DK1970,DK-3.1-cor,TauCeti.DavisKahan.Frontier.Section3.SameHalmosTrivialDimensions,1,0
DK1970,DK-3.1-cor,TauCeti.DavisKahan.Frontier.Section3.compactAngleEigenvalueList,1,0
DK1970,DK-3.1-cor,TauCeti.DavisKahan.Frontier.Section3.corollary3_1_compact_classification_real,0,1
DK1970,DK-3.1-cor,TauCeti.DavisKahan.Frontier.Section3.corollary3_1_compact_defectBlock_angleList_classification,0,1
DK1970,DK-3.1-cor,TauCeti.DavisKahan.Frontier.Section3.corollary3_1_realization,0,1
DK1970,DK-3.1-cor,TauCeti.DavisKahan.HalmosAngleDatum,2,0
DK1970,DK-3.1-cor,TauCeti.DavisKahan.HalmosAngleDatum.cos₀,3,0
DK1970,DK-3.1-cor,TauCeti.DavisKahan.HalmosAngleDatum.instCompleteSpaceSubtypeWithLpOfNatENNRealProdMemSubmoduleTargetSubspace,1,0
DK1970,DK-3.1-cor,TauCeti.DavisKahan.HalmosAngleDatum.intertwiner,3,0
DK1970,DK-3.1-cor,TauCeti.DavisKahan.HalmosAngleDatum.mk,2,0
DK1970,DK-3.1-cor,TauCeti.DavisKahan.HalmosAngleDatum.realizingIsometry,2,0
DK1970,DK-3.1-cor,TauCeti.DavisKahan.HalmosAngleDatum.sin₀,3,0
DK1970,DK-3.1-cor,TauCeti.DavisKahan.HalmosAngleDatum.targetSubspace,1,0
DK1970,DK-3.1-cor,TauCeti.DavisKahan.SameCompactAngleData,1,0
DK1970,DK-3.1-cor,TauCeti.DavisKahan.angleCosOp,2,0
DK1970,DK-3.1-cor,TauCeti.DavisKahan.angleCosSeq,3,0
DK1970,DK-3.1-cor,TauCeti.DavisKahan.angleSequenceDatum,1,0
DK1970,DK-3.1-cor,TauCeti.DavisKahan.angleSinOp,1,0
DK1970,DK-3.1-cor,TauCeti.DavisKahan.angleSinSeq,2,0
DK1970,DK-3.1-cor,TauCeti.DavisKahan.genericCosineBlock,1,0
DK1970,DK-3.1-cor,TauCeti.DavisKahan.genericLeftHalf,1,0
DK1970,DK-3.1-cor,TauCeti.DavisKahan.halmosCommonPart,1,0
DK1970,DK-3.1-cor,TauCeti.DavisKahan.halmosExteriorPart,1,0
DK1970,DK-3.1-cor,TauCeti.DavisKahan.halmosGenericPart,2,0
DK1970,DK-3.1-cor,TauCeti.DavisKahan.halmosSourceDefect,4,0
DK1970,DK-3.1-cor,TauCeti.DavisKahan.halmosTargetDefect,4,0
DK1970,DK-3.1-cor,TauCeti.DavisKahan.halmosTrivialPart,3,0
DK1970,DK-3.1-cor,TauCeti.DavisKahan.instCompleteSpaceGenericLeftHalf,1,0
DK1970,DK-3.1-cor,TauCeti.DavisKahan.instCompleteSpaceSubtypeWithLpOfNatENNRealProdMemSubmoduleSourceSubspace,1,0
DK1970,DK-3.1-cor,TauCeti.DavisKahan.modelInl,1,0
DK1970,DK-3.1-cor,TauCeti.DavisKahan.modelInr,1,0
DK1970,DK-3.1-cor,TauCeti.DavisKahan.norm_angleCosSeq_le,3,0
DK1970,DK-3.1-cor,TauCeti.DavisKahan.norm_angleSinSeq_le,2,0
DK1970,DK-3.1-cor,TauCeti.DavisKahan.projection,1,0
DK1970,DK-3.1-cor,TauCeti.DavisKahan.sourceSubspace,1,0
DK1970,DK-3.1-cor,TauCeti.DavisKahanExt.compressOperator,2,0
DK1970,DK-3.1-cor,TauCeti.diagCoord,3,0
DK1970,DK-3.1-cor,TauCeti.diagOpLp,2,0
DK1970,DK-3.1-prop,ContinuousLinearMap.modulus,6,0
DK1970,DK-3.1-prop,ContinuousLinearMap.modulusCorestrict,6,0
DK1970,DK-3.1-prop,ContinuousLinearMap.modulus_apply_mem_polarInitial,7,0
DK1970,DK-3.1-prop,ContinuousLinearMap.polarInitial,5,0
DK1970,DK-3.1-prop,ContinuousLinearMap.polarPartial,4,0
DK1970,DK-3.1-prop,ContinuousLinearMap.polarPartialAux,5,0
DK1970,DK-3.1-prop,TauCeti.DavisKahan.complementaryProjection,4,0
DK1970,DK-3.1-prop,TauCeti.DavisKahan.projection,4,0
DK1970,DK-3.1-prop,TauCeti.DavisKahan.spectraCanonicalIntertwiner,3,0
DK1970,DK-3.1-prop,TauCeti.DavisKahan.spectraCanonicalPolarFactor,2,0
DK1970,DK-3.1-prop,TauCeti.DavisKahan.spectraPolarIsometry,3,0
DK1970,DK-3.1-prop,TauCeti.DavisKahan1970.acute_directRotation,1,0
DK1970,DK-3.1-prop,TauCeti.DavisKahan1970.proposition3_1_source,0,1
DK1970,DK-3.1-prop,TauCeti.IsAcute,1,0
DK1970,DK-3.1-thm,TauCeti.DavisKahan.Frontier.PairOfSubspacesUnitaryEquivalent,1,0
DK1970,DK-3.1-thm,TauCeti.DavisKahan.Frontier.SameSpectralMultiplicity,1,0
DK1970,DK-3.1-thm,TauCeti.DavisKahan.Frontier.Section3.SameHalmosTrivialDimensions,1,0
DK1970,DK-3.1-thm,TauCeti.DavisKahan.Frontier.Section3.theorem3_1_realization,0,1
DK1970,DK-3.1-thm,TauCeti.DavisKahan.Frontier.Section3.theorem3_1_spectralMultiplicity_classification,0,1
DK1970,DK-3.1-thm,TauCeti.DavisKahan.Frontier.Section3.theorem3_1_spectralMultiplicity_classification_real,0,1
DK1970,DK-3.1-thm,TauCeti.DavisKahan.HalmosAngleDatum,1,0
DK1970,DK-3.1-thm,TauCeti.DavisKahan.HalmosAngleDatum.cos₀,1,0
DK1970,DK-3.1-thm,TauCeti.DavisKahan.HalmosAngleDatum.cos₁,1,0
DK1970,DK-3.1-thm,TauCeti.DavisKahan.HalmosAngleDatum.instCompleteSpaceSubtypeWithLpOfNatENNRealProdMemSubmoduleTargetSubspace,1,0
DK1970,DK-3.1-thm,TauCeti.DavisKahan.HalmosAngleDatum.intertwiner,3,0
DK1970,DK-3.1-thm,TauCeti.DavisKahan.HalmosAngleDatum.realizingIsometry,2,0
DK1970,DK-3.1-thm,TauCeti.DavisKahan.HalmosAngleDatum.sin₀,1,0
DK1970,DK-3.1-thm,TauCeti.DavisKahan.HalmosAngleDatum.sin₁,1,0
DK1970,DK-3.1-thm,TauCeti.DavisKahan.HalmosAngleDatum.targetSubspace,1,0
DK1970,DK-3.1-thm,TauCeti.DavisKahan.genericCosineBlock,1,0
DK1970,DK-3.1-thm,TauCeti.DavisKahan.genericLeftHalf,1,0
DK1970,DK-3.1-thm,TauCeti.DavisKahan.halmosCommonPart,1,0
DK1970,DK-3.1-thm,TauCeti.DavisKahan.halmosExteriorPart,1,0
DK1970,DK-3.1-thm,TauCeti.DavisKahan.halmosGenericPart,2,0
DK1970,DK-3.1-thm,TauCeti.DavisKahan.halmosSourceDefect,1,0
DK1970,DK-3.1-thm,TauCeti.DavisKahan.halmosTargetDefect,1,0
DK1970,DK-3.1-thm,TauCeti.DavisKahan.halmosTrivialPart,3,0
DK1970,DK-3.1-thm,TauCeti.DavisKahan.instCompleteSpaceSubtypeWithLpOfNatENNRealProdMemSubmoduleSourceSubspace,1,0
DK1970,DK-3.1-thm,TauCeti.DavisKahan.modelInl,1,0
DK1970,DK-3.1-thm,TauCeti.DavisKahan.modelInr,1,0
DK1970,DK-3.1-thm,TauCeti.DavisKahan.sourceSubspace,1,0
DK1970,DK-3.1-thm,TauCeti.DavisKahanExt.compressOperator,2,0
DK1970,DK-3.1-thm,TauCeti.MeasureEquiv,2,0
DK1970,DK-3.1-thm,TauCeti.MultiplicityDatum,2,0
DK1970,DK-3.1-thm,TauCeti.MultiplicityDatum.base,2,0
DK1970,DK-3.1-thm,TauCeti.MultiplicityDatum.bound,3,0
DK1970,DK-3.1-thm,TauCeti.MultiplicityDatum.level,2,0
DK1970,DK-3.1-thm,TauCeti.MultiplicityDatum.measure,2,0
DK1970,DK-3.1-thm,TauCeti.MultiplicityDatum.operator,2,0
DK1970,DK-3.1-thm,TauCeti.OperatorUnitaryEquiv,2,0
DK1970,DK-3.1-thm,TauCeti.coordTrunc,4,0
DK1970,DK-3.1-thm,TauCeti.coordTruncField,3,0
DK1970,DK-3.1-thm,TauCeti.memLp_two_mul_field,4,0
DK1970,DK-3.1-thm,TauCeti.mulLpField,3,0
DK1970,DK-3.1-thm,TauCeti.norm_toLp_mul_field_le,4,0
DK1970,DK-3.1-thm,TauCeti.sliceMap,4,0
DK1970,DK-3.1-thm,TauCeti.sliceSum,3,0
DK1970,DK-3.2-cor,ContinuousLinearMap.modulus,2,0
DK1970,DK-3.2-cor,ContinuousLinearMap.modulusCorestrict,5,0
DK1970,DK-3.2-cor,ContinuousLinearMap.modulus_apply_mem_polarInitial,6,0
DK1970,DK-3.2-cor,ContinuousLinearMap.polarInitial,4,0
DK1970,DK-3.2-cor,ContinuousLinearMap.polarPartial,3,0
DK1970,DK-3.2-cor,ContinuousLinearMap.polarPartialAux,4,0
DK1970,DK-3.2-cor,Submodule.projectionGap,3,0
DK1970,DK-3.2-cor,TauCeti.DavisKahan.Foundation.RealComplexification.complexifySubmodule,2,0
DK1970,DK-3.2-cor,TauCeti.DavisKahan.Foundation.RealComplexification.instHasOrthogonalProjectionComplexifySubmodule,2,0
DK1970,DK-3.2-cor,TauCeti.DavisKahan.Frontier.Section3.corollary3_2_reversal_source_form,0,1
DK1970,DK-3.2-cor,TauCeti.DavisKahan.IsUniformlyAcute,1,0
DK1970,DK-3.2-cor,TauCeti.DavisKahan.IsUniformlyAcute.symm,1,0
DK1970,DK-3.2-cor,TauCeti.DavisKahan.IsUniformlyAcuteReal.symm,1,0
DK1970,DK-3.2-cor,TauCeti.DavisKahan.Proposition35.section3AngleOperator,2,0
DK1970,DK-3.2-cor,TauCeti.DavisKahan.Proposition35.section3CosAngleOperator,1,0
DK1970,DK-3.2-cor,TauCeti.DavisKahan.Proposition35.section3NonacuteQuarterTurn,2,0
DK1970,DK-3.2-cor,TauCeti.DavisKahan.Proposition35.section3SinAngleOperator,1,0
DK1970,DK-3.2-cor,TauCeti.DavisKahan.complementaryProjection,4,0
DK1970,DK-3.2-cor,TauCeti.DavisKahan.crossedDefectQuarterTurn,2,0
DK1970,DK-3.2-cor,TauCeti.DavisKahan.directRotationR,1,0
DK1970,DK-3.2-cor,TauCeti.DavisKahan.halmosSourceDefect,1,0
DK1970,DK-3.2-cor,TauCeti.DavisKahan.halmosTargetDefect,1,0
DK1970,DK-3.2-cor,TauCeti.DavisKahan.instHasOrthogonalProjectionHalmosSourceDefect,4,0
DK1970,DK-3.2-cor,TauCeti.DavisKahan.instHasOrthogonalProjectionHalmosTargetDefect,4,0
DK1970,DK-3.2-cor,TauCeti.DavisKahan.isUniformlyAcute_complexifySubmodule,2,0
DK1970,DK-3.2-cor,TauCeti.DavisKahan.nonacuteDirectRotation,1,0
DK1970,DK-3.2-cor,TauCeti.DavisKahan.projection,2,0
DK1970,DK-3.2-cor,TauCeti.DavisKahan.sourceToTargetDefect,3,0
DK1970,DK-3.2-cor,TauCeti.DavisKahan.spectraCanonicalIntertwiner,3,0
DK1970,DK-3.2-cor,TauCeti.DavisKahan.spectraCanonicalPolarFactor,2,0
DK1970,DK-3.2-cor,TauCeti.DavisKahan.spectraDirectRotation,1,0
DK1970,DK-3.2-cor,TauCeti.DavisKahan.spectraPolarIsometry,3,0
DK1970,DK-3.2-cor,TauCeti.DavisKahan.subspaceGap,2,0
DK1970,DK-3.2-cor,TauCeti.DavisKahan.swapCrossedDefectEquiv,1,0
DK1970,DK-3.2-cor,TauCeti.DavisKahan.targetToSourceDefect,3,0
DK1970,DK-3.2-cor,TauCeti.DavisKahan1970.complex_directRotation_reversal,0,1
DK1970,DK-3.2-cor,TauCeti.DavisKahan1970.corollary3_2_nonacute_directRotation_resolution,0,1
DK1970,DK-3.2-cor,TauCeti.DavisKahan1970.corollary3_2_paperQuarterTurn,1,0
DK1970,DK-3.2-cor,TauCeti.DavisKahan1970.corollary3_2_paperQuarterTurn_symm,0,1
DK1970,DK-3.2-cor,TauCeti.DavisKahan1970.corollary3_2_source,0,1
DK1970,DK-3.2-cor,TauCeti.DavisKahan1970.proposition3_5_angleOperator,1,0
DK1970,DK-3.2-cor,TauCeti.DavisKahan1970.real_directRotation_reversal,0,1
DK1970,DK-3.2-cor,TauCeti.RealComplexification,2,0
DK1970,DK-3.2-cor,TauCeti.RealComplexification.complexOperatorRealAlgebra,2,0
DK1970,DK-3.2-cor,TauCeti.RealComplexification.im,3,0
DK1970,DK-3.2-cor,TauCeti.RealComplexification.instAddCommGroup,3,0
DK1970,DK-3.2-cor,TauCeti.RealComplexification.instCompleteSpace,2,0
DK1970,DK-3.2-cor,TauCeti.RealComplexification.instInnerProductSpaceComplex,2,0
DK1970,DK-3.2-cor,TauCeti.RealComplexification.instModuleComplex,3,0
DK1970,DK-3.2-cor,TauCeti.RealComplexification.instModuleReal,3,0
DK1970,DK-3.2-cor,TauCeti.RealComplexification.instNormedAddCommGroup,2,0
DK1970,DK-3.2-cor,TauCeti.RealComplexification.instNormedSpaceComplex,3,0
DK1970,DK-3.2-cor,TauCeti.RealComplexification.instSMulComplex,4,0
DK1970,DK-3.2-cor,TauCeti.RealComplexification.instSMulReal,4,0
DK1970,DK-3.2-cor,TauCeti.RealComplexification.mk,4,0
DK1970,DK-3.2-cor,TauCeti.RealComplexification.ofReal,3,0
DK1970,DK-3.2-cor,TauCeti.RealComplexification.re,3,0
DK1970,DK-3.2-cor,TauCeti.RealComplexification.realContinuousFunctionalCalculus,2,0
DK1970,DK-3.2-cor,TauCeti.RealComplexification.realPartOperator,2,0
DK1970,DK-3.2-prop,TauCeti.DavisKahan.Frontier.CrossedDefectsEquivalent,1,0
DK1970,DK-3.2-prop,TauCeti.DavisKahan.Frontier.IsPaperDirectRotation,1,0
DK1970,DK-3.2-prop,TauCeti.DavisKahan.Frontier.Section3.proposition3_2_exists_iff_crossedDefectsEquivalent,0,1
DK1970,DK-3.2-prop,TauCeti.DavisKahan.Frontier.Section3.proposition3_2_exists_iff_crossedDefectsEquivalent_real,0,1
DK1970,DK-3.2-prop,TauCeti.DavisKahan.Frontier.Section3.proposition3_2_not_unique,0,1
DK1970,DK-3.2-prop,TauCeti.DavisKahan.Frontier.Section3.proposition3_2_not_unique_real,0,1
DK1970,DK-3.2-prop,TauCeti.DavisKahan.halmosSourceDefect,2,0
DK1970,DK-3.2-prop,TauCeti.DavisKahan.halmosTargetDefect,2,0
DK1970,DK-3.2-prop,TauCeti.IsAcute,1,0
DK1970,DK-3.3-prop,Submodule.reflectionOperator,2,0
DK1970,DK-3.3-prop,TauCeti.DavisKahan.Foundation.RealComplexification.complexifySubmodule,2,0
DK1970,DK-3.3-prop,TauCeti.DavisKahan.Foundation.RealComplexification.instHasOrthogonalProjectionComplexifySubmodule,2,0
DK1970,DK-3.3-prop,TauCeti.DavisKahan.Frontier.Section3.IsPrincipalUnitarySquareRoot,1,0
DK1970,DK-3.3-prop,TauCeti.DavisKahan.halmosSourceDefect,1,0
DK1970,DK-3.3-prop,TauCeti.DavisKahan.halmosTargetDefect,1,0
DK1970,DK-3.3-prop,TauCeti.DavisKahan.spectraReflectionProduct,1,0
DK1970,DK-3.3-prop,TauCeti.DavisKahan1970.IsRealPrincipalUnitarySquareRoot,1,0
DK1970,DK-3.3-prop,TauCeti.DavisKahan1970.proposition3_3_complex_converse_source,0,1
DK1970,DK-3.3-prop,TauCeti.DavisKahan1970.proposition3_3_complex_forward_source,0,1
DK1970,DK-3.3-prop,TauCeti.DavisKahan1970.proposition3_3_real_converse_source,0,1
DK1970,DK-3.3-prop,TauCeti.DavisKahan1970.proposition3_3_real_forward_source,0,1
DK1970,DK-3.3-prop,TauCeti.RealComplexification,2,0
DK1970,DK-3.3-prop,TauCeti.RealComplexification.complexify,2,0
DK1970,DK-3.3-prop,TauCeti.RealComplexification.im,3,0
DK1970,DK-3.3-prop,TauCeti.RealComplexification.instAddCommGroup,3,0
DK1970,DK-3.3-prop,TauCeti.RealComplexification.instCompleteSpace,2,0
DK1970,DK-3.3-prop,TauCeti.RealComplexification.instInnerProductSpaceComplex,2,0
DK1970,DK-3.3-prop,TauCeti.RealComplexification.instModuleComplex,3,0
DK1970,DK-3.3-prop,TauCeti.RealComplexification.instNormedAddCommGroup,2,0
DK1970,DK-3.3-prop,TauCeti.RealComplexification.instNormedSpaceComplex,3,0
DK1970,DK-3.3-prop,TauCeti.RealComplexification.instSMulComplex,4,0
DK1970,DK-3.3-prop,TauCeti.RealComplexification.mk,3,0
DK1970,DK-3.3-prop,TauCeti.RealComplexification.re,3,0
DK1970,DK-3.4-prop,ContinuousLinearMap.modulus,6,0
DK1970,DK-3.4-prop,ContinuousLinearMap.modulusCorestrict,6,0
DK1970,DK-3.4-prop,ContinuousLinearMap.modulus_apply_mem_polarInitial,7,0
DK1970,DK-3.4-prop,ContinuousLinearMap.polarInitial,5,0
DK1970,DK-3.4-prop,ContinuousLinearMap.polarPartial,4,0
DK1970,DK-3.4-prop,ContinuousLinearMap.polarPartialAux,5,0
DK1970,DK-3.4-prop,Submodule.projectionGap,3,0
DK1970,DK-3.4-prop,Submodule.reflectionOperator,2,0
DK1970,DK-3.4-prop,TauCeti.DavisKahan.Frontier.IsPaperDirectRotation,1,0
DK1970,DK-3.4-prop,TauCeti.DavisKahan.Frontier.Section3.proposition3_4_source_eq_directRotation,0,1
DK1970,DK-3.4-prop,TauCeti.DavisKahan.Frontier.Section3.proposition3_4_source_full,0,1
DK1970,DK-3.4-prop,TauCeti.DavisKahan.IsUniformlyAcute,1,0
DK1970,DK-3.4-prop,TauCeti.DavisKahan.complementaryProjection,1,0
DK1970,DK-3.4-prop,TauCeti.DavisKahan.projection,1,0
DK1970,DK-3.4-prop,TauCeti.DavisKahan.spectraCanonicalIntertwiner,3,0
DK1970,DK-3.4-prop,TauCeti.DavisKahan.spectraCanonicalPolarFactor,2,0
DK1970,DK-3.4-prop,TauCeti.DavisKahan.spectraDirectRotation,1,0
DK1970,DK-3.4-prop,TauCeti.DavisKahan.spectraPolarIsometry,3,0
DK1970,DK-3.4-prop,TauCeti.DavisKahan.subspaceGap,2,0
DK1970,DK-3.4-prop,TauCeti.DavisKahan1970.proposition3_4_source_full_complex,0,1
DK1970,DK-3.4-prop,TauCeti.DavisKahan1970.proposition3_4_source_full_real,0,1
DK1970,DK-3.4-prop,TauCeti.DavisKahanExt.reflectedSubspace,1,0
DK1970,DK-3.4-prop,TauCeti.DavisKahanExt.reflectedSubspace_hasOrthogonalProjection,1,0
DK1970,DK-3.5-prop,ContinuousLinearMap.Reduces,2,0
DK1970,DK-3.5-prop,ContinuousLinearMap.modulus,3,0
DK1970,DK-3.5-prop,ContinuousLinearMap.modulusCorestrict,5,0
DK1970,DK-3.5-prop,ContinuousLinearMap.modulus_apply_mem_polarInitial,6,0
DK1970,DK-3.5-prop,ContinuousLinearMap.polarInitial,4,0
DK1970,DK-3.5-prop,ContinuousLinearMap.polarPartial,3,0
DK1970,DK-3.5-prop,ContinuousLinearMap.polarPartialAux,4,0
DK1970,DK-3.5-prop,TauCeti.DavisKahan.Frontier.Section3.IsPrintedFixedCosineReducingSubspace,1,0
DK1970,DK-3.5-prop,TauCeti.DavisKahan.Frontier.Section3.fixedCosineSubspace,1,0
DK1970,DK-3.5-prop,TauCeti.DavisKahan.Proposition35.section3AngleEigenspace,2,0
DK1970,DK-3.5-prop,TauCeti.DavisKahan.Proposition35.section3AngleOperator,1,0
DK1970,DK-3.5-prop,TauCeti.DavisKahan.Proposition35.section3CosAngleOperator,3,0
DK1970,DK-3.5-prop,TauCeti.DavisKahan.Proposition35.section3DirectRotation,2,0
DK1970,DK-3.5-prop,TauCeti.DavisKahan.Proposition35.section3NonacuteQuarterTurn,2,0
DK1970,DK-3.5-prop,TauCeti.DavisKahan.Proposition35.section3QuarterTurn,2,0
DK1970,DK-3.5-prop,TauCeti.DavisKahan.Proposition35.section3SinAngleOperator,2,0
DK1970,DK-3.5-prop,TauCeti.DavisKahan.Proposition35.vectorAngle_nonacuteDirectRotation_eq_of_angleOperator_apply,0,1
DK1970,DK-3.5-prop,TauCeti.DavisKahan.complementaryProjection,2,0
DK1970,DK-3.5-prop,TauCeti.DavisKahan.crossedDefectQuarterTurn,2,0
DK1970,DK-3.5-prop,TauCeti.DavisKahan.halmosCosineSq,2,0
DK1970,DK-3.5-prop,TauCeti.DavisKahan.halmosSourceDefect,1,0
DK1970,DK-3.5-prop,TauCeti.DavisKahan.halmosTargetDefect,1,0
DK1970,DK-3.5-prop,TauCeti.DavisKahan.instHasOrthogonalProjectionHalmosSourceDefect,4,0
DK1970,DK-3.5-prop,TauCeti.DavisKahan.instHasOrthogonalProjectionHalmosTargetDefect,4,0
DK1970,DK-3.5-prop,TauCeti.DavisKahan.nonacuteDirectRotation,1,0
DK1970,DK-3.5-prop,TauCeti.DavisKahan.projection,1,0
DK1970,DK-3.5-prop,TauCeti.DavisKahan.sourceToTargetDefect,3,0
DK1970,DK-3.5-prop,TauCeti.DavisKahan.spectraCanonicalIntertwiner,3,0
DK1970,DK-3.5-prop,TauCeti.DavisKahan.spectraCanonicalPolarFactor,2,0
DK1970,DK-3.5-prop,TauCeti.DavisKahan.spectraPolarIsometry,3,0
DK1970,DK-3.5-prop,TauCeti.DavisKahan.targetToSourceDefect,3,0
DK1970,DK-3.5-prop,TauCeti.DavisKahan1970.corollary3_2_paperQuarterTurn,1,0
DK1970,DK-3.5-prop,TauCeti.DavisKahan1970.proposition3_5_angleEigenspace,1,0
DK1970,DK-3.5-prop,TauCeti.DavisKahan1970.proposition3_5_angleEigenspace_eq_fixedCosineSubspace,0,1
DK1970,DK-3.5-prop,TauCeti.DavisKahan1970.proposition3_5_angleEigenspace_uniqueMaximal,0,1
DK1970,DK-3.5-prop,TauCeti.DavisKahan1970.proposition3_5_angleOperator,1,0
DK1970,DK-3.5-prop,TauCeti.DavisKahan1970.proposition3_5_commutations,0,1
DK1970,DK-3.5-prop,TauCeti.DavisKahan1970.proposition3_5_commutations_acute,0,1
DK1970,DK-3.5-prop,TauCeti.DavisKahan1970.proposition3_5_directRotation,1,0
DK1970,DK-3.5-prop,TauCeti.DavisKahan1970.proposition3_5_eigenvector_angle,0,1
DK1970,DK-3.5-prop,TauCeti.DavisKahan1970.proposition3_5_eigenvector_angle_acute,0,1
DK1970,DK-3.5-prop,TauCeti.DavisKahan1970.proposition3_5_quarterTurn,1,0
DK1970,DK-3.5-prop,TauCeti.IsAcute,1,0
DK1970,DK-3.5-prop,TauCeti.vectorAngle,1,0
DK1970,DK-4.1-cor,ContinuousLinearMap.instContinuousFunctionalCalculusRealIsSelfAdjoint,1,0
DK1970,DK-4.1-cor,ContinuousLinearMap.modulus,6,0
DK1970,DK-4.1-cor,ContinuousLinearMap.modulusCorestrict,6,0
DK1970,DK-4.1-cor,ContinuousLinearMap.modulus_apply_mem_polarInitial,7,0
DK1970,DK-4.1-cor,ContinuousLinearMap.polarInitial,5,0
DK1970,DK-4.1-cor,ContinuousLinearMap.polarPartial,4,0
DK1970,DK-4.1-cor,ContinuousLinearMap.polarPartialAux,5,0
DK1970,DK-4.1-cor,TauCeti.DavisKahan.ExactSinTheta.KyFanDominantIdealFamily,1,0
DK1970,DK-4.1-cor,TauCeti.DavisKahan.ExactSinTheta.KyFanDominantIdealFamily.Mem,1,0
DK1970,DK-4.1-cor,TauCeti.DavisKahan.ExactSinTheta.KyFanDominantIdealFamily.gauge,1,0
DK1970,DK-4.1-cor,TauCeti.DavisKahan.ExactSinTheta.KyFanDominantIdealFamily.toSymmetricOperatorIdealFamily,2,0
DK1970,DK-4.1-cor,TauCeti.DavisKahan.complementaryProjection,4,0
DK1970,DK-4.1-cor,TauCeti.DavisKahan.crossedDefectQuarterTurn,2,0
DK1970,DK-4.1-cor,TauCeti.DavisKahan.halmosSourceDefect,1,0
DK1970,DK-4.1-cor,TauCeti.DavisKahan.halmosTargetDefect,1,0
DK1970,DK-4.1-cor,TauCeti.DavisKahan.instHasOrthogonalProjectionHalmosSourceDefect,4,0
DK1970,DK-4.1-cor,TauCeti.DavisKahan.instHasOrthogonalProjectionHalmosTargetDefect,4,0
DK1970,DK-4.1-cor,TauCeti.DavisKahan.nonacuteDirectRotation,1,0
DK1970,DK-4.1-cor,TauCeti.DavisKahan.projection,1,0
DK1970,DK-4.1-cor,TauCeti.DavisKahan.sourceToTargetDefect,3,0
DK1970,DK-4.1-cor,TauCeti.DavisKahan.spectraCanonicalIntertwiner,3,0
DK1970,DK-4.1-cor,TauCeti.DavisKahan.spectraCanonicalPolarFactor,2,0
DK1970,DK-4.1-cor,TauCeti.DavisKahan.spectraPolarIsometry,3,0
DK1970,DK-4.1-cor,TauCeti.DavisKahan.targetToSourceDefect,3,0
DK1970,DK-4.1-cor,TauCeti.DavisKahan1970.Corollary4_1_compact_nonacute,0,1
DK1970,DK-4.1-cor,TauCeti.DavisKahan1970.Corollary4_1_compact_nonacute_real,0,1
DK1970,DK-4.1-cor,TauCeti.DavisKahan1970.Corollary4_1_infiniteDimensional_nonacute,0,1
DK1970,DK-4.1-cor,TauCeti.OperatorIdealFamily,3,0
DK1970,DK-4.1-cor,TauCeti.OperatorIdealFamily.gauge,2,0
DK1970,DK-4.1-cor,TauCeti.SymmetricOperatorIdealFamily,3,0
DK1970,DK-4.1-cor,TauCeti.SymmetricOperatorIdealFamily.toOperatorIdealFamily,2,0
DK1970,DK-4.1-cor,TauCeti.principalSineOperator,1,0
DK1970,DK-4.1-prop,ContinuousLinearMap.approximationNumber,1,0
DK1970,DK-4.1-prop,ContinuousLinearMap.instContinuousFunctionalCalculusRealIsSelfAdjoint,1,0
DK1970,DK-4.1-prop,ContinuousLinearMap.modulus,6,0
DK1970,DK-4.1-prop,ContinuousLinearMap.modulusCorestrict,6,0
DK1970,DK-4.1-prop,ContinuousLinearMap.modulus_apply_mem_polarInitial,7,0
DK1970,DK-4.1-prop,ContinuousLinearMap.polarInitial,5,0
DK1970,DK-4.1-prop,ContinuousLinearMap.polarPartial,4,0
DK1970,DK-4.1-prop,ContinuousLinearMap.polarPartialAux,5,0
DK1970,DK-4.1-prop,TauCeti.DavisKahan.complementaryProjection,4,0
DK1970,DK-4.1-prop,TauCeti.DavisKahan.crossedDefectQuarterTurn,2,0
DK1970,DK-4.1-prop,TauCeti.DavisKahan.halmosSourceDefect,1,0
DK1970,DK-4.1-prop,TauCeti.DavisKahan.halmosTargetDefect,1,0
DK1970,DK-4.1-prop,TauCeti.DavisKahan.instHasOrthogonalProjectionHalmosSourceDefect,4,0
DK1970,DK-4.1-prop,TauCeti.DavisKahan.instHasOrthogonalProjectionHalmosTargetDefect,4,0
DK1970,DK-4.1-prop,TauCeti.DavisKahan.nonacuteDirectRotation,1,0
DK1970,DK-4.1-prop,TauCeti.DavisKahan.projection,1,0
DK1970,DK-4.1-prop,TauCeti.DavisKahan.sourceToTargetDefect,3,0
DK1970,DK-4.1-prop,TauCeti.DavisKahan.spectraCanonicalIntertwiner,3,0
DK1970,DK-4.1-prop,TauCeti.DavisKahan.spectraCanonicalPolarFactor,2,0
DK1970,DK-4.1-prop,TauCeti.DavisKahan.spectraPolarIsometry,3,0
DK1970,DK-4.1-prop,TauCeti.DavisKahan.targetToSourceDefect,3,0
DK1970,DK-4.1-prop,TauCeti.DavisKahan1970.Proposition4_1_compact_nonacute,0,1
DK1970,DK-4.1-prop,TauCeti.DavisKahan1970.Proposition4_1_compact_nonacute_directRotationValues,0,1
DK1970,DK-4.1-prop,TauCeti.DavisKahan1970.Proposition4_1_compact_nonacute_directRotationValues_real,0,1
DK1970,DK-4.1-prop,TauCeti.DavisKahan1970.Proposition4_1_compact_nonacute_real,0,1
DK1970,DK-4.1-prop,TauCeti.principalAngleSequence,1,0
DK1970,DK-4.1-prop,TauCeti.principalSineOperator,1,0
DK1970,DK-4.1-prop,TauCeti.principalSineSequence,1,0
DK1970,DK-4.1-prop,TauCeti.vectorAngle,1,0
DK1970,DK-4.2-prop,ContinuousLinearMap.approximationNumber,3,0
DK1970,DK-4.2-prop,TauCeti.DavisKahan.Section4.displacementAngleSineSq,1,0
DK1970,DK-4.2-prop,TauCeti.DavisKahan.projection,1,0
DK1970,DK-4.2-prop,TauCeti.DavisKahan1970.Proposition4_2_infiniteDimensional,0,1
DK1970,DK-4.2-prop,TauCeti.DavisKahan1970.displacementAngleSineSqR,1,0
DK1970,DK-4.2-prop,TauCeti.DavisKahan1970.tsum_displacementAngleSineSqR_ge_tsum_sq_sin_principalAngleSequence,0,1
DK1970,DK-4.2-prop,TauCeti.principalAngleSequence,1,0
DK1970,DK-4.2-prop,TauCeti.principalSineOperator,3,0
DK1970,DK-4.2-prop,TauCeti.principalSineSequence,2,0
DK1970,DK-4.3-prop,ContinuousLinearMap.instContinuousFunctionalCalculusRealIsSelfAdjoint,1,0
DK1970,DK-4.3-prop,ContinuousLinearMap.modulus,6,0
DK1970,DK-4.3-prop,ContinuousLinearMap.modulusCorestrict,6,0
DK1970,DK-4.3-prop,ContinuousLinearMap.modulus_apply_mem_polarInitial,7,0
DK1970,DK-4.3-prop,ContinuousLinearMap.polarInitial,5,0
DK1970,DK-4.3-prop,ContinuousLinearMap.polarPartial,4,0
DK1970,DK-4.3-prop,ContinuousLinearMap.polarPartialAux,5,0
DK1970,DK-4.3-prop,TauCeti.DavisKahan.ExactSinTheta.KyFanDominantIdealFamily,1,0
DK1970,DK-4.3-prop,TauCeti.DavisKahan.ExactSinTheta.KyFanDominantIdealFamily.Mem,1,0
DK1970,DK-4.3-prop,TauCeti.DavisKahan.ExactSinTheta.KyFanDominantIdealFamily.gauge,1,0
DK1970,DK-4.3-prop,TauCeti.DavisKahan.ExactSinTheta.KyFanDominantIdealFamily.toSymmetricOperatorIdealFamily,2,0
DK1970,DK-4.3-prop,TauCeti.DavisKahan.complementaryProjection,4,0
DK1970,DK-4.3-prop,TauCeti.DavisKahan.crossedDefectQuarterTurn,2,0
DK1970,DK-4.3-prop,TauCeti.DavisKahan.halmosSourceDefect,1,0
DK1970,DK-4.3-prop,TauCeti.DavisKahan.halmosTargetDefect,1,0
DK1970,DK-4.3-prop,TauCeti.DavisKahan.instHasOrthogonalProjectionHalmosSourceDefect,4,0
DK1970,DK-4.3-prop,TauCeti.DavisKahan.instHasOrthogonalProjectionHalmosTargetDefect,4,0
DK1970,DK-4.3-prop,TauCeti.DavisKahan.nonacuteDirectRotation,1,0
DK1970,DK-4.3-prop,TauCeti.DavisKahan.projection,1,0
DK1970,DK-4.3-prop,TauCeti.DavisKahan.sourceToTargetDefect,3,0
DK1970,DK-4.3-prop,TauCeti.DavisKahan.spectraCanonicalIntertwiner,3,0
DK1970,DK-4.3-prop,TauCeti.DavisKahan.spectraCanonicalPolarFactor,2,0
DK1970,DK-4.3-prop,TauCeti.DavisKahan.spectraPolarIsometry,3,0
DK1970,DK-4.3-prop,TauCeti.DavisKahan.targetToSourceDefect,3,0
DK1970,DK-4.3-prop,TauCeti.DavisKahan1970.Proposition4_3_compact_nonacute_idealGauge,0,1
DK1970,DK-4.3-prop,TauCeti.DavisKahan1970.Proposition4_3_compact_nonacute_real_idealGauge,0,1
DK1970,DK-4.3-prop,TauCeti.OperatorIdealFamily,3,0
DK1970,DK-4.3-prop,TauCeti.OperatorIdealFamily.gauge,2,0
DK1970,DK-4.3-prop,TauCeti.SymmetricOperatorIdealFamily,3,0
DK1970,DK-4.3-prop,TauCeti.SymmetricOperatorIdealFamily.toOperatorIdealFamily,2,0
DK1970,DK-4.3-prop,TauCeti.principalSineOperator,1,0
DK1970,DK-4.4-prop,LinearMap.IsPositive.sqrt,6,0
DK1970,DK-4.4-prop,TauCeti.DavisKahanTheory.DavisKahanProposition4_4_Finite,0,1
DK1970,DK-4.4-prop,TauCeti.DavisKahanTheory.canonicalIntertwiner,2,0
DK1970,DK-4.4-prop,TauCeti.DavisKahanTheory.canonicalIntertwiner_isUnit_of_acute,2,0
DK1970,DK-4.4-prop,TauCeti.DavisKahanTheory.directRotation,1,0
DK1970,DK-4.4-prop,TauCeti.DavisKahanTheory.not_davisKahanProposition4_4_Finite,0,1
DK1970,DK-4.4-prop,TauCeti.DavisKahanTheory.shortRotation_fullDisplacement_refuted,0,1
DK1970,DK-4.4-prop,TauCeti.IsAcute,1,0
DK1970,DK-4.4-prop,TauCeti.UnitarilyInvariantSeminorm,1,0
DK1970,DK-4.4-prop,TauCeti.UnitarilyInvariantSeminorm.toFun,1,0
DK1970,DK-4.4-prop,TauCeti.complementaryProjection,3,0
DK1970,DK-4.4-prop,TauCeti.kyFanSum,1,0
DK1970,DK-4.4-prop,TauCeti.operatorAbs,5,0
DK1970,DK-4.4-prop,TauCeti.operatorAbsRestrict,4,0
DK1970,DK-4.4-prop,TauCeti.operatorAbs_apply_mem_orthogonal_ker,5,0
DK1970,DK-4.4-prop,TauCeti.polarFactor,3,0
DK1970,DK-4.4-prop,TauCeti.polarUnitaryEquiv,2,0
DK1970,DK-4.4-prop,TauCeti.principalAngles,1,0
DK1970,DK-4.4-prop,TauCeti.principalSines,2,0
DK1970,DK-4.4-prop,TauCeti.projection,3,0
DK1970,DK-4.4-prop,TauCeti.selfAdjointFunctionalCalculus,7,0
DK1970,DK-4.4-prop,TauCeti.sinThetaMap,3,0
DK1970,DK-5.1-lem,ContinuousLinearMap.approximationNumber,2,0
DK1970,DK-5.1-lem,TauCeti.ApproximationNumber.IsOrthogonalProjectionMap,1,0
DK1970,DK-5.1-lem,TauCeti.ApproximationNumber.StronglyTendsto,1,0
DK1970,DK-5.1-lem,TauCeti.ApproximationNumber.approximationSingularValue,1,0
DK1970,DK-5.1-lem,TauCeti.DavisKahan.ExactSinTheta.HasApproximationNumberStrongCutoff,1,0
DK1970,DK-5.1-lem,TauCeti.DavisKahan1970.Lemma5_1,0,1
DK1970,DK-5.1-thm,TauCeti.DavisKahan.Frontier.RemainingSourceSurface.CompatibleCrossOperatorNorm,1,0
DK1970,DK-5.1-thm,TauCeti.DavisKahan.Frontier.RemainingSourceSurface.CompatibleCrossOperatorNorm.toFun,1,0
DK1970,DK-5.1-thm,TauCeti.DavisKahan1970.banach_sylvester_lower_bound_exact,0,1
DK1970,DK-5.1-thm,TauCeti.DavisKahan1970.banach_sylvester_lower_bound_uiNorm,0,1
DK1970,DK-5.2-thm,TauCeti.DavisKahan.ExactSinTheta.ClosedOperatorE,2,0
DK1970,DK-5.2-thm,TauCeti.DavisKahan.ExactSinTheta.ClosedOperatorF,2,0
DK1970,DK-5.2-thm,TauCeti.DavisKahan.ExactSinTheta.ClosedSylvesterEquation,2,0
DK1970,DK-5.2-thm,TauCeti.DavisKahan.ExactSinTheta.FormBoundedSylvesterGap,1,0
DK1970,DK-5.2-thm,TauCeti.DavisKahan.ExactSinTheta.HasClosedSylvesterEquation,1,0
DK1970,DK-5.2-thm,TauCeti.DavisKahan.ExactSinTheta.KyFanDominantIdealFamily,1,0
DK1970,DK-5.2-thm,TauCeti.DavisKahan.ExactSinTheta.KyFanDominantIdealFamily.Mem,1,0
DK1970,DK-5.2-thm,TauCeti.DavisKahan.ExactSinTheta.KyFanDominantIdealFamily.gauge,1,0
DK1970,DK-5.2-thm,TauCeti.DavisKahan.ExactSinTheta.KyFanDominantIdealFamily.toSymmetricOperatorIdealFamily,2,0
DK1970,DK-5.2-thm,TauCeti.DavisKahan.ExactSinTheta.SemiboundedAbove,1,0
DK1970,DK-5.2-thm,TauCeti.DavisKahan.ExactSinTheta.SemiboundedBelow,1,0
DK1970,DK-5.2-thm,TauCeti.DavisKahan.ExactSinTheta.davisKahan1970_sylvester_real,0,1
DK1970,DK-5.2-thm,TauCeti.DavisKahan.ExactSinTheta.linearPMap_FormBoundedSylvesterGap,2,0
DK1970,DK-5.2-thm,TauCeti.DavisKahan1970.Theorem5_2,0,1
DK1970,DK-5.2-thm,TauCeti.DavisKahanExt.ClosedOperator,1,0
DK1970,DK-5.2-thm,TauCeti.DavisKahanExt.ClosedOperator.IsSelfAdjoint,1,0
DK1970,DK-5.2-thm,TauCeti.DavisKahanExt.ClosedOperator.domain,3,0
DK1970,DK-5.2-thm,TauCeti.DavisKahanExt.ClosedOperator.toLinearMap,3,0
DK1970,DK-5.2-thm,TauCeti.DavisKahanExt.ClosedOperator.toLinearPMap,2,0
DK1970,DK-5.2-thm,TauCeti.LinearPMap.SemiboundedAbove,2,0
DK1970,DK-5.2-thm,TauCeti.LinearPMap.SemiboundedBelow,2,0
DK1970,DK-5.2-thm,TauCeti.LinearPMap.SylvesterEquation,3,0
DK1970,DK-5.2-thm,TauCeti.OperatorIdealFamily,3,0
DK1970,DK-5.2-thm,TauCeti.OperatorIdealFamily.gauge,2,0
DK1970,DK-5.2-thm,TauCeti.SymmetricOperatorIdealFamily,3,0
DK1970,DK-5.2-thm,TauCeti.SymmetricOperatorIdealFamily.toOperatorIdealFamily,2,0
DK1970,DK-6.1-lem,ContinuousLinearMap.HasMinMaxLowerBoundEverywhere,1,0
DK1970,DK-6.1-lem,ContinuousLinearMap.HasSameApproximationNumbers,3,0
DK1970,DK-6.1-lem,ContinuousLinearMap.approximationNumber,3,0
DK1970,DK-6.1-lem,ContinuousLinearMap.kyFanGauge,2,0
DK1970,DK-6.1-lem,TauCeti.ApproximationNumber.approximationSingularValue,4,0
DK1970,DK-6.1-lem,TauCeti.ApproximationNumber.kyFanApproximationGauge,1,0
DK1970,DK-6.1-lem,TauCeti.DavisKahan.ExactSinTheta.PaperUnitaryInvariantNorm,1,0
DK1970,DK-6.1-lem,TauCeti.DavisKahan.ExactSinTheta.PaperUnitaryInvariantNorm.approximationPrefix,3,0
DK1970,DK-6.1-lem,TauCeti.DavisKahan.ExactSinTheta.PaperUnitaryInvariantNorm.extendedGauge,1,0
DK1970,DK-6.1-lem,TauCeti.DavisKahan.ExactSinTheta.PaperUnitaryInvariantNorm.finiteGauge,3,0
DK1970,DK-6.1-lem,TauCeti.DavisKahan.ExactSinTheta.PaperUnitaryInvariantNorm.finiteNorm,4,0
DK1970,DK-6.1-lem,TauCeti.DavisKahan.ExactSinTheta.PaperUnitaryInvariantNorm.prefixGauge,2,0
DK1970,DK-6.1-lem,TauCeti.DavisKahan.ExactSinTheta.SameApproximationSingularSequence,2,0
DK1970,DK-6.1-lem,TauCeti.DavisKahan.ExactSinTheta.SameApproximationSingularValues,1,0
DK1970,DK-6.1-lem,TauCeti.DavisKahan.ExactSinTheta.paperProjectionBlock,1,0
DK1970,DK-6.1-lem,TauCeti.DavisKahan1970.lemma6_1,0,1
DK1970,DK-6.1-lem,TauCeti.DavisKahan1970.lemma6_1_converse,0,1
DK1970,DK-6.1-lem,TauCeti.UnitarilyInvariantSeminorm,5,0
DK1970,DK-6.1-lem,TauCeti.UnitarilyInvariantSeminorm.gauge,4,0
DK1970,DK-6.1-lem,TauCeti.UnitarilyInvariantSeminorm.toFun,5,0
DK1970,DK-6.1-lem,TauCeti.diagOp,5,0
DK1970,DK-6.1-prop,ContinuousLinearMap.approximationNumber,6,0
DK1970,DK-6.1-prop,ContinuousLinearMap.modulus,4,0
DK1970,DK-6.1-prop,TauCeti.ApproximationNumber.approximationSingularValue,5,0
DK1970,DK-6.1-prop,TauCeti.DavisKahan.ExactSinTheta.PaperRealSymmetricSinThetaProblem,1,0
DK1970,DK-6.1-prop,TauCeti.DavisKahan.ExactSinTheta.PaperRealSymmetricSinThetaProblem.A,2,0
DK1970,DK-6.1-prop,TauCeti.DavisKahan.ExactSinTheta.PaperRealSymmetricSinThetaProblem.B,2,0
DK1970,DK-6.1-prop,TauCeti.DavisKahan.ExactSinTheta.PaperRealSymmetricSinThetaProblem.U,1,0
DK1970,DK-6.1-prop,TauCeti.DavisKahan.ExactSinTheta.PaperRealSymmetricSinThetaProblem.V,1,0
DK1970,DK-6.1-prop,TauCeti.DavisKahan.ExactSinTheta.PaperRealSymmetricSinThetaProblem.gap,1,0
DK1970,DK-6.1-prop,TauCeti.DavisKahan.ExactSinTheta.PaperRealSymmetricSinThetaProblem.perturbation,1,0
DK1970,DK-6.1-prop,TauCeti.DavisKahan.ExactSinTheta.PaperRealSymmetricSinThetaProblem.proj_U,1,0
DK1970,DK-6.1-prop,TauCeti.DavisKahan.ExactSinTheta.PaperRealSymmetricSinThetaProblem.proj_V,1,0
DK1970,DK-6.1-prop,TauCeti.DavisKahan.ExactSinTheta.PaperSymmetricSinThetaProblem,1,0
DK1970,DK-6.1-prop,TauCeti.DavisKahan.ExactSinTheta.PaperSymmetricSinThetaProblem.A,2,0
DK1970,DK-6.1-prop,TauCeti.DavisKahan.ExactSinTheta.PaperSymmetricSinThetaProblem.B,2,0
DK1970,DK-6.1-prop,TauCeti.DavisKahan.ExactSinTheta.PaperSymmetricSinThetaProblem.U,1,0
DK1970,DK-6.1-prop,TauCeti.DavisKahan.ExactSinTheta.PaperSymmetricSinThetaProblem.V,1,0
DK1970,DK-6.1-prop,TauCeti.DavisKahan.ExactSinTheta.PaperSymmetricSinThetaProblem.gap,1,0
DK1970,DK-6.1-prop,TauCeti.DavisKahan.ExactSinTheta.PaperSymmetricSinThetaProblem.perturbation,1,0
DK1970,DK-6.1-prop,TauCeti.DavisKahan.ExactSinTheta.PaperSymmetricSinThetaProblem.proj_U,1,0
DK1970,DK-6.1-prop,TauCeti.DavisKahan.ExactSinTheta.PaperSymmetricSinThetaProblem.proj_V,1,0
DK1970,DK-6.1-prop,TauCeti.DavisKahan.ExactSinTheta.PaperUnitaryInvariantNorm,1,0
DK1970,DK-6.1-prop,TauCeti.DavisKahan.ExactSinTheta.PaperUnitaryInvariantNorm.Mem,1,0
DK1970,DK-6.1-prop,TauCeti.DavisKahan.ExactSinTheta.PaperUnitaryInvariantNorm.approximationPrefix,4,0
DK1970,DK-6.1-prop,TauCeti.DavisKahan.ExactSinTheta.PaperUnitaryInvariantNorm.extendedGauge,2,0
DK1970,DK-6.1-prop,TauCeti.DavisKahan.ExactSinTheta.PaperUnitaryInvariantNorm.finiteGauge,4,0
DK1970,DK-6.1-prop,TauCeti.DavisKahan.ExactSinTheta.PaperUnitaryInvariantNorm.finiteNorm,5,0
DK1970,DK-6.1-prop,TauCeti.DavisKahan.ExactSinTheta.PaperUnitaryInvariantNorm.gauge,1,0
DK1970,DK-6.1-prop,TauCeti.DavisKahan.ExactSinTheta.PaperUnitaryInvariantNorm.prefixGauge,3,0
DK1970,DK-6.1-prop,TauCeti.DavisKahan.ExactSinTheta.paperCrossSineSum,1,0
DK1970,DK-6.1-prop,TauCeti.DavisKahan1970.Proposition6_1,0,1
DK1970,DK-6.1-prop,TauCeti.DavisKahan1970.Proposition6_1_real,0,1
DK1970,DK-6.1-prop,TauCeti.DavisKahanExt.paperAngleOperatorC,2,0
DK1970,DK-6.1-prop,TauCeti.DavisKahanExt.paperSinAngleOperatorC,1,0
DK1970,DK-6.1-prop,TauCeti.DavisKahanExt.sinAngleOperatorC,3,0
DK1970,DK-6.1-prop,TauCeti.UnitarilyInvariantSeminorm,6,0
DK1970,DK-6.1-prop,TauCeti.UnitarilyInvariantSeminorm.gauge,5,0
DK1970,DK-6.1-prop,TauCeti.UnitarilyInvariantSeminorm.toFun,6,0
DK1970,DK-6.1-prop,TauCeti.diagOp,6,0
DK1970,DK-6.1-thm,ContinuousLinearMap.approximationNumber,6,0
DK1970,DK-6.1-thm,TauCeti.ApproximationNumber.approximationSingularValue,5,0
DK1970,DK-6.1-thm,TauCeti.DavisKahan.ExactSinTheta.ClosedOperatorAmbient,4,0
DK1970,DK-6.1-thm,TauCeti.DavisKahan.ExactSinTheta.ClosedOperatorComplement,4,0
DK1970,DK-6.1-thm,TauCeti.DavisKahan.ExactSinTheta.ClosedOperatorTrial,4,0
DK1970,DK-6.1-thm,TauCeti.DavisKahan.ExactSinTheta.FormBoundedSylvesterGap,3,0
DK1970,DK-6.1-thm,TauCeti.DavisKahan.ExactSinTheta.HasPaperCommonDomain,4,0
DK1970,DK-6.1-thm,TauCeti.DavisKahan.ExactSinTheta.HasPaperCommonDomain.maps_domain,4,0
DK1970,DK-6.1-thm,TauCeti.DavisKahan.ExactSinTheta.LowerFrameBound,3,0
DK1970,DK-6.1-thm,TauCeti.DavisKahan.ExactSinTheta.LowerFramePolarData,4,0
DK1970,DK-6.1-thm,TauCeti.DavisKahan.ExactSinTheta.LowerFramePolarData.invSqrt,5,0
DK1970,DK-6.1-thm,TauCeti.DavisKahan.ExactSinTheta.OrthogonalExactDecomposition,3,0
DK1970,DK-6.1-thm,TauCeti.DavisKahan.ExactSinTheta.PaperCommonCoreResidualData,4,0
DK1970,DK-6.1-thm,TauCeti.DavisKahan.ExactSinTheta.PaperCommonCoreResidualData.maps_domain,4,0
DK1970,DK-6.1-thm,TauCeti.DavisKahan.ExactSinTheta.PaperCommonCoreResidualData.residual_eq,4,0
DK1970,DK-6.1-thm,TauCeti.DavisKahan.ExactSinTheta.PaperCommonCoreSinThetaData,2,0
DK1970,DK-6.1-thm,TauCeti.DavisKahan.ExactSinTheta.PaperCommonCoreSinThetaData.A,3,0
DK1970,DK-6.1-thm,TauCeti.DavisKahan.ExactSinTheta.PaperCommonCoreSinThetaData.A₀,3,0
DK1970,DK-6.1-thm,TauCeti.DavisKahan.ExactSinTheta.PaperCommonCoreSinThetaData.E₀,3,0
DK1970,DK-6.1-thm,TauCeti.DavisKahan.ExactSinTheta.PaperCommonCoreSinThetaData.F₀,2,0
DK1970,DK-6.1-thm,TauCeti.DavisKahan.ExactSinTheta.PaperCommonCoreSinThetaData.F₁,3,0
DK1970,DK-6.1-thm,TauCeti.DavisKahan.ExactSinTheta.PaperCommonCoreSinThetaData.F₁_intertwines,3,0
DK1970,DK-6.1-thm,TauCeti.DavisKahan.ExactSinTheta.PaperCommonCoreSinThetaData.F₁_maps_domain,3,0
DK1970,DK-6.1-thm,TauCeti.DavisKahan.ExactSinTheta.PaperCommonCoreSinThetaData.R,1,0
DK1970,DK-6.1-thm,TauCeti.DavisKahan.ExactSinTheta.PaperCommonCoreSinThetaData.core_residual,3,0
DK1970,DK-6.1-thm,TauCeti.DavisKahan.ExactSinTheta.PaperCommonCoreSinThetaData.toUnboundedSinThetaData,2,0
DK1970,DK-6.1-thm,TauCeti.DavisKahan.ExactSinTheta.PaperCommonCoreSinThetaData.Λ₁,3,0
DK1970,DK-6.1-thm,TauCeti.DavisKahan.ExactSinTheta.PaperCommonDomainSinThetaData,2,0
DK1970,DK-6.1-thm,TauCeti.DavisKahan.ExactSinTheta.PaperCommonDomainSinThetaData.A,3,0
DK1970,DK-6.1-thm,TauCeti.DavisKahan.ExactSinTheta.PaperCommonDomainSinThetaData.A₀,3,0
DK1970,DK-6.1-thm,TauCeti.DavisKahan.ExactSinTheta.PaperCommonDomainSinThetaData.E₀,3,0
DK1970,DK-6.1-thm,TauCeti.DavisKahan.ExactSinTheta.PaperCommonDomainSinThetaData.F₀,2,0
DK1970,DK-6.1-thm,TauCeti.DavisKahan.ExactSinTheta.PaperCommonDomainSinThetaData.F₁,3,0
DK1970,DK-6.1-thm,TauCeti.DavisKahan.ExactSinTheta.PaperCommonDomainSinThetaData.F₁_intertwines,3,0
DK1970,DK-6.1-thm,TauCeti.DavisKahan.ExactSinTheta.PaperCommonDomainSinThetaData.F₁_maps_domain,3,0
DK1970,DK-6.1-thm,TauCeti.DavisKahan.ExactSinTheta.PaperCommonDomainSinThetaData.R,1,0
DK1970,DK-6.1-thm,TauCeti.DavisKahan.ExactSinTheta.PaperCommonDomainSinThetaData.common_domain,3,0
DK1970,DK-6.1-thm,TauCeti.DavisKahan.ExactSinTheta.PaperCommonDomainSinThetaData.residual_on_common_domain,3,0
DK1970,DK-6.1-thm,TauCeti.DavisKahan.ExactSinTheta.PaperCommonDomainSinThetaData.toUnboundedSinThetaData,2,0
DK1970,DK-6.1-thm,TauCeti.DavisKahan.ExactSinTheta.PaperCommonDomainSinThetaData.Λ₁,3,0
DK1970,DK-6.1-thm,TauCeti.DavisKahan.ExactSinTheta.PaperRealCommonCoreTheorem61Data,1,0
DK1970,DK-6.1-thm,TauCeti.DavisKahan.ExactSinTheta.PaperRealCommonCoreTheorem61Data.epsilon,1,0
DK1970,DK-6.1-thm,TauCeti.DavisKahan.ExactSinTheta.PaperRealCommonCoreTheorem61Data.epsilon_pos,2,0
DK1970,DK-6.1-thm,TauCeti.DavisKahan.ExactSinTheta.PaperRealCommonCoreTheorem61Data.gap,1,0
DK1970,DK-6.1-thm,TauCeti.DavisKahan.ExactSinTheta.PaperRealCommonCoreTheorem61Data.gap_pos,2,0
DK1970,DK-6.1-thm,TauCeti.DavisKahan.ExactSinTheta.PaperRealCommonCoreTheorem61Data.lower_frame,2,0
DK1970,DK-6.1-thm,TauCeti.DavisKahan.ExactSinTheta.PaperRealCommonCoreTheorem61Data.source,1,0
DK1970,DK-6.1-thm,TauCeti.DavisKahan.ExactSinTheta.PaperRealCommonCoreTheorem61Data.spectral_gap,2,0
DK1970,DK-6.1-thm,TauCeti.DavisKahan.ExactSinTheta.PaperRealCommonCoreTheorem61Data.toPaperRealTheorem61Data,1,0
DK1970,DK-6.1-thm,TauCeti.DavisKahan.ExactSinTheta.PaperRealCommonDomainTheorem61Data,1,0
DK1970,DK-6.1-thm,TauCeti.DavisKahan.ExactSinTheta.PaperRealCommonDomainTheorem61Data.epsilon,1,0
DK1970,DK-6.1-thm,TauCeti.DavisKahan.ExactSinTheta.PaperRealCommonDomainTheorem61Data.epsilon_pos,2,0
DK1970,DK-6.1-thm,TauCeti.DavisKahan.ExactSinTheta.PaperRealCommonDomainTheorem61Data.gap,1,0
DK1970,DK-6.1-thm,TauCeti.DavisKahan.ExactSinTheta.PaperRealCommonDomainTheorem61Data.gap_pos,2,0
DK1970,DK-6.1-thm,TauCeti.DavisKahan.ExactSinTheta.PaperRealCommonDomainTheorem61Data.lower_frame,2,0
DK1970,DK-6.1-thm,TauCeti.DavisKahan.ExactSinTheta.PaperRealCommonDomainTheorem61Data.source,1,0
DK1970,DK-6.1-thm,TauCeti.DavisKahan.ExactSinTheta.PaperRealCommonDomainTheorem61Data.spectral_gap,2,0
DK1970,DK-6.1-thm,TauCeti.DavisKahan.ExactSinTheta.PaperRealCommonDomainTheorem61Data.toPaperTheorem61Data,1,0
DK1970,DK-6.1-thm,TauCeti.DavisKahan.ExactSinTheta.PaperRealTheorem61Data,1,0
DK1970,DK-6.1-thm,TauCeti.DavisKahan.ExactSinTheta.PaperRealTheorem61Data.canonicalSinTheta,1,0
DK1970,DK-6.1-thm,TauCeti.DavisKahan.ExactSinTheta.PaperRealTheorem61Data.data,1,0
DK1970,DK-6.1-thm,TauCeti.DavisKahan.ExactSinTheta.PaperRealTheorem61Data.exactMap,2,0
DK1970,DK-6.1-thm,TauCeti.DavisKahan.ExactSinTheta.PaperRealTheorem61Data.frameLowerBound,1,0
DK1970,DK-6.1-thm,TauCeti.DavisKahan.ExactSinTheta.PaperRealTheorem61Data.frameLowerBound_pos,2,0
DK1970,DK-6.1-thm,TauCeti.DavisKahan.ExactSinTheta.PaperRealTheorem61Data.gap,1,0
DK1970,DK-6.1-thm,TauCeti.DavisKahan.ExactSinTheta.PaperRealTheorem61Data.lowerFrame,2,0
DK1970,DK-6.1-thm,TauCeti.DavisKahan.ExactSinTheta.PaperRealTheorem61Data.mk,2,0
DK1970,DK-6.1-thm,TauCeti.DavisKahan.ExactSinTheta.PaperSinThetaRepresentativeAcross,1,0
DK1970,DK-6.1-thm,TauCeti.DavisKahan.ExactSinTheta.PaperSinThetaRepresentativeAcross.operator,1,0
DK1970,DK-6.1-thm,TauCeti.DavisKahan.ExactSinTheta.PaperTheorem61Data,1,0
DK1970,DK-6.1-thm,TauCeti.DavisKahan.ExactSinTheta.PaperTheorem61Data.canonicalSinTheta,1,0
DK1970,DK-6.1-thm,TauCeti.DavisKahan.ExactSinTheta.PaperTheorem61Data.data,1,0
DK1970,DK-6.1-thm,TauCeti.DavisKahan.ExactSinTheta.PaperTheorem61Data.exactMap,2,0
DK1970,DK-6.1-thm,TauCeti.DavisKahan.ExactSinTheta.PaperTheorem61Data.frameLowerBound,1,0
DK1970,DK-6.1-thm,TauCeti.DavisKahan.ExactSinTheta.PaperTheorem61Data.frameLowerBound_pos,2,0
DK1970,DK-6.1-thm,TauCeti.DavisKahan.ExactSinTheta.PaperTheorem61Data.gap,1,0
DK1970,DK-6.1-thm,TauCeti.DavisKahan.ExactSinTheta.PaperTheorem61Data.lowerFrame,2,0
DK1970,DK-6.1-thm,TauCeti.DavisKahan.ExactSinTheta.PaperUnitaryInvariantNorm,1,0
DK1970,DK-6.1-thm,TauCeti.DavisKahan.ExactSinTheta.PaperUnitaryInvariantNorm.Mem,1,0
DK1970,DK-6.1-thm,TauCeti.DavisKahan.ExactSinTheta.PaperUnitaryInvariantNorm.approximationPrefix,4,0
DK1970,DK-6.1-thm,TauCeti.DavisKahan.ExactSinTheta.PaperUnitaryInvariantNorm.extendedGauge,2,0
DK1970,DK-6.1-thm,TauCeti.DavisKahan.ExactSinTheta.PaperUnitaryInvariantNorm.finiteGauge,4,0
DK1970,DK-6.1-thm,TauCeti.DavisKahan.ExactSinTheta.PaperUnitaryInvariantNorm.finiteNorm,5,0
DK1970,DK-6.1-thm,TauCeti.DavisKahan.ExactSinTheta.PaperUnitaryInvariantNorm.gauge,1,0
DK1970,DK-6.1-thm,TauCeti.DavisKahan.ExactSinTheta.PaperUnitaryInvariantNorm.prefixGauge,3,0
DK1970,DK-6.1-thm,TauCeti.DavisKahan.ExactSinTheta.UnboundedSinThetaData,2,0
DK1970,DK-6.1-thm,TauCeti.DavisKahan.ExactSinTheta.UnboundedSinThetaData.A,3,0
DK1970,DK-6.1-thm,TauCeti.DavisKahan.ExactSinTheta.UnboundedSinThetaData.A₀,3,0
DK1970,DK-6.1-thm,TauCeti.DavisKahan.ExactSinTheta.UnboundedSinThetaData.F₁,3,0
DK1970,DK-6.1-thm,TauCeti.DavisKahan.ExactSinTheta.UnboundedSinThetaData.X,2,0
DK1970,DK-6.1-thm,TauCeti.DavisKahan.ExactSinTheta.UnboundedSinThetaData.mk,4,0
DK1970,DK-6.1-thm,TauCeti.DavisKahan.ExactSinTheta.UnboundedSinThetaData.residual,1,0
DK1970,DK-6.1-thm,TauCeti.DavisKahan.ExactSinTheta.UnboundedSinThetaData.Λ₁,3,0
DK1970,DK-6.1-thm,TauCeti.DavisKahan.ExactSinTheta.boundedPullbackDomain,5,0
DK1970,DK-6.1-thm,TauCeti.DavisKahan.ExactSinTheta.directedSinThetaOperator,2,0
DK1970,DK-6.1-thm,TauCeti.DavisKahan.ExactSinTheta.directedSinThetaOperatorOfPolarData,3,0
DK1970,DK-6.1-thm,TauCeti.DavisKahan.ExactSinTheta.directedSinThetaOperatorReal,2,0
DK1970,DK-6.1-thm,TauCeti.DavisKahan.ExactSinTheta.frameIsometry,3,0
DK1970,DK-6.1-thm,TauCeti.DavisKahan.ExactSinTheta.frameIsometryOfPolarData,4,0
DK1970,DK-6.1-thm,TauCeti.DavisKahan.ExactSinTheta.gramInvSqrt,4,0
DK1970,DK-6.1-thm,TauCeti.DavisKahan.ExactSinTheta.linearPMap_FormBoundedSylvesterGap,4,0
DK1970,DK-6.1-thm,TauCeti.DavisKahan.ExactSinTheta.lowerFramePolarData,5,0
DK1970,DK-6.1-thm,TauCeti.DavisKahan.ExactSinTheta.lowerFramePolarDataReal,3,0
DK1970,DK-6.1-thm,TauCeti.DavisKahan.ExactSinTheta.lowerFramePolarData_nonempty,6,0
DK1970,DK-6.1-thm,TauCeti.DavisKahan.ExactSinTheta.lowerFramePolarData_real_nonempty,4,0
DK1970,DK-6.1-thm,TauCeti.DavisKahan.ExactSinTheta.unboundedSinThetaDataOfPaperCommonCore,3,0
DK1970,DK-6.1-thm,TauCeti.DavisKahan.ExactSinTheta.unboundedSinThetaDataOfPaperCommonDomain,3,0
DK1970,DK-6.1-thm,TauCeti.DavisKahan1970.Theorem6_1,0,1
DK1970,DK-6.1-thm,TauCeti.DavisKahan1970.Theorem6_1_real,0,1
DK1970,DK-6.1-thm,TauCeti.DavisKahan1970.Theorem6_1_real_commonCore,0,1
DK1970,DK-6.1-thm,TauCeti.DavisKahan1970.Theorem6_1_real_commonDomain,0,1
DK1970,DK-6.1-thm,TauCeti.DavisKahanExt.ClosedOperator,4,0
DK1970,DK-6.1-thm,TauCeti.DavisKahanExt.ClosedOperator.IsSelfAdjoint,3,0
DK1970,DK-6.1-thm,TauCeti.DavisKahanExt.ClosedOperator.domain,4,0
DK1970,DK-6.1-thm,TauCeti.DavisKahanExt.ClosedOperator.toLinearMap,4,0
DK1970,DK-6.1-thm,TauCeti.DavisKahanExt.ClosedOperator.toLinearPMap,4,0
DK1970,DK-6.1-thm,TauCeti.UnitarilyInvariantSeminorm,6,0
DK1970,DK-6.1-thm,TauCeti.UnitarilyInvariantSeminorm.gauge,5,0
DK1970,DK-6.1-thm,TauCeti.UnitarilyInvariantSeminorm.toFun,6,0
DK1970,DK-6.1-thm,TauCeti.diagOp,6,0
DK1970,DK-6.2-lem,ContinuousLinearMap.HasMinMaxLowerBoundEverywhere,1,0
DK1970,DK-6.2-lem,ContinuousLinearMap.approximationNumber,6,0
DK1970,DK-6.2-lem,TauCeti.ApproximationNumber.approximationSingularValue,5,0
DK1970,DK-6.2-lem,TauCeti.DavisKahan.ExactSinTheta.PaperUnitaryInvariantNorm,1,0
DK1970,DK-6.2-lem,TauCeti.DavisKahan.ExactSinTheta.PaperUnitaryInvariantNorm.Mem,1,0
DK1970,DK-6.2-lem,TauCeti.DavisKahan.ExactSinTheta.PaperUnitaryInvariantNorm.approximationPrefix,4,0
DK1970,DK-6.2-lem,TauCeti.DavisKahan.ExactSinTheta.PaperUnitaryInvariantNorm.extendedGauge,2,0
DK1970,DK-6.2-lem,TauCeti.DavisKahan.ExactSinTheta.PaperUnitaryInvariantNorm.finiteGauge,4,0
DK1970,DK-6.2-lem,TauCeti.DavisKahan.ExactSinTheta.PaperUnitaryInvariantNorm.finiteNorm,5,0
DK1970,DK-6.2-lem,TauCeti.DavisKahan.ExactSinTheta.PaperUnitaryInvariantNorm.gauge,1,0
DK1970,DK-6.2-lem,TauCeti.DavisKahan.ExactSinTheta.PaperUnitaryInvariantNorm.prefixGauge,3,0
DK1970,DK-6.2-lem,TauCeti.DavisKahan.ExactSinTheta.paperDiagonalPair,1,0
DK1970,DK-6.2-lem,TauCeti.DavisKahan1970.lemma6_2,0,1
DK1970,DK-6.2-lem,TauCeti.UnitarilyInvariantSeminorm,6,0
DK1970,DK-6.2-lem,TauCeti.UnitarilyInvariantSeminorm.gauge,5,0
DK1970,DK-6.2-lem,TauCeti.UnitarilyInvariantSeminorm.toFun,6,0
DK1970,DK-6.2-lem,TauCeti.diagOp,6,0
DK1970,DK-6.2-thm,ContinuousLinearMap.approximationNumber,4,0
DK1970,DK-6.2-thm,TauCeti.ApproximationNumber.approximationSingularValue,3,0
DK1970,DK-6.2-thm,TauCeti.DavisKahan.ExactSinTheta.IsPaperHilbertSchmidt,1,0
DK1970,DK-6.2-thm,TauCeti.DavisKahan.ExactSinTheta.LowerFrameBound,3,0
DK1970,DK-6.2-thm,TauCeti.DavisKahan.ExactSinTheta.LowerFramePolarData,3,0
DK1970,DK-6.2-thm,TauCeti.DavisKahan.ExactSinTheta.LowerFramePolarData.invSqrt,4,0
DK1970,DK-6.2-thm,TauCeti.DavisKahan.ExactSinTheta.PaperRealTheorem62Data,1,0
DK1970,DK-6.2-thm,TauCeti.DavisKahan.ExactSinTheta.PaperRealTheorem62Data.canonicalSinTheta,1,0
DK1970,DK-6.2-thm,TauCeti.DavisKahan.ExactSinTheta.PaperRealTheorem62Data.data,1,0
DK1970,DK-6.2-thm,TauCeti.DavisKahan.ExactSinTheta.PaperRealTheorem62Data.frameLowerBound,1,0
DK1970,DK-6.2-thm,TauCeti.DavisKahan.ExactSinTheta.PaperRealTheorem62Data.frameLowerBound_pos,2,0
DK1970,DK-6.2-thm,TauCeti.DavisKahan.ExactSinTheta.PaperRealTheorem62Data.gap,1,0
DK1970,DK-6.2-thm,TauCeti.DavisKahan.ExactSinTheta.PaperRealTheorem62Data.lowerFrame,2,0
DK1970,DK-6.2-thm,TauCeti.DavisKahan.ExactSinTheta.PaperSinThetaRepresentativeAcross,1,0
DK1970,DK-6.2-thm,TauCeti.DavisKahan.ExactSinTheta.PaperSinThetaRepresentativeAcross.operator,1,0
DK1970,DK-6.2-thm,TauCeti.DavisKahan.ExactSinTheta.PaperTheorem62Data,1,0
DK1970,DK-6.2-thm,TauCeti.DavisKahan.ExactSinTheta.PaperTheorem62Data.canonicalSinTheta,1,0
DK1970,DK-6.2-thm,TauCeti.DavisKahan.ExactSinTheta.PaperTheorem62Data.data,1,0
DK1970,DK-6.2-thm,TauCeti.DavisKahan.ExactSinTheta.PaperTheorem62Data.frameLowerBound,1,0
DK1970,DK-6.2-thm,TauCeti.DavisKahan.ExactSinTheta.PaperTheorem62Data.frameLowerBound_pos,2,0
DK1970,DK-6.2-thm,TauCeti.DavisKahan.ExactSinTheta.PaperTheorem62Data.gap,1,0
DK1970,DK-6.2-thm,TauCeti.DavisKahan.ExactSinTheta.PaperTheorem62Data.lowerFrame,2,0
DK1970,DK-6.2-thm,TauCeti.DavisKahan.ExactSinTheta.UnboundedSinThetaData,2,0
DK1970,DK-6.2-thm,TauCeti.DavisKahan.ExactSinTheta.UnboundedSinThetaData.F₁,2,0
DK1970,DK-6.2-thm,TauCeti.DavisKahan.ExactSinTheta.UnboundedSinThetaData.X,2,0
DK1970,DK-6.2-thm,TauCeti.DavisKahan.ExactSinTheta.UnboundedSinThetaData.residual,1,0
DK1970,DK-6.2-thm,TauCeti.DavisKahan.ExactSinTheta.frameIsometryOfPolarData,3,0
DK1970,DK-6.2-thm,TauCeti.DavisKahan.ExactSinTheta.lowerFramePolarData,2,0
DK1970,DK-6.2-thm,TauCeti.DavisKahan.ExactSinTheta.lowerFramePolarDataReal,2,0
DK1970,DK-6.2-thm,TauCeti.DavisKahan.ExactSinTheta.lowerFramePolarData_nonempty,3,0
DK1970,DK-6.2-thm,TauCeti.DavisKahan.ExactSinTheta.lowerFramePolarData_real_nonempty,3,0
DK1970,DK-6.2-thm,TauCeti.DavisKahan.ExactSinTheta.paperHilbertSchmidtEnergy,2,0
DK1970,DK-6.2-thm,TauCeti.DavisKahan.ExactSinTheta.paperHilbertSchmidtNorm,1,0
DK1970,DK-6.2-thm,TauCeti.DavisKahan.ExactSinTheta.sinThetaBlockOfPolarData,2,0
DK1970,DK-6.2-thm,TauCeti.DavisKahan1970.Theorem6_2,0,1
DK1970,DK-6.2-thm,TauCeti.DavisKahan1970.Theorem6_2_real,0,1
DK1970,DK-6.3-lem,ContinuousLinearMap.approximationNumber,3,0
DK1970,DK-6.3-lem,TauCeti.ApproximationNumber.approximationSingularValue,2,0
DK1970,DK-6.3-lem,TauCeti.DavisKahan.Frontier.Section6Appendix.approximationEnergy,1,0
DK1970,DK-6.3-lem,TauCeti.DavisKahan.Frontier.Section6Appendix.lemma6_3_approximationNumber_leakage,0,1
DK1970,DK-6.3-lem,TauCeti.DavisKahan.Frontier.Section6Appendix.lemma6_3_approximationNumber_leakage_real,0,1
DK1970,DK-6.3-lem,TauCeti.DavisKahan.Frontier.Section6Appendix.lemma6_3_singularValue_leakage,0,1
DK1970,DK-6.3-thm,ContinuousLinearMap.Reduces,1,0
DK1970,DK-6.3-thm,ContinuousLinearMap.Reduces.orthogonalComplement,1,0
DK1970,DK-6.3-thm,ContinuousLinearMap.approximationNumber,3,0
DK1970,DK-6.3-thm,TauCeti.ApproximationNumber.approximationSingularValue,2,0
DK1970,DK-6.3-thm,TauCeti.BorelCalculus.IsBddMeasurable,6,0
DK1970,DK-6.3-thm,TauCeti.BorelCalculus.IsBddMeasurable.chooseBound,6,0
DK1970,DK-6.3-thm,TauCeti.BorelCalculus.IsBddMeasurable.exists_bound,7,0
DK1970,DK-6.3-thm,TauCeti.BorelCalculus.borelCalculus,5,0
DK1970,DK-6.3-thm,TauCeti.BorelCalculus.borelVector,6,0
DK1970,DK-6.3-thm,TauCeti.BorelCalculus.diagFunctional,6,0
DK1970,DK-6.3-thm,TauCeti.BorelCalculus.diagMeasure,5,0
DK1970,DK-6.3-thm,TauCeti.BorelCalculus.inner_specProj_self,4,0
DK1970,DK-6.3-thm,TauCeti.BorelCalculus.isFiniteMeasure_specDiag,4,0
DK1970,DK-6.3-thm,TauCeti.BorelCalculus.norm_borelVector_le,6,0
DK1970,DK-6.3-thm,TauCeti.BorelCalculus.ofRealLM,7,0
DK1970,DK-6.3-thm,TauCeti.BorelCalculus.pair,8,0
DK1970,DK-6.3-thm,TauCeti.BorelCalculus.pairFunctional,7,0
DK1970,DK-6.3-thm,TauCeti.BorelCalculus.specDiag,4,0
DK1970,DK-6.3-thm,TauCeti.BorelCalculus.specProj,4,0
DK1970,DK-6.3-thm,TauCeti.BorelCalculus.specProj_inter,4,0
DK1970,DK-6.3-thm,TauCeti.BorelCalculus.specProj_univ,4,0
DK1970,DK-6.3-thm,TauCeti.BorelCalculus.toProjValMeasure,3,0
DK1970,DK-6.3-thm,TauCeti.DavisKahan.DKClosedOperator,1,0
DK1970,DK-6.3-thm,TauCeti.DavisKahan.ExactSinTheta.ClosedOperatorComplexification.complexify,2,0
DK1970,DK-6.3-thm,TauCeti.DavisKahan.ExactSinTheta.ClosedOperatorComplexification.domain,3,0
DK1970,DK-6.3-thm,TauCeti.DavisKahan.ExactSinTheta.ClosedOperatorComplexification.domainIm,4,0
DK1970,DK-6.3-thm,TauCeti.DavisKahan.ExactSinTheta.ClosedOperatorComplexification.domainRe,4,0
DK1970,DK-6.3-thm,TauCeti.DavisKahan.ExactSinTheta.ClosedOperatorComplexification.isSelfAdjoint_complexify,2,0
DK1970,DK-6.3-thm,TauCeti.DavisKahan.ExactSinTheta.ClosedOperatorComplexification.linearMap,3,0
DK1970,DK-6.3-thm,TauCeti.DavisKahan.ExactSinTheta.KyFanDominantIdealFamily,1,0
DK1970,DK-6.3-thm,TauCeti.DavisKahan.ExactSinTheta.KyFanDominantIdealFamily.Mem,1,0
DK1970,DK-6.3-thm,TauCeti.DavisKahan.ExactSinTheta.KyFanDominantIdealFamily.gauge,1,0
DK1970,DK-6.3-thm,TauCeti.DavisKahan.ExactSinTheta.KyFanDominantIdealFamily.toSymmetricOperatorIdealFamily,2,0
DK1970,DK-6.3-thm,TauCeti.DavisKahan.ExactSinTheta.PaperUnitaryInvariantNorm,1,0
DK1970,DK-6.3-thm,TauCeti.DavisKahan.ExactSinTheta.PaperUnitaryInvariantNorm.Mem,1,0
DK1970,DK-6.3-thm,TauCeti.DavisKahan.ExactSinTheta.PaperUnitaryInvariantNorm.approximationPrefix,4,0
DK1970,DK-6.3-thm,TauCeti.DavisKahan.ExactSinTheta.PaperUnitaryInvariantNorm.extendedGauge,2,0
DK1970,DK-6.3-thm,TauCeti.DavisKahan.ExactSinTheta.PaperUnitaryInvariantNorm.finiteGauge,4,0
DK1970,DK-6.3-thm,TauCeti.DavisKahan.ExactSinTheta.PaperUnitaryInvariantNorm.finiteNorm,5,0
DK1970,DK-6.3-thm,TauCeti.DavisKahan.ExactSinTheta.PaperUnitaryInvariantNorm.gauge,1,0
DK1970,DK-6.3-thm,TauCeti.DavisKahan.ExactSinTheta.PaperUnitaryInvariantNorm.prefixGauge,3,0
DK1970,DK-6.3-thm,TauCeti.DavisKahan.ExactTanTheta.HasTheorem63DirectedTangentApproximationNumbersInfinite,1,0
DK1970,DK-6.3-thm,TauCeti.DavisKahan.ExactTanTheta.theorem63Compression,1,0
DK1970,DK-6.3-thm,TauCeti.DavisKahan.ExactTanTheta.theorem63DirectedSineBlock,2,0
DK1970,DK-6.3-thm,TauCeti.DavisKahan.ExactTanTheta.theorem63Residual,1,0
DK1970,DK-6.3-thm,TauCeti.DavisKahan.ExactTanTheta.theorem6_3_unbounded_infiniteTrial_ideal_exists,0,1
DK1970,DK-6.3-thm,TauCeti.DavisKahan.Foundation.RealComplexification.complexifySubmodule,4,0
DK1970,DK-6.3-thm,TauCeti.DavisKahan.RealSpectralRestriction.realSelfAdjointSpectralProjection,1,0
DK1970,DK-6.3-thm,TauCeti.DavisKahan.RealSpectralRestriction.realSelfAdjointSpectralSubspace,1,0
DK1970,DK-6.3-thm,TauCeti.DavisKahan.RealSpectralRestriction.realSelfAdjointSpectralSubspace_hasOrthogonalProjection,1,0
DK1970,DK-6.3-thm,TauCeti.DavisKahan.TanTheta.UnboundedTrialBlock,1,0
DK1970,DK-6.3-thm,TauCeti.DavisKahan.TanTheta.UnboundedTrialBlock.operator,1,0
DK1970,DK-6.3-thm,TauCeti.DavisKahan.TanTheta.UnboundedTrialBlock.residual,1,0
DK1970,DK-6.3-thm,TauCeti.DavisKahan.selfAdjointSpectralProjection,2,0
DK1970,DK-6.3-thm,TauCeti.DavisKahan.selfAdjointSpectralSubspace,1,0
DK1970,DK-6.3-thm,TauCeti.DavisKahan.selfAdjointSpectralSubspace_hasOrthogonalProjection,1,0
DK1970,DK-6.3-thm,TauCeti.DavisKahan1970.HasTheorem63DirectedTangentApproximationNumbersInfiniteReal,1,0
DK1970,DK-6.3-thm,TauCeti.DavisKahan1970.compressOperatorReal,1,0
DK1970,DK-6.3-thm,TauCeti.DavisKahan1970.instCompleteSpaceCoeOfHasOrthogonalProjectionDirectedReal,1,0
DK1970,DK-6.3-thm,TauCeti.DavisKahan1970.tanTheta_directed_paperUINorm_real_spectral,0,1
DK1970,DK-6.3-thm,TauCeti.DavisKahan1970.tanTheta_directed_paperUINorm_spectral,0,1
DK1970,DK-6.3-thm,TauCeti.DavisKahan1970.theorem63DirectedSineBlockReal,2,0
DK1970,DK-6.3-thm,TauCeti.DavisKahan1970.theorem63ResidualReal,1,0
DK1970,DK-6.3-thm,TauCeti.DavisKahan1970.theorem6_3_unbounded_infiniteTrial_ideal_exists_real,0,1
DK1970,DK-6.3-thm,TauCeti.DavisKahanExt.ClosedOperator,1,0
DK1970,DK-6.3-thm,TauCeti.DavisKahanExt.ClosedOperator.IsSelfAdjoint,1,0
DK1970,DK-6.3-thm,TauCeti.DavisKahanExt.ClosedOperator.domain,2,0
DK1970,DK-6.3-thm,TauCeti.DavisKahanExt.ClosedOperator.mk,3,0
DK1970,DK-6.3-thm,TauCeti.DavisKahanExt.ClosedOperator.toLinearMap,2,0
DK1970,DK-6.3-thm,TauCeti.DavisKahanExt.ClosedOperator.toLinearPMap,1,0
DK1970,DK-6.3-thm,TauCeti.LinearPMap.cayley,3,0
DK1970,DK-6.3-thm,TauCeti.LinearPMap.cayleyInv,3,0
DK1970,DK-6.3-thm,TauCeti.LinearPMap.isStarNormal_cayley,3,0
DK1970,DK-6.3-thm,TauCeti.LinearPMap.measurable_cayleyInv,3,0
DK1970,DK-6.3-thm,TauCeti.LinearPMap.negI_mem_resolventSet,4,0
DK1970,DK-6.3-thm,TauCeti.LinearPMap.resolvent,4,0
DK1970,DK-6.3-thm,TauCeti.LinearPMap.resolventSet,5,0
DK1970,DK-6.3-thm,TauCeti.LinearPMap.specProjection,1,0
DK1970,DK-6.3-thm,TauCeti.LinearPMap.spectralPVM,2,0
DK1970,DK-6.3-thm,TauCeti.OperatorIdealFamily,3,0
DK1970,DK-6.3-thm,TauCeti.OperatorIdealFamily.gauge,2,0
DK1970,DK-6.3-thm,TauCeti.ProjValMeasure,3,0
DK1970,DK-6.3-thm,TauCeti.ProjValMeasure.mk,4,0
DK1970,DK-6.3-thm,TauCeti.ProjValMeasure.proj,2,0
DK1970,DK-6.3-thm,TauCeti.RealComplexification,2,0
DK1970,DK-6.3-thm,TauCeti.RealComplexification.im,3,0
DK1970,DK-6.3-thm,TauCeti.RealComplexification.instAddCommGroup,3,0
DK1970,DK-6.3-thm,TauCeti.RealComplexification.instCompleteSpace,2,0
DK1970,DK-6.3-thm,TauCeti.RealComplexification.instInnerProductSpaceComplex,2,0
DK1970,DK-6.3-thm,TauCeti.RealComplexification.instModuleComplex,3,0
DK1970,DK-6.3-thm,TauCeti.RealComplexification.instModuleReal,3,0
DK1970,DK-6.3-thm,TauCeti.RealComplexification.instNormedAddCommGroup,2,0
DK1970,DK-6.3-thm,TauCeti.RealComplexification.instNormedSpaceComplex,3,0
DK1970,DK-6.3-thm,TauCeti.RealComplexification.instSMulComplex,4,0
DK1970,DK-6.3-thm,TauCeti.RealComplexification.instSMulReal,4,0
DK1970,DK-6.3-thm,TauCeti.RealComplexification.mk,4,0
DK1970,DK-6.3-thm,TauCeti.RealComplexification.ofReal,3,0
DK1970,DK-6.3-thm,TauCeti.RealComplexification.re,3,0
DK1970,DK-6.3-thm,TauCeti.RealComplexification.realPartOperator,2,0
DK1970,DK-6.3-thm,TauCeti.SymmetricOperatorIdealFamily,3,0
DK1970,DK-6.3-thm,TauCeti.SymmetricOperatorIdealFamily.toOperatorIdealFamily,2,0
DK1970,DK-6.3-thm,TauCeti.UnitarilyInvariantSeminorm,6,0
DK1970,DK-6.3-thm,TauCeti.UnitarilyInvariantSeminorm.gauge,5,0
DK1970,DK-6.3-thm,TauCeti.UnitarilyInvariantSeminorm.toFun,6,0
DK1970,DK-6.3-thm,TauCeti.diagOp,6,0
DK1970,DK-6.3-thm,TauCeti.pvmRangeSubspace,2,0
DK1970,DK-8.1-thm,ContinuousLinearMap.Reduces,1,0
DK1970,DK-8.1-thm,ContinuousLinearMap.approximationNumber,1,0
DK1970,DK-8.1-thm,Submodule.projectionGap,3,0
DK1970,DK-8.1-thm,TauCeti.BorelCalculus.IsBddMeasurable,9,0
DK1970,DK-8.1-thm,TauCeti.BorelCalculus.IsBddMeasurable.chooseBound,9,0
DK1970,DK-8.1-thm,TauCeti.BorelCalculus.IsBddMeasurable.exists_bound,10,0
DK1970,DK-8.1-thm,TauCeti.BorelCalculus.borelCalculus,8,0
DK1970,DK-8.1-thm,TauCeti.BorelCalculus.borelVector,9,0
DK1970,DK-8.1-thm,TauCeti.BorelCalculus.boundedPVM,5,0
DK1970,DK-8.1-thm,TauCeti.BorelCalculus.diagFunctional,9,0
DK1970,DK-8.1-thm,TauCeti.BorelCalculus.diagMeasure,8,0
DK1970,DK-8.1-thm,TauCeti.BorelCalculus.inner_specProj_self,7,0
DK1970,DK-8.1-thm,TauCeti.BorelCalculus.isFiniteMeasure_specDiag,7,0
DK1970,DK-8.1-thm,TauCeti.BorelCalculus.measurable_reCoord,6,0
DK1970,DK-8.1-thm,TauCeti.BorelCalculus.norm_borelVector_le,9,0
DK1970,DK-8.1-thm,TauCeti.BorelCalculus.ofRealLM,10,0
DK1970,DK-8.1-thm,TauCeti.BorelCalculus.pair,11,0
DK1970,DK-8.1-thm,TauCeti.BorelCalculus.pairFunctional,10,0
DK1970,DK-8.1-thm,TauCeti.BorelCalculus.reCoord,6,0
DK1970,DK-8.1-thm,TauCeti.BorelCalculus.specDiag,7,0
DK1970,DK-8.1-thm,TauCeti.BorelCalculus.specProj,7,0
DK1970,DK-8.1-thm,TauCeti.BorelCalculus.specProj_inter,7,0
DK1970,DK-8.1-thm,TauCeti.BorelCalculus.specProj_univ,7,0
DK1970,DK-8.1-thm,TauCeti.BorelCalculus.toProjValMeasure,6,0
DK1970,DK-8.1-thm,TauCeti.DavisKahan.Foundation.InvariantFor,2,0
DK1970,DK-8.1-thm,TauCeti.DavisKahan.Foundation.RealComplexification.realBoundedSpectralProjectionIicOfGap,3,0
DK1970,DK-8.1-thm,TauCeti.DavisKahan.Foundation.RealComplexification.realBoundedSpectralSubspaceIicOfGap,2,0
DK1970,DK-8.1-thm,TauCeti.DavisKahan.Foundation.SpectrumIn,1,0
DK1970,DK-8.1-thm,TauCeti.DavisKahan.Foundation.realSpectrum,3,0
DK1970,DK-8.1-thm,TauCeti.DavisKahan.Foundation.restrictedSpectrum,2,0
DK1970,DK-8.1-thm,TauCeti.DavisKahan.IsSelfAdjointOperator,2,0
DK1970,DK-8.1-thm,TauCeti.DavisKahan.subspaceGap,2,0
DK1970,DK-8.1-thm,TauCeti.DavisKahan1970.Section8.Theorem81Conclusion,1,0
DK1970,DK-8.1-thm,TauCeti.DavisKahan1970.Section8.Theorem81ConclusionReal,1,0
DK1970,DK-8.1-thm,TauCeti.DavisKahan1970.Section8.approximationNumber_eq_eigenvalues_of_isPositive,0,1
DK1970,DK-8.1-thm,TauCeti.DavisKahan1970.Section8.canonicalLowBranch,1,0
DK1970,DK-8.1-thm,TauCeti.DavisKahan1970.Section8.canonicalLowBranchReal,1,0
DK1970,DK-8.1-thm,TauCeti.DavisKahan1970.Section8.canonicalLowBranchReal_hasOrthogonalProjection,1,0
DK1970,DK-8.1-thm,TauCeti.DavisKahan1970.Section8.canonicalLowBranch_hasOrthogonalProjection,1,0
DK1970,DK-8.1-thm,TauCeti.DavisKahan1970.Section8.cosineBlock,1,0
DK1970,DK-8.1-thm,TauCeti.DavisKahan1970.Section8.lowerBlockShift,1,0
DK1970,DK-8.1-thm,TauCeti.DavisKahan1970.Section8.lowerCosineBlock,1,0
DK1970,DK-8.1-thm,TauCeti.DavisKahan1970.Section8.theorem8_1_canonicalBranch,0,1
DK1970,DK-8.1-thm,TauCeti.DavisKahan1970.Section8.theorem8_1_canonicalBranch_real,0,1
DK1970,DK-8.1-thm,TauCeti.DavisKahan1970.Section8.theorem8_1_lowerApproximationRepulsion_real,0,1
DK1970,DK-8.1-thm,TauCeti.DavisKahan1970.Section8.theorem8_1_lowerApproximationRepulsion_source,0,1
DK1970,DK-8.1-thm,TauCeti.DavisKahan1970.Section8.theorem8_1_lowerCompressionRepulsion_real,0,1
DK1970,DK-8.1-thm,TauCeti.DavisKahan1970.Section8.theorem8_1_lowerCompressionRepulsion_source,0,1
DK1970,DK-8.1-thm,TauCeti.DavisKahan1970.Section8.theorem8_1_lowerSymmetricGaugeRepulsion_angle_rev_real,0,1
DK1970,DK-8.1-thm,TauCeti.DavisKahan1970.Section8.theorem8_1_lowerSymmetricGaugeRepulsion_angle_rev_source,0,1
DK1970,DK-8.1-thm,TauCeti.DavisKahan1970.Section8.theorem8_1_maximalAngle_le_iff_spectrumIn,0,1
DK1970,DK-8.1-thm,TauCeti.DavisKahan1970.Section8.theorem8_1_maximalAngle_le_iff_spectrumIn_real,0,1
DK1970,DK-8.1-thm,TauCeti.DavisKahan1970.Section8.theorem8_1_spectralRepulsion_real,2,0
DK1970,DK-8.1-thm,TauCeti.DavisKahan1970.Section8.theorem8_1_upperApproximationRepulsion_real,0,1
DK1970,DK-8.1-thm,TauCeti.DavisKahan1970.Section8.theorem8_1_upperApproximationRepulsion_source,0,1
DK1970,DK-8.1-thm,TauCeti.DavisKahan1970.Section8.theorem8_1_upperCompressionRepulsion_real,0,1
DK1970,DK-8.1-thm,TauCeti.DavisKahan1970.Section8.theorem8_1_upperCompressionRepulsion_source,0,1
DK1970,DK-8.1-thm,TauCeti.DavisKahan1970.Section8.theorem8_1_upperSymmetricGaugeRepulsion_angle_rev_real,0,1
DK1970,DK-8.1-thm,TauCeti.DavisKahan1970.Section8.theorem8_1_upperSymmetricGaugeRepulsion_angle_rev_source,0,1
DK1970,DK-8.1-thm,TauCeti.DavisKahan1970.Section8.upperBlockShift,1,0
DK1970,DK-8.1-thm,TauCeti.DavisKahanExt.boundedSelfAdjointSpectralPVM,4,0
DK1970,DK-8.1-thm,TauCeti.DavisKahanExt.boundedSelfAdjointSpectralProjection,3,0
DK1970,DK-8.1-thm,TauCeti.DavisKahanExt.boundedSelfAdjointSpectralSubspace,2,0
DK1970,DK-8.1-thm,TauCeti.DavisKahanExt.maximalAngle,1,0
DK1970,DK-8.1-thm,TauCeti.FiniteSymmetricGauge,1,0
DK1970,DK-8.1-thm,TauCeti.FiniteSymmetricGauge.toFun,1,0
DK1970,DK-8.1-thm,TauCeti.ProjValMeasure,5,0
DK1970,DK-8.1-thm,TauCeti.ProjValMeasure.mk,7,0
DK1970,DK-8.1-thm,TauCeti.ProjValMeasure.proj,4,0
DK1970,DK-8.1-thm,TauCeti.RealComplexification,4,0
DK1970,DK-8.1-thm,TauCeti.RealComplexification.complexify,4,0
DK1970,DK-8.1-thm,TauCeti.RealComplexification.im,5,0
DK1970,DK-8.1-thm,TauCeti.RealComplexification.instAddCommGroup,5,0
DK1970,DK-8.1-thm,TauCeti.RealComplexification.instCompleteSpace,4,0
DK1970,DK-8.1-thm,TauCeti.RealComplexification.instInnerProductSpaceComplex,4,0
DK1970,DK-8.1-thm,TauCeti.RealComplexification.instModuleComplex,5,0
DK1970,DK-8.1-thm,TauCeti.RealComplexification.instModuleReal,5,0
DK1970,DK-8.1-thm,TauCeti.RealComplexification.instNormedAddCommGroup,4,0
DK1970,DK-8.1-thm,TauCeti.RealComplexification.instNormedSpaceComplex,5,0
DK1970,DK-8.1-thm,TauCeti.RealComplexification.instSMulComplex,6,0
DK1970,DK-8.1-thm,TauCeti.RealComplexification.instSMulReal,6,0
DK1970,DK-8.1-thm,TauCeti.RealComplexification.mk,5,0
DK1970,DK-8.1-thm,TauCeti.RealComplexification.ofReal,5,0
DK1970,DK-8.1-thm,TauCeti.RealComplexification.re,5,0
DK1970,DK-8.1-thm,TauCeti.RealComplexification.realPartOperator,4,0
DK1970,DK-8.1-thm,TauCeti.cosThetaMap,2,0
DK1970,DK-8.1-thm,TauCeti.principalCosines,1,0
DK1970,DK-8.1-thm,TauCeti.projection,3,0
DK1970,DK-8.2-thm,ContinuousLinearMap.Reduces,1,0
DK1970,DK-8.2-thm,ContinuousLinearMap.approximationNumber,6,0
DK1970,DK-8.2-thm,ContinuousLinearMap.modulus,4,0
DK1970,DK-8.2-thm,Submodule.directedProjectionGap,2,0
DK1970,DK-8.2-thm,Submodule.projectionGap,3,0
DK1970,DK-8.2-thm,TauCeti.ApproximationNumber.approximationSingularValue,5,0
DK1970,DK-8.2-thm,TauCeti.DavisKahan.ExactSinTheta.PaperUnitaryInvariantNorm,1,0
DK1970,DK-8.2-thm,TauCeti.DavisKahan.ExactSinTheta.PaperUnitaryInvariantNorm.Mem,1,0
DK1970,DK-8.2-thm,TauCeti.DavisKahan.ExactSinTheta.PaperUnitaryInvariantNorm.approximationPrefix,4,0
DK1970,DK-8.2-thm,TauCeti.DavisKahan.ExactSinTheta.PaperUnitaryInvariantNorm.extendedGauge,2,0
DK1970,DK-8.2-thm,TauCeti.DavisKahan.ExactSinTheta.PaperUnitaryInvariantNorm.finiteGauge,4,0
DK1970,DK-8.2-thm,TauCeti.DavisKahan.ExactSinTheta.PaperUnitaryInvariantNorm.finiteNorm,5,0
DK1970,DK-8.2-thm,TauCeti.DavisKahan.ExactSinTheta.PaperUnitaryInvariantNorm.gauge,1,0
DK1970,DK-8.2-thm,TauCeti.DavisKahan.ExactSinTheta.PaperUnitaryInvariantNorm.prefixGauge,3,0
DK1970,DK-8.2-thm,TauCeti.DavisKahan.Foundation.InvariantFor,2,0
DK1970,DK-8.2-thm,TauCeti.DavisKahan.Foundation.RealComplexification.complexifySubmodule,2,0
DK1970,DK-8.2-thm,TauCeti.DavisKahan.Foundation.RealComplexification.instHasOrthogonalProjectionComplexifySubmodule,2,0
DK1970,DK-8.2-thm,TauCeti.DavisKahan.Foundation.SpectrumIn,1,0
DK1970,DK-8.2-thm,TauCeti.DavisKahan.Foundation.restrictedSpectrum,2,0
DK1970,DK-8.2-thm,TauCeti.DavisKahan.Frontier.CrossedDefectsEquivalent,1,0
DK1970,DK-8.2-thm,TauCeti.DavisKahan.Frontier.Section8.gapExterior,1,0
DK1970,DK-8.2-thm,TauCeti.DavisKahan.Frontier.Section8.instCompleteSpaceCoeOfHasOrthogonalProjectionSection8Source,1,0
DK1970,DK-8.2-thm,TauCeti.DavisKahan.Frontier.Section8.instCompleteSpaceCoeOfHasOrthogonalProjectionSection8SourceReal,1,0
DK1970,DK-8.2-thm,TauCeti.DavisKahan.Frontier.Section8.theorem8_2_sinTwoTheta_residual_source_real_paperUINorm,0,1
DK1970,DK-8.2-thm,TauCeti.DavisKahan.IsSelfAdjointOperator,1,0
DK1970,DK-8.2-thm,TauCeti.DavisKahan.directedGap,1,0
DK1970,DK-8.2-thm,TauCeti.DavisKahan.halmosSourceDefect,2,0
DK1970,DK-8.2-thm,TauCeti.DavisKahan.halmosTargetDefect,2,0
DK1970,DK-8.2-thm,TauCeti.DavisKahan.residual,1,0
DK1970,DK-8.2-thm,TauCeti.DavisKahan.sinTwoThetaIdealBlock,1,0
DK1970,DK-8.2-thm,TauCeti.DavisKahan.subspaceGap,2,0
DK1970,DK-8.2-thm,TauCeti.DavisKahan1970.Section8.theorem8_2_branch_source_directed,0,1
DK1970,DK-8.2-thm,TauCeti.DavisKahan1970.Section8.theorem8_2_branch_source_directed_real,0,1
DK1970,DK-8.2-thm,TauCeti.DavisKahan1970.Section8.theorem8_2_branch_source_maximalAngle_lt_of_crossedDefects,0,1
DK1970,DK-8.2-thm,TauCeti.DavisKahan1970.Section8.theorem8_2_branch_source_real_maximalAngle_lt_of_crossedDefects,0,1
DK1970,DK-8.2-thm,TauCeti.DavisKahan1970.Section8.theorem8_2_sinTwoTheta_perturbation_source_paperUINorm,0,1
DK1970,DK-8.2-thm,TauCeti.DavisKahan1970.Section8.theorem8_2_sinTwoTheta_perturbation_source_real_paperUINorm,0,1
DK1970,DK-8.2-thm,TauCeti.DavisKahan1970.Section8.theorem8_2_sinTwoTheta_residual_source_paperUINorm,0,1
DK1970,DK-8.2-thm,TauCeti.DavisKahanExt.compressOperator,1,0
DK1970,DK-8.2-thm,TauCeti.DavisKahanExt.maximalAngle,1,0
DK1970,DK-8.2-thm,TauCeti.DavisKahanExt.paperAngleOperatorC,2,0
DK1970,DK-8.2-thm,TauCeti.DavisKahanExt.paperSinTwoAngleOperatorC,1,0
DK1970,DK-8.2-thm,TauCeti.DavisKahanExt.paperSinTwoAngleOperatorR,1,0
DK1970,DK-8.2-thm,TauCeti.DavisKahanExt.sinAngleOperatorC,3,0
DK1970,DK-8.2-thm,TauCeti.RealComplexification,2,0
DK1970,DK-8.2-thm,TauCeti.RealComplexification.im,3,0
DK1970,DK-8.2-thm,TauCeti.RealComplexification.instAddCommGroup,3,0
DK1970,DK-8.2-thm,TauCeti.RealComplexification.instCompleteSpace,2,0
DK1970,DK-8.2-thm,TauCeti.RealComplexification.instInnerProductSpaceComplex,2,0
DK1970,DK-8.2-thm,TauCeti.RealComplexification.instModuleComplex,3,0
DK1970,DK-8.2-thm,TauCeti.RealComplexification.instModuleReal,3,0
DK1970,DK-8.2-thm,TauCeti.RealComplexification.instNormedAddCommGroup,2,0
DK1970,DK-8.2-thm,TauCeti.RealComplexification.instNormedSpaceComplex,3,0
DK1970,DK-8.2-thm,TauCeti.RealComplexification.instSMulComplex,4,0
DK1970,DK-8.2-thm,TauCeti.RealComplexification.instSMulReal,4,0
DK1970,DK-8.2-thm,TauCeti.RealComplexification.mk,4,0
DK1970,DK-8.2-thm,TauCeti.RealComplexification.ofReal,3,0
DK1970,DK-8.2-thm,TauCeti.RealComplexification.re,3,0
DK1970,DK-8.2-thm,TauCeti.RealComplexification.realPartOperator,2,0
DK1970,DK-8.2-thm,TauCeti.UnitarilyInvariantSeminorm,6,0
DK1970,DK-8.2-thm,TauCeti.UnitarilyInvariantSeminorm.gauge,5,0
DK1970,DK-8.2-thm,TauCeti.UnitarilyInvariantSeminorm.toFun,6,0
DK1970,DK-8.2-thm,TauCeti.diagOp,6,0
DK1970,S2-sin-theta,ContinuousLinearMap.HasMinMaxLowerBoundEverywhere,1,0
DK1970,S2-sin-theta,ContinuousLinearMap.approximationNumber,6,0
DK1970,S2-sin-theta,DavisKahan1970.IsExactSpectralDecomposition,1,0
DK1970,S2-sin-theta,DavisKahan1970.IsTrialResidual,1,0
DK1970,S2-sin-theta,DavisKahan1970.sinTheta_headline,0,1
DK1970,S2-sin-theta,TauCeti.ApproximationNumber.approximationSingularValue,5,0
DK1970,S2-sin-theta,TauCeti.DavisKahan.ExactSinTheta.ClosedOperatorAmbient,5,0
DK1970,S2-sin-theta,TauCeti.DavisKahan.ExactSinTheta.ClosedOperatorComplement,5,0
DK1970,S2-sin-theta,TauCeti.DavisKahan.ExactSinTheta.ClosedOperatorTrial,5,0
DK1970,S2-sin-theta,TauCeti.DavisKahan.ExactSinTheta.FormBoundedGeneralSinThetaProblem,1,0
DK1970,S2-sin-theta,TauCeti.DavisKahan.ExactSinTheta.FormBoundedGeneralSinThetaProblem.data,1,0
DK1970,S2-sin-theta,TauCeti.DavisKahan.ExactSinTheta.FormBoundedGeneralSinThetaProblem.exactMap,1,0
DK1970,S2-sin-theta,TauCeti.DavisKahan.ExactSinTheta.FormBoundedGeneralSinThetaProblem.frameLowerBound,1,0
DK1970,S2-sin-theta,TauCeti.DavisKahan.ExactSinTheta.FormBoundedGeneralSinThetaProblem.frameLowerBound_pos,1,0
DK1970,S2-sin-theta,TauCeti.DavisKahan.ExactSinTheta.FormBoundedGeneralSinThetaProblem.gap,1,0
DK1970,S2-sin-theta,TauCeti.DavisKahan.ExactSinTheta.FormBoundedGeneralSinThetaProblem.lowerFrame,1,0
DK1970,S2-sin-theta,TauCeti.DavisKahan.ExactSinTheta.FormBoundedIsometricSinThetaProblem,1,0
DK1970,S2-sin-theta,TauCeti.DavisKahan.ExactSinTheta.FormBoundedIsometricSinThetaProblem.data,1,0
DK1970,S2-sin-theta,TauCeti.DavisKahan.ExactSinTheta.FormBoundedIsometricSinThetaProblem.exactMap,1,0
DK1970,S2-sin-theta,TauCeti.DavisKahan.ExactSinTheta.FormBoundedIsometricSinThetaProblem.gap,1,0
DK1970,S2-sin-theta,TauCeti.DavisKahan.ExactSinTheta.FormBoundedSylvesterGap,4,0
DK1970,S2-sin-theta,TauCeti.DavisKahan.ExactSinTheta.HasUnboundedSylvesterKyFan,1,0
DK1970,S2-sin-theta,TauCeti.DavisKahan.ExactSinTheta.KyFanDominantIdealFamily,1,0
DK1970,S2-sin-theta,TauCeti.DavisKahan.ExactSinTheta.KyFanDominantIdealFamily.Mem,1,0
DK1970,S2-sin-theta,TauCeti.DavisKahan.ExactSinTheta.KyFanDominantIdealFamily.gauge,1,0
DK1970,S2-sin-theta,TauCeti.DavisKahan.ExactSinTheta.KyFanDominantIdealFamily.toSymmetricOperatorIdealFamily,2,0
DK1970,S2-sin-theta,TauCeti.DavisKahan.ExactSinTheta.LowerFrameBound,2,0
DK1970,S2-sin-theta,TauCeti.DavisKahan.ExactSinTheta.LowerFramePolarData,4,0
DK1970,S2-sin-theta,TauCeti.DavisKahan.ExactSinTheta.LowerFramePolarData.invSqrt,4,0
DK1970,S2-sin-theta,TauCeti.DavisKahan.ExactSinTheta.OrthogonalExactDecomposition,4,0
DK1970,S2-sin-theta,TauCeti.DavisKahan.ExactSinTheta.PaperRealIsometricTheoremData,1,0
DK1970,S2-sin-theta,TauCeti.DavisKahan.ExactSinTheta.PaperRealIsometricTheoremData.ambient_selfAdjoint,3,0
DK1970,S2-sin-theta,TauCeti.DavisKahan.ExactSinTheta.PaperRealIsometricTheoremData.canonicalSinTheta,1,0
DK1970,S2-sin-theta,TauCeti.DavisKahan.ExactSinTheta.PaperRealIsometricTheoremData.complement_selfAdjoint,3,0
DK1970,S2-sin-theta,TauCeti.DavisKahan.ExactSinTheta.PaperRealIsometricTheoremData.data,1,0
DK1970,S2-sin-theta,TauCeti.DavisKahan.ExactSinTheta.PaperRealIsometricTheoremData.exactMap,3,0
DK1970,S2-sin-theta,TauCeti.DavisKahan.ExactSinTheta.PaperRealIsometricTheoremData.exact_decomposition,3,0
DK1970,S2-sin-theta,TauCeti.DavisKahan.ExactSinTheta.PaperRealIsometricTheoremData.gap,1,0
DK1970,S2-sin-theta,TauCeti.DavisKahan.ExactSinTheta.PaperRealIsometricTheoremData.gap_pos,3,0
DK1970,S2-sin-theta,TauCeti.DavisKahan.ExactSinTheta.PaperRealIsometricTheoremData.spectral_gap,3,0
DK1970,S2-sin-theta,TauCeti.DavisKahan.ExactSinTheta.PaperRealIsometricTheoremData.toGeneral,2,0
DK1970,S2-sin-theta,TauCeti.DavisKahan.ExactSinTheta.PaperRealIsometricTheoremData.trial_selfAdjoint,3,0
DK1970,S2-sin-theta,TauCeti.DavisKahan.ExactSinTheta.PaperRealTheorem61Data,1,0
DK1970,S2-sin-theta,TauCeti.DavisKahan.ExactSinTheta.PaperRealTheorem61Data.canonicalSinTheta,1,0
DK1970,S2-sin-theta,TauCeti.DavisKahan.ExactSinTheta.PaperRealTheorem61Data.data,1,0
DK1970,S2-sin-theta,TauCeti.DavisKahan.ExactSinTheta.PaperRealTheorem61Data.exactMap,2,0
DK1970,S2-sin-theta,TauCeti.DavisKahan.ExactSinTheta.PaperRealTheorem61Data.frameLowerBound,1,0
DK1970,S2-sin-theta,TauCeti.DavisKahan.ExactSinTheta.PaperRealTheorem61Data.frameLowerBound_pos,2,0
DK1970,S2-sin-theta,TauCeti.DavisKahan.ExactSinTheta.PaperRealTheorem61Data.gap,1,0
DK1970,S2-sin-theta,TauCeti.DavisKahan.ExactSinTheta.PaperRealTheorem61Data.lowerFrame,2,0
DK1970,S2-sin-theta,TauCeti.DavisKahan.ExactSinTheta.PaperRealTheorem61Data.mk,3,0
DK1970,S2-sin-theta,TauCeti.DavisKahan.ExactSinTheta.PaperSinThetaRepresentativeAcross,1,0
DK1970,S2-sin-theta,TauCeti.DavisKahan.ExactSinTheta.PaperSinThetaRepresentativeAcross.operator,1,0
DK1970,S2-sin-theta,TauCeti.DavisKahan.ExactSinTheta.PaperUnitaryInvariantNorm,1,0
DK1970,S2-sin-theta,TauCeti.DavisKahan.ExactSinTheta.PaperUnitaryInvariantNorm.Mem,1,0
DK1970,S2-sin-theta,TauCeti.DavisKahan.ExactSinTheta.PaperUnitaryInvariantNorm.approximationPrefix,4,0
DK1970,S2-sin-theta,TauCeti.DavisKahan.ExactSinTheta.PaperUnitaryInvariantNorm.extendedGauge,2,0
DK1970,S2-sin-theta,TauCeti.DavisKahan.ExactSinTheta.PaperUnitaryInvariantNorm.finiteGauge,4,0
DK1970,S2-sin-theta,TauCeti.DavisKahan.ExactSinTheta.PaperUnitaryInvariantNorm.finiteNorm,5,0
DK1970,S2-sin-theta,TauCeti.DavisKahan.ExactSinTheta.PaperUnitaryInvariantNorm.gauge,1,0
DK1970,S2-sin-theta,TauCeti.DavisKahan.ExactSinTheta.PaperUnitaryInvariantNorm.prefixGauge,3,0
DK1970,S2-sin-theta,TauCeti.DavisKahan.ExactSinTheta.UnboundedSinThetaData,2,0
DK1970,S2-sin-theta,TauCeti.DavisKahan.ExactSinTheta.UnboundedSinThetaData.A,4,0
DK1970,S2-sin-theta,TauCeti.DavisKahan.ExactSinTheta.UnboundedSinThetaData.A₀,4,0
DK1970,S2-sin-theta,TauCeti.DavisKahan.ExactSinTheta.UnboundedSinThetaData.F₁,4,0
DK1970,S2-sin-theta,TauCeti.DavisKahan.ExactSinTheta.UnboundedSinThetaData.X,1,0
DK1970,S2-sin-theta,TauCeti.DavisKahan.ExactSinTheta.UnboundedSinThetaData.residual,1,0
DK1970,S2-sin-theta,TauCeti.DavisKahan.ExactSinTheta.UnboundedSinThetaData.Λ₁,4,0
DK1970,S2-sin-theta,TauCeti.DavisKahan.ExactSinTheta.directedSinThetaOperator,1,0
DK1970,S2-sin-theta,TauCeti.DavisKahan.ExactSinTheta.directedSinThetaOperatorOfPolarData,3,0
DK1970,S2-sin-theta,TauCeti.DavisKahan.ExactSinTheta.directedSinThetaOperatorReal,2,0
DK1970,S2-sin-theta,TauCeti.DavisKahan.ExactSinTheta.frameIsometry,2,0
DK1970,S2-sin-theta,TauCeti.DavisKahan.ExactSinTheta.frameIsometryOfPolarData,4,0
DK1970,S2-sin-theta,TauCeti.DavisKahan.ExactSinTheta.gramInvSqrt,3,0
DK1970,S2-sin-theta,TauCeti.DavisKahan.ExactSinTheta.linearPMap_FormBoundedSylvesterGap,5,0
DK1970,S2-sin-theta,TauCeti.DavisKahan.ExactSinTheta.lowerFramePolarData,4,0
DK1970,S2-sin-theta,TauCeti.DavisKahan.ExactSinTheta.lowerFramePolarDataReal,3,0
DK1970,S2-sin-theta,TauCeti.DavisKahan.ExactSinTheta.lowerFramePolarData_nonempty,5,0
DK1970,S2-sin-theta,TauCeti.DavisKahan.ExactSinTheta.lowerFramePolarData_real_nonempty,4,0
DK1970,S2-sin-theta,TauCeti.DavisKahan.IsometricEmbedding,1,0
DK1970,S2-sin-theta,TauCeti.DavisKahan1970.UnitaryInvariantNorm,1,0
DK1970,S2-sin-theta,TauCeti.DavisKahan1970.generalizedSinTheta,0,1
DK1970,S2-sin-theta,TauCeti.DavisKahan1970.generalizedSinTheta_real_exactPaper,0,1
DK1970,S2-sin-theta,TauCeti.DavisKahan1970.sinTheta,0,1
DK1970,S2-sin-theta,TauCeti.DavisKahan1970.sinTheta_headline_generic,0,1
DK1970,S2-sin-theta,TauCeti.DavisKahan1970.sinTheta_real_exactPaper,0,1
DK1970,S2-sin-theta,TauCeti.DavisKahanExt.ClosedOperator,1,0
DK1970,S2-sin-theta,TauCeti.DavisKahanExt.ClosedOperator.IsSelfAdjoint,1,0
DK1970,S2-sin-theta,TauCeti.DavisKahanExt.ClosedOperator.domain,1,0
DK1970,S2-sin-theta,TauCeti.DavisKahanExt.ClosedOperator.toLinearMap,1,0
DK1970,S2-sin-theta,TauCeti.DavisKahanExt.ClosedOperator.toLinearPMap,1,0
DK1970,S2-sin-theta,TauCeti.LinearPMap.realResolventSet,2,0
DK1970,S2-sin-theta,TauCeti.LinearPMap.realSpectrum,1,0
DK1970,S2-sin-theta,TauCeti.OperatorIdealFamily,3,0
DK1970,S2-sin-theta,TauCeti.OperatorIdealFamily.gauge,2,0
DK1970,S2-sin-theta,TauCeti.SymmetricOperatorIdealFamily,3,0
DK1970,S2-sin-theta,TauCeti.SymmetricOperatorIdealFamily.toOperatorIdealFamily,2,0
DK1970,S2-sin-theta,TauCeti.UnitarilyInvariantSeminorm,6,0
DK1970,S2-sin-theta,TauCeti.UnitarilyInvariantSeminorm.gauge,5,0
DK1970,S2-sin-theta,TauCeti.UnitarilyInvariantSeminorm.toFun,6,0
DK1970,S2-sin-theta,TauCeti.diagOp,6,0
DK1970,S2-sin-two-theta,ContinuousLinearMap.Reduces,1,0
DK1970,S2-sin-two-theta,ContinuousLinearMap.approximationNumber,6,0
DK1970,S2-sin-two-theta,ContinuousLinearMap.modulus,4,0
DK1970,S2-sin-two-theta,LinearMap.IsPositive.sqrt,4,0
DK1970,S2-sin-two-theta,Submodule.reflectionOperator,1,0
DK1970,S2-sin-two-theta,TauCeti.ApproximationNumber.approximationSingularValue,5,0
DK1970,S2-sin-two-theta,TauCeti.BorelCalculus.IsBddMeasurable,6,0
DK1970,S2-sin-two-theta,TauCeti.BorelCalculus.IsBddMeasurable.chooseBound,6,0
DK1970,S2-sin-two-theta,TauCeti.BorelCalculus.IsBddMeasurable.exists_bound,7,0
DK1970,S2-sin-two-theta,TauCeti.BorelCalculus.borelCalculus,5,0
DK1970,S2-sin-two-theta,TauCeti.BorelCalculus.borelVector,6,0
DK1970,S2-sin-two-theta,TauCeti.BorelCalculus.diagFunctional,6,0
DK1970,S2-sin-two-theta,TauCeti.BorelCalculus.diagMeasure,5,0
DK1970,S2-sin-two-theta,TauCeti.BorelCalculus.inner_specProj_self,4,0
DK1970,S2-sin-two-theta,TauCeti.BorelCalculus.isFiniteMeasure_specDiag,4,0
DK1970,S2-sin-two-theta,TauCeti.BorelCalculus.norm_borelVector_le,6,0
DK1970,S2-sin-two-theta,TauCeti.BorelCalculus.ofRealLM,7,0
DK1970,S2-sin-two-theta,TauCeti.BorelCalculus.pair,8,0
DK1970,S2-sin-two-theta,TauCeti.BorelCalculus.pairFunctional,7,0
DK1970,S2-sin-two-theta,TauCeti.BorelCalculus.specDiag,4,0
DK1970,S2-sin-two-theta,TauCeti.BorelCalculus.specProj,4,0
DK1970,S2-sin-two-theta,TauCeti.BorelCalculus.specProj_inter,4,0
DK1970,S2-sin-two-theta,TauCeti.BorelCalculus.specProj_univ,4,0
DK1970,S2-sin-two-theta,TauCeti.BorelCalculus.toProjValMeasure,3,0
DK1970,S2-sin-two-theta,TauCeti.DavisKahan.DKClosedOperator,1,0
DK1970,S2-sin-two-theta,TauCeti.DavisKahan.ExactSinTheta.ClosedOperatorComplexification.complexify,3,0
DK1970,S2-sin-two-theta,TauCeti.DavisKahan.ExactSinTheta.ClosedOperatorComplexification.domain,4,0
DK1970,S2-sin-two-theta,TauCeti.DavisKahan.ExactSinTheta.ClosedOperatorComplexification.domainIm,5,0
DK1970,S2-sin-two-theta,TauCeti.DavisKahan.ExactSinTheta.ClosedOperatorComplexification.domainRe,5,0
DK1970,S2-sin-two-theta,TauCeti.DavisKahan.ExactSinTheta.ClosedOperatorComplexification.isSelfAdjoint_complexify,3,0
DK1970,S2-sin-two-theta,TauCeti.DavisKahan.ExactSinTheta.ClosedOperatorComplexification.linearMap,4,0
DK1970,S2-sin-two-theta,TauCeti.DavisKahan.ExactSinTheta.ClosedOperatorE,2,0
DK1970,S2-sin-two-theta,TauCeti.DavisKahan.ExactSinTheta.FormBoundedSylvesterGap,1,0
DK1970,S2-sin-two-theta,TauCeti.DavisKahan.ExactSinTheta.KyFanDominantIdealFamily,1,0
DK1970,S2-sin-two-theta,TauCeti.DavisKahan.ExactSinTheta.KyFanDominantIdealFamily.Mem,1,0
DK1970,S2-sin-two-theta,TauCeti.DavisKahan.ExactSinTheta.KyFanDominantIdealFamily.gauge,1,0
DK1970,S2-sin-two-theta,TauCeti.DavisKahan.ExactSinTheta.KyFanDominantIdealFamily.toSymmetricOperatorIdealFamily,2,0
DK1970,S2-sin-two-theta,TauCeti.DavisKahan.ExactSinTheta.PaperSinThetaRepresentative,1,0
DK1970,S2-sin-two-theta,TauCeti.DavisKahan.ExactSinTheta.PaperSinThetaRepresentative.operator,1,0
DK1970,S2-sin-two-theta,TauCeti.DavisKahan.ExactSinTheta.PaperUnitaryInvariantNorm,1,0
DK1970,S2-sin-two-theta,TauCeti.DavisKahan.ExactSinTheta.PaperUnitaryInvariantNorm.Mem,1,0
DK1970,S2-sin-two-theta,TauCeti.DavisKahan.ExactSinTheta.PaperUnitaryInvariantNorm.approximationPrefix,4,0
DK1970,S2-sin-two-theta,TauCeti.DavisKahan.ExactSinTheta.PaperUnitaryInvariantNorm.extendedGauge,2,0
DK1970,S2-sin-two-theta,TauCeti.DavisKahan.ExactSinTheta.PaperUnitaryInvariantNorm.finiteGauge,4,0
DK1970,S2-sin-two-theta,TauCeti.DavisKahan.ExactSinTheta.PaperUnitaryInvariantNorm.finiteNorm,5,0
DK1970,S2-sin-two-theta,TauCeti.DavisKahan.ExactSinTheta.PaperUnitaryInvariantNorm.gauge,1,0
DK1970,S2-sin-two-theta,TauCeti.DavisKahan.ExactSinTheta.PaperUnitaryInvariantNorm.prefixGauge,3,0
DK1970,S2-sin-two-theta,TauCeti.DavisKahan.ExactSinTheta.RealSpectrumIntervalExteriorGap,1,0
DK1970,S2-sin-two-theta,TauCeti.DavisKahan.ExactSinTheta.SemiboundedAbove,1,0
DK1970,S2-sin-two-theta,TauCeti.DavisKahan.ExactSinTheta.SemiboundedBelow,1,0
DK1970,S2-sin-two-theta,TauCeti.DavisKahan.ExactSinTheta.linearPMap_FormBoundedSylvesterGap,2,0
DK1970,S2-sin-two-theta,TauCeti.DavisKahan.ExactSinTheta.linearPMap_RealSpectrumIntervalExteriorGap,2,0
DK1970,S2-sin-two-theta,TauCeti.DavisKahan.Foundation.RealComplexification.complexifySubmodule,2,0
DK1970,S2-sin-two-theta,TauCeti.DavisKahan.Foundation.RealComplexification.instHasOrthogonalProjectionComplexifySubmodule,2,0
DK1970,S2-sin-two-theta,TauCeti.DavisKahan.IsSelfAdjointOperator,1,0
DK1970,S2-sin-two-theta,TauCeti.DavisKahan.RealSpectralRestriction.realSelfAdjointSpectralProjection,2,0
DK1970,S2-sin-two-theta,TauCeti.DavisKahan.RealSpectralRestriction.realSelfAdjointSpectralRestriction,1,0
DK1970,S2-sin-two-theta,TauCeti.DavisKahan.RealSpectralRestriction.realSelfAdjointSpectralSubspace,1,0
DK1970,S2-sin-two-theta,TauCeti.DavisKahan.RealSpectralRestriction.realSelfAdjointSpectralSubspace_hasOrthogonalProjection,1,0
DK1970,S2-sin-two-theta,TauCeti.DavisKahan.RealSpectralRestriction.realSelfAdjointSpectralSubspace_reducing,2,0
DK1970,S2-sin-two-theta,TauCeti.DavisKahan.addBounded_isSelfAdjoint,1,0
DK1970,S2-sin-two-theta,TauCeti.DavisKahan.closedOperatorOfSelfAdjointPMap,2,0
DK1970,S2-sin-two-theta,TauCeti.DavisKahan.selfAdjointSpectralProjection,3,0
DK1970,S2-sin-two-theta,TauCeti.DavisKahan.selfAdjointSpectralRestriction,1,0
DK1970,S2-sin-two-theta,TauCeti.DavisKahan.selfAdjointSpectralSubspace,1,0
DK1970,S2-sin-two-theta,TauCeti.DavisKahan.selfAdjointSpectralSubspace_hasOrthogonalProjection,1,0
DK1970,S2-sin-two-theta,TauCeti.DavisKahan.sinTwoThetaIdealBlock,1,0
DK1970,S2-sin-two-theta,TauCeti.DavisKahan1970.compressOperatorReal,1,0
DK1970,S2-sin-two-theta,TauCeti.DavisKahan1970.headlineCompleteF,1,0
DK1970,S2-sin-two-theta,TauCeti.DavisKahan1970.instCompleteSpaceCoeOfHasOrthogonalProjectionDirectedResidual,1,0
DK1970,S2-sin-two-theta,TauCeti.DavisKahan1970.instCompleteSpaceCoeOfHasOrthogonalProjectionDirectedResidualReal,1,0
DK1970,S2-sin-two-theta,TauCeti.DavisKahan1970.sinTwoTheta_headline_generic_directed,0,1
DK1970,S2-sin-two-theta,TauCeti.DavisKahan1970.sinTwoTheta_unbounded_directedResidual_paperUINorm,0,1
DK1970,S2-sin-two-theta,TauCeti.DavisKahan1970.sinTwoTheta_unbounded_directedResidual_paperUINorm_real,0,1
DK1970,S2-sin-two-theta,TauCeti.DavisKahan1970.sinTwoTheta_unbounded_directedResidual_paperUINorm_real_of_intervalExterior,0,1
DK1970,S2-sin-two-theta,TauCeti.DavisKahan1970.sinTwoTheta_wholeSpace_paperUINorm,0,1
DK1970,S2-sin-two-theta,TauCeti.DavisKahan1970.sinTwoTheta_wholeSpace_paperUINorm_real,0,1
DK1970,S2-sin-two-theta,TauCeti.DavisKahan1970.unbounded_sinTwoTheta_residual_uiNorm_representative,0,1
DK1970,S2-sin-two-theta,TauCeti.DavisKahan1970.unbounded_sinTwoTheta_residual_uiNorm_representative_real,0,1
DK1970,S2-sin-two-theta,TauCeti.DavisKahan1970.unbounded_sinTwoTheta_uiNorm_representative,0,1
DK1970,S2-sin-two-theta,TauCeti.DavisKahan1970.unbounded_sinTwoTheta_uiNorm_representative_real,0,1
DK1970,S2-sin-two-theta,TauCeti.DavisKahanExt.ClosedOperator,1,0
DK1970,S2-sin-two-theta,TauCeti.DavisKahanExt.ClosedOperator.IsSelfAdjoint,1,0
DK1970,S2-sin-two-theta,TauCeti.DavisKahanExt.ClosedOperator.ReducesSubspace,3,0
DK1970,S2-sin-two-theta,TauCeti.DavisKahanExt.ClosedOperator.addBounded,1,0
DK1970,S2-sin-two-theta,TauCeti.DavisKahanExt.ClosedOperator.dense_domain,2,0
DK1970,S2-sin-two-theta,TauCeti.DavisKahanExt.ClosedOperator.domain,1,0
DK1970,S2-sin-two-theta,TauCeti.DavisKahanExt.ClosedOperator.mk,2,0
DK1970,S2-sin-two-theta,TauCeti.DavisKahanExt.ClosedOperator.reducingRestriction,2,0
DK1970,S2-sin-two-theta,TauCeti.DavisKahanExt.ClosedOperator.toLinearMap,1,0
DK1970,S2-sin-two-theta,TauCeti.DavisKahanExt.ClosedOperator.toLinearPMap,1,0
DK1970,S2-sin-two-theta,TauCeti.DavisKahanExt.compressOperator,1,0
DK1970,S2-sin-two-theta,TauCeti.DavisKahanExt.paperAngleOperatorC,2,0
DK1970,S2-sin-two-theta,TauCeti.DavisKahanExt.paperSinTwoAngleOperatorC,1,0
DK1970,S2-sin-two-theta,TauCeti.DavisKahanExt.paperSinTwoAngleOperatorR,1,0
DK1970,S2-sin-two-theta,TauCeti.DavisKahanExt.sinAngleOperatorC,3,0
DK1970,S2-sin-two-theta,TauCeti.DavisKahanTheory.sinTwoThetaEmbedding,1,0
DK1970,S2-sin-two-theta,TauCeti.IsInvariant,1,0
DK1970,S2-sin-two-theta,TauCeti.LinearPMap.InvariantSubspace,5,0
DK1970,S2-sin-two-theta,TauCeti.LinearPMap.ReducesSubspace,4,0
DK1970,S2-sin-two-theta,TauCeti.LinearPMap.SemiboundedAbove,2,0
DK1970,S2-sin-two-theta,TauCeti.LinearPMap.SemiboundedBelow,2,0
DK1970,S2-sin-two-theta,TauCeti.LinearPMap.cayley,3,0
DK1970,S2-sin-two-theta,TauCeti.LinearPMap.cayleyInv,3,0
DK1970,S2-sin-two-theta,TauCeti.LinearPMap.isStarNormal_cayley,3,0
DK1970,S2-sin-two-theta,TauCeti.LinearPMap.measurable_cayleyInv,3,0
DK1970,S2-sin-two-theta,TauCeti.LinearPMap.negI_mem_resolventSet,4,0
DK1970,S2-sin-two-theta,TauCeti.LinearPMap.realResolventSet,4,0
DK1970,S2-sin-two-theta,TauCeti.LinearPMap.realSpectrum,3,0
DK1970,S2-sin-two-theta,TauCeti.LinearPMap.reducingRestriction,3,0
DK1970,S2-sin-two-theta,TauCeti.LinearPMap.reducingRestrictionDomain,4,0
DK1970,S2-sin-two-theta,TauCeti.LinearPMap.reducingRestrictionDomainToAmbient,5,0
DK1970,S2-sin-two-theta,TauCeti.LinearPMap.reducingRestrictionLinearMap,4,0
DK1970,S2-sin-two-theta,TauCeti.LinearPMap.resolvent,4,0
DK1970,S2-sin-two-theta,TauCeti.LinearPMap.resolventSet,2,0
DK1970,S2-sin-two-theta,TauCeti.LinearPMap.specProjection,4,0
DK1970,S2-sin-two-theta,TauCeti.LinearPMap.specRange,3,0
DK1970,S2-sin-two-theta,TauCeti.LinearPMap.specRestrict,2,0
DK1970,S2-sin-two-theta,TauCeti.LinearPMap.spectralPVM,2,0
DK1970,S2-sin-two-theta,TauCeti.LinearPMap.spectrum,1,0
DK1970,S2-sin-two-theta,TauCeti.OperatorIdealFamily,3,0
DK1970,S2-sin-two-theta,TauCeti.OperatorIdealFamily.gauge,2,0
DK1970,S2-sin-two-theta,TauCeti.ProjValMeasure,3,0
DK1970,S2-sin-two-theta,TauCeti.ProjValMeasure.mk,4,0
DK1970,S2-sin-two-theta,TauCeti.ProjValMeasure.proj,3,0
DK1970,S2-sin-two-theta,TauCeti.RealComplexification,2,0
DK1970,S2-sin-two-theta,TauCeti.RealComplexification.im,3,0
DK1970,S2-sin-two-theta,TauCeti.RealComplexification.instAddCommGroup,3,0
DK1970,S2-sin-two-theta,TauCeti.RealComplexification.instCompleteSpace,2,0
DK1970,S2-sin-two-theta,TauCeti.RealComplexification.instInnerProductSpaceComplex,2,0
DK1970,S2-sin-two-theta,TauCeti.RealComplexification.instModuleComplex,3,0
DK1970,S2-sin-two-theta,TauCeti.RealComplexification.instModuleReal,3,0
DK1970,S2-sin-two-theta,TauCeti.RealComplexification.instNormedAddCommGroup,2,0
DK1970,S2-sin-two-theta,TauCeti.RealComplexification.instNormedSpaceComplex,3,0
DK1970,S2-sin-two-theta,TauCeti.RealComplexification.instSMulComplex,4,0
DK1970,S2-sin-two-theta,TauCeti.RealComplexification.instSMulReal,4,0
DK1970,S2-sin-two-theta,TauCeti.RealComplexification.mk,4,0
DK1970,S2-sin-two-theta,TauCeti.RealComplexification.ofReal,3,0
DK1970,S2-sin-two-theta,TauCeti.RealComplexification.re,3,0
DK1970,S2-sin-two-theta,TauCeti.RealComplexification.realPartOperator,2,0
DK1970,S2-sin-two-theta,TauCeti.SpectrumIn,1,0
DK1970,S2-sin-two-theta,TauCeti.SymmetricOperatorIdealFamily,3,0
DK1970,S2-sin-two-theta,TauCeti.SymmetricOperatorIdealFamily.toOperatorIdealFamily,2,0
DK1970,S2-sin-two-theta,TauCeti.UnitarilyInvariantSeminorm,6,0
DK1970,S2-sin-two-theta,TauCeti.UnitarilyInvariantSeminorm.gauge,5,0
DK1970,S2-sin-two-theta,TauCeti.UnitarilyInvariantSeminorm.toFun,6,0
DK1970,S2-sin-two-theta,TauCeti.complementaryProjection,3,0
DK1970,S2-sin-two-theta,TauCeti.cosThetaEmbedding,3,0
DK1970,S2-sin-two-theta,TauCeti.cosThetaMagnitude,2,0
DK1970,S2-sin-two-theta,TauCeti.diagOp,6,0
DK1970,S2-sin-two-theta,TauCeti.projection,4,0
DK1970,S2-sin-two-theta,TauCeti.pvmRangeSubspace,2,0
DK1970,S2-sin-two-theta,TauCeti.residual,1,0
DK1970,S2-sin-two-theta,TauCeti.restrictedSpectrum,2,0
DK1970,S2-sin-two-theta,TauCeti.selfAdjointFunctionalCalculus,5,0
DK1970,S2-sin-two-theta,TauCeti.sinThetaEmbedding,2,0
DK1970,S2-sin-two-theta,TauCeti.trialGramSqrt,3,0
DK1970,S2-tan-theta,ContinuousLinearMap.Reduces,1,0
DK1970,S2-tan-theta,ContinuousLinearMap.approximationNumber,3,0
DK1970,S2-tan-theta,ContinuousLinearMap.modulus,2,0
DK1970,S2-tan-theta,TauCeti.ApproximationNumber.approximationSingularValue,2,0
DK1970,S2-tan-theta,TauCeti.DavisKahan.DKClosedOperator,1,0
DK1970,S2-tan-theta,TauCeti.DavisKahan.ExactSinTheta.ClosedOperatorE,2,0
DK1970,S2-tan-theta,TauCeti.DavisKahan.ExactSinTheta.KyFanDominantIdealFamily,1,0
DK1970,S2-tan-theta,TauCeti.DavisKahan.ExactSinTheta.KyFanDominantIdealFamily.Mem,1,0
DK1970,S2-tan-theta,TauCeti.DavisKahan.ExactSinTheta.KyFanDominantIdealFamily.gauge,1,0
DK1970,S2-tan-theta,TauCeti.DavisKahan.ExactSinTheta.KyFanDominantIdealFamily.toSymmetricOperatorIdealFamily,2,0
DK1970,S2-tan-theta,TauCeti.DavisKahan.ExactSinTheta.PaperUnitaryInvariantNorm,1,0
DK1970,S2-tan-theta,TauCeti.DavisKahan.ExactSinTheta.PaperUnitaryInvariantNorm.Mem,1,0
DK1970,S2-tan-theta,TauCeti.DavisKahan.ExactSinTheta.PaperUnitaryInvariantNorm.approximationPrefix,4,0
DK1970,S2-tan-theta,TauCeti.DavisKahan.ExactSinTheta.PaperUnitaryInvariantNorm.extendedGauge,2,0
DK1970,S2-tan-theta,TauCeti.DavisKahan.ExactSinTheta.PaperUnitaryInvariantNorm.finiteGauge,4,0
DK1970,S2-tan-theta,TauCeti.DavisKahan.ExactSinTheta.PaperUnitaryInvariantNorm.finiteNorm,5,0
DK1970,S2-tan-theta,TauCeti.DavisKahan.ExactSinTheta.PaperUnitaryInvariantNorm.gauge,1,0
DK1970,S2-tan-theta,TauCeti.DavisKahan.ExactSinTheta.PaperUnitaryInvariantNorm.prefixGauge,3,0
DK1970,S2-tan-theta,TauCeti.DavisKahan.ExactSinTheta.SemiboundedAbove,1,0
DK1970,S2-tan-theta,TauCeti.DavisKahan.ExactTanTheta.HasTheorem63DirectedTangentApproximationNumbersInfinite,1,0
DK1970,S2-tan-theta,TauCeti.DavisKahan.ExactTanTheta.UnboundedCompressionTrialData,1,0
DK1970,S2-tan-theta,TauCeti.DavisKahan.ExactTanTheta.UnboundedCompressionTrialData.action,1,0
DK1970,S2-tan-theta,TauCeti.DavisKahan.ExactTanTheta.UnboundedCompressionTrialData.compression,1,0
DK1970,S2-tan-theta,TauCeti.DavisKahan.ExactTanTheta.UnboundedCompressionTrialData.residual,1,0
DK1970,S2-tan-theta,TauCeti.DavisKahan.ExactTanTheta.theorem63Compression,1,0
DK1970,S2-tan-theta,TauCeti.DavisKahan.ExactTanTheta.theorem63DirectedSineBlock,2,0
DK1970,S2-tan-theta,TauCeti.DavisKahan.Foundation.RealComplexification.complexifySubmodule,2,0
DK1970,S2-tan-theta,TauCeti.DavisKahan.Foundation.RealComplexification.instHasOrthogonalProjectionComplexifySubmodule,2,0
DK1970,S2-tan-theta,TauCeti.DavisKahan.Frontier.CrossedDefectsEquivalent,1,0
DK1970,S2-tan-theta,TauCeti.DavisKahan.Section2.theorem6_3_perturbation_infiniteTrial,0,1
DK1970,S2-tan-theta,TauCeti.DavisKahan.TanTheta.UnboundedTrialBlock,1,0
DK1970,S2-tan-theta,TauCeti.DavisKahan.TanTheta.UnboundedTrialBlock.operator,1,0
DK1970,S2-tan-theta,TauCeti.DavisKahan.TanTheta.UnboundedTrialBlock.residual,1,0
DK1970,S2-tan-theta,TauCeti.DavisKahan.halmosSourceDefect,2,0
DK1970,S2-tan-theta,TauCeti.DavisKahan.halmosTargetDefect,2,0
DK1970,S2-tan-theta,TauCeti.DavisKahan1970.compressOperatorReal,1,0
DK1970,S2-tan-theta,TauCeti.DavisKahan1970.headlineCompleteF,1,0
DK1970,S2-tan-theta,TauCeti.DavisKahan1970.instCompleteSpaceCoeOfHasOrthogonalProjectionTanThetaUnboundedAmbient,1,0
DK1970,S2-tan-theta,TauCeti.DavisKahan1970.instCompleteSpaceCoeOfHasOrthogonalProjectionUnboundedAmbientReal,1,0
DK1970,S2-tan-theta,TauCeti.DavisKahan1970.tanTheta_headline_generic_directed,0,1
DK1970,S2-tan-theta,TauCeti.DavisKahan1970.tanTheta_unboundedCompression_ambient_paperUINorm_exact,0,1
DK1970,S2-tan-theta,TauCeti.DavisKahan1970.tanTheta_unboundedCompression_ambient_paperUINorm_real_exact,0,1
DK1970,S2-tan-theta,TauCeti.DavisKahan1970.tanTheta_unbounded_ambient_paperUINorm_exact,0,1
DK1970,S2-tan-theta,TauCeti.DavisKahan1970.tanTheta_unbounded_ambient_paperUINorm_real_exact,0,1
DK1970,S2-tan-theta,TauCeti.DavisKahan1970.tanTheta_wholeSpace_paperUINorm,0,1
DK1970,S2-tan-theta,TauCeti.DavisKahan1970.tanTheta_wholeSpace_paperUINorm_of_crossedDefectsEquivalent,0,1
DK1970,S2-tan-theta,TauCeti.DavisKahan1970.tanTheta_wholeSpace_paperUINorm_real,0,1
DK1970,S2-tan-theta,TauCeti.DavisKahan1970.tanTheta_wholeSpace_paperUINorm_real_of_crossedDefectsEquivalent,0,1
DK1970,S2-tan-theta,TauCeti.DavisKahanExt.ClosedOperator,1,0
DK1970,S2-tan-theta,TauCeti.DavisKahanExt.ClosedOperator.domain,1,0
DK1970,S2-tan-theta,TauCeti.DavisKahanExt.ClosedOperator.toLinearMap,1,0
DK1970,S2-tan-theta,TauCeti.DavisKahanExt.ClosedOperator.toLinearPMap,2,0
DK1970,S2-tan-theta,TauCeti.DavisKahanExt.paperAngleOperatorC,2,0
DK1970,S2-tan-theta,TauCeti.DavisKahanExt.paperSinAngleOperatorR,1,0
DK1970,S2-tan-theta,TauCeti.DavisKahanExt.paperTanAngleOperatorC,1,0
DK1970,S2-tan-theta,TauCeti.DavisKahanExt.paperTanAngleOperatorR,1,0
DK1970,S2-tan-theta,TauCeti.DavisKahanExt.sinAngleOperatorC,1,0
DK1970,S2-tan-theta,TauCeti.DavisKahanTheory.TanThetaIntervalGap,1,0
DK1970,S2-tan-theta,TauCeti.DavisKahanTheory.partIII_tanTheta_ritzResidual_uiNorm,0,1
DK1970,S2-tan-theta,TauCeti.IsInvariant,1,0
DK1970,S2-tan-theta,TauCeti.LinearPMap.SemiboundedAbove,2,0
DK1970,S2-tan-theta,TauCeti.OperatorIdealFamily,3,0
DK1970,S2-tan-theta,TauCeti.OperatorIdealFamily.gauge,2,0
DK1970,S2-tan-theta,TauCeti.RealComplexification,2,0
DK1970,S2-tan-theta,TauCeti.RealComplexification.im,3,0
DK1970,S2-tan-theta,TauCeti.RealComplexification.instAddCommGroup,3,0
DK1970,S2-tan-theta,TauCeti.RealComplexification.instCompleteSpace,2,0
DK1970,S2-tan-theta,TauCeti.RealComplexification.instInnerProductSpaceComplex,2,0
DK1970,S2-tan-theta,TauCeti.RealComplexification.instModuleComplex,3,0
DK1970,S2-tan-theta,TauCeti.RealComplexification.instModuleReal,3,0
DK1970,S2-tan-theta,TauCeti.RealComplexification.instNormedAddCommGroup,2,0
DK1970,S2-tan-theta,TauCeti.RealComplexification.instNormedSpaceComplex,3,0
DK1970,S2-tan-theta,TauCeti.RealComplexification.instSMulComplex,4,0
DK1970,S2-tan-theta,TauCeti.RealComplexification.instSMulReal,4,0
DK1970,S2-tan-theta,TauCeti.RealComplexification.mk,4,0
DK1970,S2-tan-theta,TauCeti.RealComplexification.ofReal,3,0
DK1970,S2-tan-theta,TauCeti.RealComplexification.re,3,0
DK1970,S2-tan-theta,TauCeti.RealComplexification.realPartOperator,2,0
DK1970,S2-tan-theta,TauCeti.RectangularUnitarilyInvariantSeminorm,1,0
DK1970,S2-tan-theta,TauCeti.RectangularUnitarilyInvariantSeminorm.toFun,1,0
DK1970,S2-tan-theta,TauCeti.SpectrumIn,1,0
DK1970,S2-tan-theta,TauCeti.SymmetricOperatorIdealFamily,3,0
DK1970,S2-tan-theta,TauCeti.SymmetricOperatorIdealFamily.toOperatorIdealFamily,2,0
DK1970,S2-tan-theta,TauCeti.UnitarilyInvariantSeminorm,6,0
DK1970,S2-tan-theta,TauCeti.UnitarilyInvariantSeminorm.gauge,5,0
DK1970,S2-tan-theta,TauCeti.UnitarilyInvariantSeminorm.toFun,6,0
DK1970,S2-tan-theta,TauCeti.approximateSubspace,1,0
DK1970,S2-tan-theta,TauCeti.complementaryProjection,5,0
DK1970,S2-tan-theta,TauCeti.compression,1,0
DK1970,S2-tan-theta,TauCeti.diagOp,6,0
DK1970,S2-tan-theta,TauCeti.principalAngles,2,0
DK1970,S2-tan-theta,TauCeti.principalSines,3,0
DK1970,S2-tan-theta,TauCeti.principalTangents,1,0
DK1970,S2-tan-theta,TauCeti.projection,5,0
DK1970,S2-tan-theta,TauCeti.residual,2,0
DK1970,S2-tan-theta,TauCeti.restrictedSpectrum,2,0
DK1970,S2-tan-theta,TauCeti.ritzResidual,1,0
DK1970,S2-tan-theta,TauCeti.sinThetaMap,4,0
DK1970,S2-tan-two-theta,ContinuousLinearMap.approximationNumber,2,0
DK1970,S2-tan-two-theta,ContinuousLinearMap.modulus,4,0
DK1970,S2-tan-two-theta,Submodule.diagonalPart,1,0
DK1970,S2-tan-two-theta,Submodule.offDiagonalPart,2,0
DK1970,S2-tan-two-theta,TauCeti.ApproximationNumber.approximationSingularValue,1,0
DK1970,S2-tan-two-theta,TauCeti.BorelCalculus.IsBddMeasurable,7,0
DK1970,S2-tan-two-theta,TauCeti.BorelCalculus.IsBddMeasurable.chooseBound,7,0
DK1970,S2-tan-two-theta,TauCeti.BorelCalculus.IsBddMeasurable.exists_bound,8,0
DK1970,S2-tan-two-theta,TauCeti.BorelCalculus.borelCalculus,6,0
DK1970,S2-tan-two-theta,TauCeti.BorelCalculus.borelVector,7,0
DK1970,S2-tan-two-theta,TauCeti.BorelCalculus.diagFunctional,7,0
DK1970,S2-tan-two-theta,TauCeti.BorelCalculus.diagMeasure,6,0
DK1970,S2-tan-two-theta,TauCeti.BorelCalculus.inner_specProj_self,5,0
DK1970,S2-tan-two-theta,TauCeti.BorelCalculus.isFiniteMeasure_specDiag,5,0
DK1970,S2-tan-two-theta,TauCeti.BorelCalculus.norm_borelVector_le,7,0
DK1970,S2-tan-two-theta,TauCeti.BorelCalculus.ofRealLM,8,0
DK1970,S2-tan-two-theta,TauCeti.BorelCalculus.pair,9,0
DK1970,S2-tan-two-theta,TauCeti.BorelCalculus.pairFunctional,8,0
DK1970,S2-tan-two-theta,TauCeti.BorelCalculus.specDiag,5,0
DK1970,S2-tan-two-theta,TauCeti.BorelCalculus.specProj,5,0
DK1970,S2-tan-two-theta,TauCeti.BorelCalculus.specProj_inter,5,0
DK1970,S2-tan-two-theta,TauCeti.BorelCalculus.specProj_univ,5,0
DK1970,S2-tan-two-theta,TauCeti.BorelCalculus.toProjValMeasure,4,0
DK1970,S2-tan-two-theta,TauCeti.DavisKahan.ExactSinTheta.PaperUnitaryInvariantNorm,1,0
DK1970,S2-tan-two-theta,TauCeti.DavisKahan.ExactSinTheta.PaperUnitaryInvariantNorm.Mem,1,0
DK1970,S2-tan-two-theta,TauCeti.DavisKahan.ExactSinTheta.PaperUnitaryInvariantNorm.approximationPrefix,4,0
DK1970,S2-tan-two-theta,TauCeti.DavisKahan.ExactSinTheta.PaperUnitaryInvariantNorm.extendedGauge,2,0
DK1970,S2-tan-two-theta,TauCeti.DavisKahan.ExactSinTheta.PaperUnitaryInvariantNorm.finiteGauge,4,0
DK1970,S2-tan-two-theta,TauCeti.DavisKahan.ExactSinTheta.PaperUnitaryInvariantNorm.finiteNorm,5,0
DK1970,S2-tan-two-theta,TauCeti.DavisKahan.ExactSinTheta.PaperUnitaryInvariantNorm.gauge,1,0
DK1970,S2-tan-two-theta,TauCeti.DavisKahan.ExactSinTheta.PaperUnitaryInvariantNorm.prefixGauge,3,0
DK1970,S2-tan-two-theta,TauCeti.DavisKahan.ExactSinTheta.instCompleteSpaceCoeOfHasOrthogonalProjectionLemma61,2,0
DK1970,S2-tan-two-theta,TauCeti.DavisKahan.ExactSinTheta.paperBlockCompression,1,0
DK1970,S2-tan-two-theta,TauCeti.DavisKahan.ExactSinTheta.paperProjectionBlock,1,0
DK1970,S2-tan-two-theta,TauCeti.DavisKahan.Foundation.RealComplexification.complexifySubmodule,2,0
DK1970,S2-tan-two-theta,TauCeti.DavisKahan.Foundation.RealComplexification.instHasOrthogonalProjectionComplexifySubmodule,2,0
DK1970,S2-tan-two-theta,TauCeti.DavisKahan1970.compressOperatorReal,1,0
DK1970,S2-tan-two-theta,TauCeti.DavisKahan1970.instCompleteSpaceCoeOfHasOrthogonalProjectionUnboundedExact,1,0
DK1970,S2-tan-two-theta,TauCeti.DavisKahan1970.paperDoubleSecant,1,0
DK1970,S2-tan-two-theta,TauCeti.DavisKahan1970.paperProjectorDifference,1,0
DK1970,S2-tan-two-theta,TauCeti.DavisKahan1970.paperTanTwoDirectedCornerR,1,0
DK1970,S2-tan-two-theta,TauCeti.DavisKahan1970.reflectionResidualCorner,1,0
DK1970,S2-tan-two-theta,TauCeti.DavisKahan1970.reflectionTangentCorner,1,0
DK1970,S2-tan-two-theta,TauCeti.DavisKahan1970.tanTwoTheta_directedCorner_residual_paperUINorm_exact,0,1
DK1970,S2-tan-two-theta,TauCeti.DavisKahan1970.tanTwoTheta_directedCorner_residual_paperUINorm_real_exact,0,1
DK1970,S2-tan-two-theta,TauCeti.DavisKahan1970.tanTwoTheta_headline_generic,0,1
DK1970,S2-tan-two-theta,TauCeti.DavisKahan1970.tanTwoTheta_unbounded_ambient_paperUINorm_exact,0,1
DK1970,S2-tan-two-theta,TauCeti.DavisKahan1970.tanTwoTheta_unbounded_ambient_paperUINorm_real_exact,0,1
DK1970,S2-tan-two-theta,TauCeti.DavisKahan1970.tanTwoTheta_unbounded_directedResidual_paperUINorm_exact,0,1
DK1970,S2-tan-two-theta,TauCeti.DavisKahan1970.tanTwoTheta_unbounded_directedResidual_paperUINorm_real_exact,0,1
DK1970,S2-tan-two-theta,TauCeti.DavisKahan1970.tanTwoTheta_wholeSpace_paperUINorm_exact,0,1
DK1970,S2-tan-two-theta,TauCeti.DavisKahan1970.tanTwoTheta_wholeSpace_paperUINorm_real_exact,0,1
DK1970,S2-tan-two-theta,TauCeti.DavisKahan1970.unboundedReflectionTangent,1,0
DK1970,S2-tan-two-theta,TauCeti.DavisKahanExt.compressOperator,1,0
DK1970,S2-tan-two-theta,TauCeti.DavisKahanExt.paperAngleOperatorC,2,0
DK1970,S2-tan-two-theta,TauCeti.DavisKahanExt.paperTanTwoAngleOperatorC,1,0
DK1970,S2-tan-two-theta,TauCeti.DavisKahanExt.paperTanTwoAngleOperatorR,1,0
DK1970,S2-tan-two-theta,TauCeti.DavisKahanExt.sinAngleOperatorC,3,0
DK1970,S2-tan-two-theta,TauCeti.DavisKahanTheory.absDoubleAngleTangent,1,0
DK1970,S2-tan-two-theta,TauCeti.IsOddFor,1,0
DK1970,S2-tan-two-theta,TauCeti.LinearPMap.MapsDomainTo,1,0
DK1970,S2-tan-two-theta,TauCeti.LinearPMap.cayley,4,0
DK1970,S2-tan-two-theta,TauCeti.LinearPMap.cayleyInv,4,0
DK1970,S2-tan-two-theta,TauCeti.LinearPMap.complexificationDomain,4,0
DK1970,S2-tan-two-theta,TauCeti.LinearPMap.complexificationDomainIm,5,0
DK1970,S2-tan-two-theta,TauCeti.LinearPMap.complexificationDomainRe,5,0
DK1970,S2-tan-two-theta,TauCeti.LinearPMap.complexificationLinearMap,4,0
DK1970,S2-tan-two-theta,TauCeti.LinearPMap.complexifyReal,3,0
DK1970,S2-tan-two-theta,TauCeti.LinearPMap.instCompleteSpace_realSpecRange,1,0
DK1970,S2-tan-two-theta,TauCeti.LinearPMap.instCompleteSpace_specRange,1,0
DK1970,S2-tan-two-theta,TauCeti.LinearPMap.instHasOrthogonalProjection_realSpecRange,1,0
DK1970,S2-tan-two-theta,TauCeti.LinearPMap.instHasOrthogonalProjection_specRange,1,0
DK1970,S2-tan-two-theta,TauCeti.LinearPMap.isSelfAdjoint_complexifyReal,3,0
DK1970,S2-tan-two-theta,TauCeti.LinearPMap.isStarNormal_cayley,4,0
DK1970,S2-tan-two-theta,TauCeti.LinearPMap.measurable_cayleyInv,4,0
DK1970,S2-tan-two-theta,TauCeti.LinearPMap.negI_mem_resolventSet,5,0
DK1970,S2-tan-two-theta,TauCeti.LinearPMap.realSpecProjection,2,0
DK1970,S2-tan-two-theta,TauCeti.LinearPMap.realSpecRange,1,0
DK1970,S2-tan-two-theta,TauCeti.LinearPMap.resolvent,5,0
DK1970,S2-tan-two-theta,TauCeti.LinearPMap.resolventSet,6,0
DK1970,S2-tan-two-theta,TauCeti.LinearPMap.specProjection,2,0
DK1970,S2-tan-two-theta,TauCeti.LinearPMap.specRange,1,0
DK1970,S2-tan-two-theta,TauCeti.LinearPMap.spectralPVM,3,0
DK1970,S2-tan-two-theta,TauCeti.ProjValMeasure,4,0
DK1970,S2-tan-two-theta,TauCeti.ProjValMeasure.mk,5,0
DK1970,S2-tan-two-theta,TauCeti.ProjValMeasure.proj,3,0
DK1970,S2-tan-two-theta,TauCeti.RealComplexification,1,0
DK1970,S2-tan-two-theta,TauCeti.RealComplexification.im,2,0
DK1970,S2-tan-two-theta,TauCeti.RealComplexification.instAddCommGroup,2,0
DK1970,S2-tan-two-theta,TauCeti.RealComplexification.instCompleteSpace,1,0
DK1970,S2-tan-two-theta,TauCeti.RealComplexification.instInnerProductSpaceComplex,1,0
DK1970,S2-tan-two-theta,TauCeti.RealComplexification.instModuleComplex,2,0
DK1970,S2-tan-two-theta,TauCeti.RealComplexification.instModuleReal,3,0
DK1970,S2-tan-two-theta,TauCeti.RealComplexification.instNormedAddCommGroup,1,0
DK1970,S2-tan-two-theta,TauCeti.RealComplexification.instNormedSpaceComplex,2,0
DK1970,S2-tan-two-theta,TauCeti.RealComplexification.instSMulComplex,3,0
DK1970,S2-tan-two-theta,TauCeti.RealComplexification.instSMulReal,4,0
DK1970,S2-tan-two-theta,TauCeti.RealComplexification.mk,4,0
DK1970,S2-tan-two-theta,TauCeti.RealComplexification.ofReal,3,0
DK1970,S2-tan-two-theta,TauCeti.RealComplexification.re,2,0
DK1970,S2-tan-two-theta,TauCeti.RealComplexification.realPartOperator,2,0
DK1970,S2-tan-two-theta,TauCeti.UnitarilyInvariantSeminorm,6,0
DK1970,S2-tan-two-theta,TauCeti.UnitarilyInvariantSeminorm.gauge,5,0
DK1970,S2-tan-two-theta,TauCeti.UnitarilyInvariantSeminorm.toFun,6,0
DK1970,S2-tan-two-theta,TauCeti.diagOp,6,0
YWS2015,YWS-A-dilation-alternative,TauCeti.HybridGap,1,0
YWS2015,YWS-A-dilation-alternative,TauCeti.SpectraSeparated,2,0
YWS2015,YWS-A-dilation-alternative,TauCeti.complementaryProjection,2,0
YWS2015,YWS-A-dilation-alternative,TauCeti.leftGram,3,0
YWS2015,YWS-A-dilation-alternative,TauCeti.projection,2,0
YWS2015,YWS-A-dilation-alternative,TauCeti.restrictedSpectrum,3,0
YWS2015,YWS-A-dilation-alternative,TauCeti.rightGram,3,0
YWS2015,YWS-A-dilation-alternative,TauCeti.sinThetaMap,1,0
YWS2015,YWS-A-dilation-alternative,TauCeti.spectralSubspace,1,0
YWS2015,YWS-A-dilation-alternative,YuWangSamworth2015.gramBlockDiagonal,1,0
YWS2015,YWS-A-dilation-alternative,YuWangSamworth2015.gramBlockDiagonalProd,2,0
YWS2015,YWS-A-dilation-alternative,YuWangSamworth2015.hermitianDilation,0,1
YWS2015,YWS-A-dilation-alternative,YuWangSamworth2015.hermitianDilationProd,1,0
YWS2015,YWS-A-dilation-alternative,YuWangSamworth2015.hermitianDilation_sq,0,1
YWS2015,YWS-A-dilation-alternative,YuWangSamworth2015.isSymmetric_hermitianDilation,0,1
YWS2015,YWS-A-dilation-alternative,YuWangSamworth2015.singularSubspace_dilation_sinTheta_le,0,1
YWS2015,YWS-A-gram-transport,TauCeti.RectangularUnitarilyInvariantSeminorm,2,0
YWS2015,YWS-A-gram-transport,TauCeti.RectangularUnitarilyInvariantSeminorm.frobenius,1,0
YWS2015,YWS-A-gram-transport,TauCeti.RectangularUnitarilyInvariantSeminorm.mk,2,0
YWS2015,YWS-A-gram-transport,TauCeti.RectangularUnitarilyInvariantSeminorm.toFun,1,0
YWS2015,YWS-A-gram-transport,TauCeti.UnitarilyInvariantSeminorm,2,0
YWS2015,YWS-A-gram-transport,TauCeti.UnitarilyInvariantSeminorm.frobenius,1,0
YWS2015,YWS-A-gram-transport,TauCeti.UnitarilyInvariantSeminorm.mk,2,0
YWS2015,YWS-A-gram-transport,TauCeti.UnitarilyInvariantSeminorm.toFun,1,0
YWS2015,YWS-A-gram-transport,TauCeti.leftGram,1,0
YWS2015,YWS-A-gram-transport,TauCeti.rightGram,1,0
YWS2015,YWS-A-gram-transport,YuWangSamworth2015.DavisKahanTheory.frobenius_leftGram_sub_le,0,1
YWS2015,YWS-A-gram-transport,YuWangSamworth2015.DavisKahanTheory.frobenius_leftGram_sub_le_paperCoefficient,0,1
YWS2015,YWS-A-gram-transport,YuWangSamworth2015.DavisKahanTheory.frobenius_rightGram_sub_le,0,1
YWS2015,YWS-A-gram-transport,YuWangSamworth2015.DavisKahanTheory.frobenius_rightGram_sub_le_paperCoefficient,0,1
YWS2015,YWS-A-gram-transport,YuWangSamworth2015.DavisKahanTheory.opNorm_leftGram_sub_le_paperCoefficient,0,1
YWS2015,YWS-A-gram-transport,YuWangSamworth2015.DavisKahanTheory.opNorm_rightGram_sub_le_paperCoefficient,0,1
YWS2015,YWS-A-gram-transport,YuWangSamworth2015.DavisKahanTheory.sum_opNorm_le_paperCoefficient,0,1
YWS2015,YWS-C1-rankone,OrthonormalBasis.spanIndices,2,0
YWS2015,YWS-C1-rankone,TauCeti.UnitarilyInvariantSeminorm,3,0
YWS2015,YWS-C1-rankone,TauCeti.UnitarilyInvariantSeminorm.frobenius,2,0
YWS2015,YWS-C1-rankone,TauCeti.UnitarilyInvariantSeminorm.mk,3,0
YWS2015,YWS-C1-rankone,TauCeti.UnitarilyInvariantSeminorm.toFun,2,0
YWS2015,YWS-C1-rankone,TauCeti.basisDiagonal,1,0
YWS2015,YWS-C1-rankone,TauCeti.complementaryProjection,3,0
YWS2015,YWS-C1-rankone,TauCeti.isSymmetric_basisDiagonal,1,0
YWS2015,YWS-C1-rankone,TauCeti.projection,3,0
YWS2015,YWS-C1-rankone,TauCeti.restrictedSpectrum,1,0
YWS2015,YWS-C1-rankone,TauCeti.sinThetaFrobenius,1,0
YWS2015,YWS-C1-rankone,TauCeti.sinThetaMap,2,0
YWS2015,YWS-C1-rankone,YuWangSamworth2015.CorrespondingEigenblock,1,0
YWS2015,YWS-C1-rankone,YuWangSamworth2015.DavisKahanTheory.eigenvalues_scalarSamplePopulation_zero,0,1
YWS2015,YWS-C1-rankone,YuWangSamworth2015.DavisKahanTheory.eigenvalues_scalarSampleSample,0,1
YWS2015,YWS-C1-rankone,YuWangSamworth2015.DavisKahanTheory.scalarSamplePopulationData,1,0
YWS2015,YWS-C1-rankone,YuWangSamworth2015.DavisKahanTheory.yuWangSamworth_corollary1_real_le,0,1
YWS2015,YWS-C1-rankone,YuWangSamworth2015.DavisKahanTheory.yuWangSamworth_corollary1_scalarSample,0,1
YWS2015,YWS-C1-rankone,YuWangSamworth2015.DavisKahanTheory.yuWangSamworth_corollary1_sinTheta_le,0,1
YWS2015,YWS-C1-rankone,YuWangSamworth2015.OrderedBlockBoundaryGap,1,0
YWS2015,YWS-C1-rankone,YuWangSamworth2015.OrderedBlockBoundaryGap.gap_of_singleton,0,1
YWS2015,YWS-C1-rankone,YuWangSamworth2015.yuWangSamworth_eigenvector_frame_le,0,1
YWS2015,YWS-C1-rankone,YuWangSamworth2015.yuWangSamworth_eigenvector_frame_sinTheta_le,0,1
YWS2015,YWS-C1-rankone,YuWangSamworth2015.yuWangSamworth_eigenvector_le,0,1
YWS2015,YWS-C1-rankone,YuWangSamworth2015.yuWangSamworth_eigenvector_real_le,0,1
YWS2015,YWS-EQ4-double-angle,YuWangSamworth2015.DavisKahanTheory.yuWangSamworth_equation4,0,1
YWS2015,YWS-EQ4-double-angle,YuWangSamworth2015.DavisKahanTheory.yuWangSamworth_equation4_printed_counterexample,0,1
YWS2015,YWS-LA1-equality,TauCeti.RectangularUnitarilyInvariantSeminorm,2,0
YWS2015,YWS-LA1-equality,TauCeti.RectangularUnitarilyInvariantSeminorm.frobenius,1,0
YWS2015,YWS-LA1-equality,TauCeti.RectangularUnitarilyInvariantSeminorm.mk,2,0
YWS2015,YWS-LA1-equality,TauCeti.RectangularUnitarilyInvariantSeminorm.toFun,1,0
YWS2015,YWS-LA1-equality,YuWangSamworth2015.DavisKahanTheory.yuWangSamworth_lemma5_orthonormalRows,0,1
YWS2015,YWS-LA1-equality,YuWangSamworth2015.DavisKahanTheory.yuWangSamworth_lemma5_rows,0,1
YWS2015,YWS-LA1-inequality,TauCeti.RectangularUnitarilyInvariantSeminorm,2,0
YWS2015,YWS-LA1-inequality,TauCeti.RectangularUnitarilyInvariantSeminorm.frobenius,1,0
YWS2015,YWS-LA1-inequality,TauCeti.RectangularUnitarilyInvariantSeminorm.mk,2,0
YWS2015,YWS-LA1-inequality,TauCeti.RectangularUnitarilyInvariantSeminorm.toFun,1,0
YWS2015,YWS-LA1-inequality,YuWangSamworth2015.DavisKahanTheory.yuWangSamworth_lemma5_columns,0,1
YWS2015,YWS-LA1-inequality,YuWangSamworth2015.DavisKahanTheory.yuWangSamworth_lemma5_isometricColumns,0,1
YWS2015,YWS-LA1-inequality,YuWangSamworth2015.DavisKahanTheory.yuWangSamworth_lemma5_orthonormalColumns,0,1
YWS2015,YWS-LA1-inequality,YuWangSamworth2015.sum_sq_norm_apply_orthonormal_le,0,1
YWS2015,YWS-S1-complement-identity,TauCeti.UnitarilyInvariantSeminorm,3,0
YWS2015,YWS-S1-complement-identity,TauCeti.UnitarilyInvariantSeminorm.frobenius,2,0
YWS2015,YWS-S1-complement-identity,TauCeti.UnitarilyInvariantSeminorm.mk,3,0
YWS2015,YWS-S1-complement-identity,TauCeti.UnitarilyInvariantSeminorm.toFun,2,0
YWS2015,YWS-S1-complement-identity,TauCeti.complementaryProjection,3,0
YWS2015,YWS-S1-complement-identity,TauCeti.projection,3,0
YWS2015,YWS-S1-complement-identity,TauCeti.sinThetaFrobenius,1,0
YWS2015,YWS-S1-complement-identity,TauCeti.sinThetaMap,2,0
YWS2015,YWS-S1-complement-identity,YuWangSamworth2015.sinThetaFrobenius_eq_sqrt_sum_cross,0,1
YWS2015,YWS-S1-principal-angles,TauCeti.UnitarilyInvariantSeminorm,2,0
YWS2015,YWS-S1-principal-angles,TauCeti.UnitarilyInvariantSeminorm.frobenius,1,0
YWS2015,YWS-S1-principal-angles,TauCeti.UnitarilyInvariantSeminorm.mk,2,0
YWS2015,YWS-S1-principal-angles,TauCeti.UnitarilyInvariantSeminorm.toFun,1,0
YWS2015,YWS-S1-principal-angles,TauCeti.complementaryProjection,2,0
YWS2015,YWS-S1-principal-angles,TauCeti.cosPrincipalAngles,2,0
YWS2015,YWS-S1-principal-angles,TauCeti.familyIsometry,4,0
YWS2015,YWS-S1-principal-angles,TauCeti.familyMap,5,0
YWS2015,YWS-S1-principal-angles,TauCeti.familyMap_inner_map_map,5,0
YWS2015,YWS-S1-principal-angles,TauCeti.overlapOp,3,0
YWS2015,YWS-S1-principal-angles,TauCeti.projection,2,0
YWS2015,YWS-S1-principal-angles,TauCeti.sinThetaFrobenius,0,1
YWS2015,YWS-S1-principal-angles,TauCeti.sinThetaMap,1,0
YWS2015,YWS-S1-principal-angles,TauCeti.sinThetaSq,1,0
YWS2015,YWS-S1-principal-angles,YuWangSamworth2015.sinThetaFrobenius_eq_sqrt_sum_cross,0,1
YWS2015,YWS-S1-principal-angles,YuWangSamworth2015.sinThetaSq_eq_sinThetaFrobenius_sq_of_spans,0,1
YWS2015,YWS-S1-procrustes,TauCeti.UnitarilyInvariantSeminorm,3,0
YWS2015,YWS-S1-procrustes,TauCeti.UnitarilyInvariantSeminorm.frobenius,2,0
YWS2015,YWS-S1-procrustes,TauCeti.UnitarilyInvariantSeminorm.mk,3,0
YWS2015,YWS-S1-procrustes,TauCeti.UnitarilyInvariantSeminorm.toFun,2,0
YWS2015,YWS-S1-procrustes,TauCeti.choosePolarUnitary,1,0
YWS2015,YWS-S1-procrustes,TauCeti.complementaryProjection,3,0
YWS2015,YWS-S1-procrustes,TauCeti.cosPrincipalAngles,2,0
YWS2015,YWS-S1-procrustes,TauCeti.familyIsometry,1,0
YWS2015,YWS-S1-procrustes,TauCeti.familyMap,2,0
YWS2015,YWS-S1-procrustes,TauCeti.familyMap_inner_map_map,2,0
YWS2015,YWS-S1-procrustes,TauCeti.overlapOp,1,0
YWS2015,YWS-S1-procrustes,TauCeti.projection,3,0
YWS2015,YWS-S1-procrustes,TauCeti.sinThetaFrobenius,1,0
YWS2015,YWS-S1-procrustes,TauCeti.sinThetaMap,2,0
YWS2015,YWS-S1-procrustes,TauCeti.sinThetaSq,1,0
YWS2015,YWS-S1-procrustes,TauCeti.sum_sq_norm_aligned_le,0,1
YWS2015,YWS-S1-procrustes,TauCeti.sum_sq_norm_aligned_le_sinThetaSq,0,1
YWS2015,YWS-S1-procrustes,YuWangSamworth2015.adjoint_comp_self_eq_id,0,1
YWS2015,YWS-S1-procrustes,YuWangSamworth2015.exists_aligned_orthonormalBasis,0,1
YWS2015,YWS-S1-procrustes,YuWangSamworth2015.exists_unitary_sum_sq_norm_frameComp_sub_le,0,1
YWS2015,YWS-S1-procrustes,YuWangSamworth2015.frameAlignMatrix,0,1
YWS2015,YWS-S1-procrustes,YuWangSamworth2015.frameAlignMatrix_mem_orthogonalGroup,0,1
YWS2015,YWS-S1-procrustes,YuWangSamworth2015.frameComp,0,1
YWS2015,YWS-S1-procrustes,YuWangSamworth2015.frameComp_apply,0,1
YWS2015,YWS-S1-procrustes,YuWangSamworth2015.frameComp_eq_sum_frameAlignMatrix,0,1
YWS2015,YWS-S1-procrustes,YuWangSamworth2015.orthonormal_frameComp,0,1
YWS2015,YWS-S1-procrustes,YuWangSamworth2015.span_range_frameComp,0,1
YWS2015,YWS-S1-toy-example,TauCeti.InternalGap,1,0
YWS2015,YWS-S1-toy-example,TauCeti.SpectraSeparated,2,0
YWS2015,YWS-S1-toy-example,TauCeti.basisDiagonal,2,0
YWS2015,YWS-S1-toy-example,TauCeti.restrictedSpectrum,3,0
YWS2015,YWS-S1-toy-example,YuWangSamworth2015.DavisKahanTheory.internalGap_section1,0,1
YWS2015,YWS-S1-toy-example,YuWangSamworth2015.DavisKahanTheory.mixedSeparation,0,1
YWS2015,YWS-S1-toy-example,YuWangSamworth2015.DavisKahanTheory.mixedSeparationSet,0,1
YWS2015,YWS-S1-toy-example,YuWangSamworth2015.DavisKahanTheory.mixedSeparation_eq_zero_of_le,0,1
YWS2015,YWS-S1-toy-example,YuWangSamworth2015.DavisKahanTheory.opNorm_section1_perturbation,0,1
YWS2015,YWS-S1-toy-example,YuWangSamworth2015.DavisKahanTheory.section1Population,1,0
YWS2015,YWS-S1-toy-example,YuWangSamworth2015.DavisKahanTheory.section1PopulationData,0,1
YWS2015,YWS-S1-toy-example,YuWangSamworth2015.DavisKahanTheory.section1Sample,1,0
YWS2015,YWS-S1-toy-example,YuWangSamworth2015.DavisKahanTheory.section1SampleData,0,1
YWS2015,YWS-S1-toy-example,YuWangSamworth2015.DavisKahanTheory.section1_mixedSeparation_eq_zero,0,1
YWS2015,YWS-S1-toy-example,YuWangSamworth2015.DavisKahanTheory.section1_populationGap,0,1
YWS2015,YWS-S2-sharpness-orthogonal,LinearMap.IsSymmetric.eigenvalues_level_eq_Ico,0,1
YWS2015,YWS-S2-sharpness-orthogonal,LinearMap.IsSymmetric.spanIndices_Ico_eq_eigenspace,0,1
YWS2015,YWS-S2-sharpness-orthogonal,OrthonormalBasis.spanIndices,1,0
YWS2015,YWS-S2-sharpness-orthogonal,TauCeti.InternalGap,1,0
YWS2015,YWS-S2-sharpness-orthogonal,TauCeti.SpectraSeparated,2,0
YWS2015,YWS-S2-sharpness-orthogonal,TauCeti.UnitarilyInvariantSeminorm,3,0
YWS2015,YWS-S2-sharpness-orthogonal,TauCeti.UnitarilyInvariantSeminorm.frobenius,2,0
YWS2015,YWS-S2-sharpness-orthogonal,TauCeti.UnitarilyInvariantSeminorm.mk,3,0
YWS2015,YWS-S2-sharpness-orthogonal,TauCeti.UnitarilyInvariantSeminorm.toFun,2,0
YWS2015,YWS-S2-sharpness-orthogonal,TauCeti.basisDiagonal,1,0
YWS2015,YWS-S2-sharpness-orthogonal,TauCeti.card_filter_lt_eigenvalues_basisDiagonal,0,1
YWS2015,YWS-S2-sharpness-orthogonal,TauCeti.complementaryProjection,3,0
YWS2015,YWS-S2-sharpness-orthogonal,TauCeti.eigenvalues_basisDiagonal_eq_of_card,0,1
YWS2015,YWS-S2-sharpness-orthogonal,TauCeti.isSymmetric_basisDiagonal,1,0
YWS2015,YWS-S2-sharpness-orthogonal,TauCeti.projection,3,0
YWS2015,YWS-S2-sharpness-orthogonal,TauCeti.restrictedSpectrum,3,0
YWS2015,YWS-S2-sharpness-orthogonal,TauCeti.sinThetaFrobenius,1,0
YWS2015,YWS-S2-sharpness-orthogonal,TauCeti.sinThetaMap,2,0
YWS2015,YWS-S2-sharpness-orthogonal,YuWangSamworth2015.CorrespondingEigenblock,1,0
YWS2015,YWS-S2-sharpness-orthogonal,YuWangSamworth2015.DavisKahanTheory.card_middleSharpnessSample_level_three,0,1
YWS2015,YWS-S2-sharpness-orthogonal,YuWangSamworth2015.DavisKahanTheory.correspondingEigenblock_middleSharpness,0,1
YWS2015,YWS-S2-sharpness-orthogonal,YuWangSamworth2015.DavisKahanTheory.correspondingEigenblock_orthogonalSharpness,0,1
YWS2015,YWS-S2-sharpness-orthogonal,YuWangSamworth2015.DavisKahanTheory.dist_middleSharpness_aligned,0,1
YWS2015,YWS-S2-sharpness-orthogonal,YuWangSamworth2015.DavisKahanTheory.dist_orthogonalSharpness_aligned,0,1
YWS2015,YWS-S2-sharpness-orthogonal,YuWangSamworth2015.DavisKahanTheory.internalGap_middleSharpness,0,1
YWS2015,YWS-S2-sharpness-orthogonal,YuWangSamworth2015.DavisKahanTheory.internalGap_orthogonalSharpness,0,1
YWS2015,YWS-S2-sharpness-orthogonal,YuWangSamworth2015.DavisKahanTheory.middleSharpnessPopulation,1,0
YWS2015,YWS-S2-sharpness-orthogonal,YuWangSamworth2015.DavisKahanTheory.middleSharpnessPopulationData,1,0
YWS2015,YWS-S2-sharpness-orthogonal,YuWangSamworth2015.DavisKahanTheory.middleSharpnessSample,1,0
YWS2015,YWS-S2-sharpness-orthogonal,YuWangSamworth2015.DavisKahanTheory.middleSharpnessSampleData,1,0
YWS2015,YWS-S2-sharpness-orthogonal,YuWangSamworth2015.DavisKahanTheory.opNorm_middleSharpness_perturbation,0,1
YWS2015,YWS-S2-sharpness-orthogonal,YuWangSamworth2015.DavisKahanTheory.opNorm_orthogonalSharpness_perturbation,0,1
YWS2015,YWS-S2-sharpness-orthogonal,YuWangSamworth2015.DavisKahanTheory.orthogonalSharpnessPopulation,1,0
YWS2015,YWS-S2-sharpness-orthogonal,YuWangSamworth2015.DavisKahanTheory.orthogonalSharpnessPopulationData,1,0
YWS2015,YWS-S2-sharpness-orthogonal,YuWangSamworth2015.DavisKahanTheory.orthogonalSharpnessSample,1,0
YWS2015,YWS-S2-sharpness-orthogonal,YuWangSamworth2015.DavisKahanTheory.orthogonalSharpnessSampleData,1,0
YWS2015,YWS-S2-sharpness-orthogonal,YuWangSamworth2015.DavisKahanTheory.orthogonal_middleSharpness,0,1
YWS2015,YWS-S2-sharpness-orthogonal,YuWangSamworth2015.DavisKahanTheory.orthogonal_orthogonalSharpness,0,1
YWS2015,YWS-S2-sharpness-orthogonal,YuWangSamworth2015.DavisKahanTheory.sinThetaFrobenius_middleSharpness,0,1
YWS2015,YWS-S2-sharpness-orthogonal,YuWangSamworth2015.DavisKahanTheory.sinThetaFrobenius_orthogonalSharpness,0,1
YWS2015,YWS-S2-sharpness-orthogonal,YuWangSamworth2015.DavisKahanTheory.yuWangSamworth_sharpness_middleBlock,0,1
YWS2015,YWS-S2-sharpness-orthogonal,YuWangSamworth2015.DavisKahanTheory.yuWangSamworth_sharpness_orthogonalBlocks,0,1
YWS2015,YWS-S2-sharpness-orthogonal,YuWangSamworth2015.correspondingEigenblock_basisDiagonal_level,0,1
YWS2015,YWS-S2-sharpness-orthogonal,YuWangSamworth2015.correspondingEigenblock_eigenvalueLevel,0,1
YWS2015,YWS-S2-sharpness-orthogonal,YuWangSamworth2015.sinThetaFrobenius_spanIndices_of_subset_compl,0,1
YWS2015,YWS-S2-sharpness-orthogonal,YuWangSamworth2015.sum_sq_norm_sub_eq_of_le_orthogonal,0,1
YWS2015,YWS-S2-sharpness-planar,OrthonormalBasis.spanIndices,2,0
YWS2015,YWS-S2-sharpness-planar,TauCeti.InternalGap,1,0
YWS2015,YWS-S2-sharpness-planar,TauCeti.SpectraSeparated,2,0
YWS2015,YWS-S2-sharpness-planar,TauCeti.UnitarilyInvariantSeminorm,3,0
YWS2015,YWS-S2-sharpness-planar,TauCeti.UnitarilyInvariantSeminorm.frobenius,2,0
YWS2015,YWS-S2-sharpness-planar,TauCeti.UnitarilyInvariantSeminorm.mk,3,0
YWS2015,YWS-S2-sharpness-planar,TauCeti.UnitarilyInvariantSeminorm.toFun,2,0
YWS2015,YWS-S2-sharpness-planar,TauCeti.complementaryProjection,3,0
YWS2015,YWS-S2-sharpness-planar,TauCeti.isSymmetric_twoLevelOperator,1,0
YWS2015,YWS-S2-sharpness-planar,TauCeti.projection,1,0
YWS2015,YWS-S2-sharpness-planar,TauCeti.restrictedSpectrum,3,0
YWS2015,YWS-S2-sharpness-planar,TauCeti.sinThetaFrobenius,1,0
YWS2015,YWS-S2-sharpness-planar,TauCeti.sinThetaMap,2,0
YWS2015,YWS-S2-sharpness-planar,TauCeti.twoLevelOperator,1,0
YWS2015,YWS-S2-sharpness-planar,YuWangSamworth2015.CorrespondingEigenblock,1,0
YWS2015,YWS-S2-sharpness-planar,YuWangSamworth2015.DavisKahanTheory.correspondingEigenblock_planarSharpness,0,1
YWS2015,YWS-S2-sharpness-planar,YuWangSamworth2015.DavisKahanTheory.internalGap_planarSharpness,0,1
YWS2015,YWS-S2-sharpness-planar,YuWangSamworth2015.DavisKahanTheory.norm_projection_orthogonal_span_singleton,0,1
YWS2015,YWS-S2-sharpness-planar,YuWangSamworth2015.DavisKahanTheory.norm_sub_sq_planarSharpness,0,1
YWS2015,YWS-S2-sharpness-planar,YuWangSamworth2015.DavisKahanTheory.opNorm_planarSharpness_perturbation,0,1
YWS2015,YWS-S2-sharpness-planar,YuWangSamworth2015.DavisKahanTheory.sinThetaFrobenius_planarSharpness,0,1
YWS2015,YWS-S2-sharpness-planar,YuWangSamworth2015.DavisKahanTheory.yuWangSamworth_sharpness_planarRotation,0,1
YWS2015,YWS-S3-applications,TauCeti.basisDiagonal,2,0
YWS2015,YWS-S3-applications,YuWangSamworth2015.DavisKahanTheory.section1Population,1,0
YWS2015,YWS-S3-applications,YuWangSamworth2015.DavisKahanTheory.section1PopulationData,1,0
YWS2015,YWS-S3-applications,YuWangSamworth2015.DavisKahanTheory.section1Sample,1,0
YWS2015,YWS-S3-applications,YuWangSamworth2015.DavisKahanTheory.section1SampleData,1,0
YWS2015,YWS-S3-applications,YuWangSamworth2015.DavisKahanTheory.section1_no_sample_eigenvalue_in_block,0,1
YWS2015,YWS-S3-applications,YuWangSamworth2015.DavisKahanTheory.section1_weylRecovery_fails,0,1
YWS2015,YWS-S3-applications,YuWangSamworth2015.DavisKahanTheory.yuWangSamworth_weylRecovered_le_populationGap_bound,0,1
YWS2015,YWS-S3-applications,YuWangSamworth2015.mixedGap_of_populationGap_weyl,0,1
YWS2015,YWS-T1-baseline,TauCeti.IntervalExteriorGap,1,0
YWS2015,YWS-T1-baseline,TauCeti.IsInvariant,1,0
YWS2015,YWS-T1-baseline,TauCeti.SpectrumIn,2,0
YWS2015,YWS-T1-baseline,TauCeti.UnitarilyInvariantSeminorm,1,0
YWS2015,YWS-T1-baseline,TauCeti.UnitarilyInvariantSeminorm.frobenius,1,0
YWS2015,YWS-T1-baseline,TauCeti.UnitarilyInvariantSeminorm.mk,2,0
YWS2015,YWS-T1-baseline,TauCeti.UnitarilyInvariantSeminorm.toFun,1,0
YWS2015,YWS-T1-baseline,TauCeti.complementaryProjection,2,0
YWS2015,YWS-T1-baseline,TauCeti.projection,2,0
YWS2015,YWS-T1-baseline,TauCeti.restrictedSpectrum,3,0
YWS2015,YWS-T1-baseline,TauCeti.sinThetaFrobenius,1,0
YWS2015,YWS-T1-baseline,TauCeti.sinThetaMap,1,0
YWS2015,YWS-T1-baseline,YuWangSamworth2015.DavisKahanTheory.yuWangSamworth_theorem1_frobenius_le,0,1
YWS2015,YWS-T1-baseline,YuWangSamworth2015.DavisKahanTheory.yuWangSamworth_theorem1_opNorm_le,0,1
YWS2015,YWS-T1-baseline,YuWangSamworth2015.DavisKahanTheory.yuWangSamworth_theorem1_uiNorm_le,0,1
YWS2015,YWS-T1-eq1,OrthonormalBasis.spanIndices,2,0
YWS2015,YWS-T1-eq1,TauCeti.InternalGap,1,0
YWS2015,YWS-T1-eq1,TauCeti.SpectraSeparated,2,0
YWS2015,YWS-T1-eq1,TauCeti.UnitarilyInvariantSeminorm,2,0
YWS2015,YWS-T1-eq1,TauCeti.UnitarilyInvariantSeminorm.frobenius,1,0
YWS2015,YWS-T1-eq1,TauCeti.UnitarilyInvariantSeminorm.mk,2,0
YWS2015,YWS-T1-eq1,TauCeti.UnitarilyInvariantSeminorm.toFun,1,0
YWS2015,YWS-T1-eq1,TauCeti.complementaryProjection,3,0
YWS2015,YWS-T1-eq1,TauCeti.projection,3,0
YWS2015,YWS-T1-eq1,TauCeti.restrictedSpectrum,3,0
YWS2015,YWS-T1-eq1,TauCeti.sinThetaFrobenius,1,0
YWS2015,YWS-T1-eq1,TauCeti.sinThetaMap,2,0
YWS2015,YWS-T1-eq1,TauCeti.spectralSubspace,1,0
YWS2015,YWS-T1-eq1,YuWangSamworth2015.CorrespondingEigenblock,1,0
YWS2015,YWS-T1-eq1,YuWangSamworth2015.yuWangSamworth_intervalBlock_le,0,1
YWS2015,YWS-T2-alignedBasis,OrthonormalBasis.spanIndices,2,0
YWS2015,YWS-T2-alignedBasis,TauCeti.InternalGap,1,0
YWS2015,YWS-T2-alignedBasis,TauCeti.IsEigenFamily,2,0
YWS2015,YWS-T2-alignedBasis,TauCeti.IsInvariant,1,0
YWS2015,YWS-T2-alignedBasis,TauCeti.IsOrderedEigenframe,1,0
YWS2015,YWS-T2-alignedBasis,TauCeti.IsOrderedEigenframe.orthonormal,1,0
YWS2015,YWS-T2-alignedBasis,TauCeti.SpectraSeparated,2,0
YWS2015,YWS-T2-alignedBasis,TauCeti.UnitarilyInvariantSeminorm,2,0
YWS2015,YWS-T2-alignedBasis,TauCeti.UnitarilyInvariantSeminorm.frobenius,1,0
YWS2015,YWS-T2-alignedBasis,TauCeti.UnitarilyInvariantSeminorm.mk,2,0
YWS2015,YWS-T2-alignedBasis,TauCeti.UnitarilyInvariantSeminorm.toFun,1,0
YWS2015,YWS-T2-alignedBasis,TauCeti.complementaryProjection,3,0
YWS2015,YWS-T2-alignedBasis,TauCeti.familyIsometry,1,0
YWS2015,YWS-T2-alignedBasis,TauCeti.familyMap,2,0
YWS2015,YWS-T2-alignedBasis,TauCeti.familyMap_inner_map_map,2,0
YWS2015,YWS-T2-alignedBasis,TauCeti.projection,3,0
YWS2015,YWS-T2-alignedBasis,TauCeti.restrictedSpectrum,3,0
YWS2015,YWS-T2-alignedBasis,TauCeti.sinThetaFrobenius,1,0
YWS2015,YWS-T2-alignedBasis,TauCeti.sinThetaMap,2,0
YWS2015,YWS-T2-alignedBasis,YuWangSamworth2015.CorrespondingEigenblock,1,0
YWS2015,YWS-T2-alignedBasis,YuWangSamworth2015.IsEigenvectorBlock,0,1
YWS2015,YWS-T2-alignedBasis,YuWangSamworth2015.OrderedBlockBoundaryGap,1,0
YWS2015,YWS-T2-alignedBasis,YuWangSamworth2015.PopulationBoundaryGap,0,1
YWS2015,YWS-T2-alignedBasis,YuWangSamworth2015.SourcePopulationGap,0,1
YWS2015,YWS-T2-alignedBasis,YuWangSamworth2015.SourcePopulationGap.toPopulationBoundaryGap,0,1
YWS2015,YWS-T2-alignedBasis,YuWangSamworth2015.consecutiveEmb,1,0
YWS2015,YWS-T2-alignedBasis,YuWangSamworth2015.exists_aligned_orthonormalBasis,0,1
YWS2015,YWS-T2-alignedBasis,YuWangSamworth2015.exists_unitary_sum_sq_norm_frameComp_sub_le,0,1
YWS2015,YWS-T2-alignedBasis,YuWangSamworth2015.frameAlignMatrix,1,0
YWS2015,YWS-T2-alignedBasis,YuWangSamworth2015.frameAlignMatrix_mem_orthogonalGroup,0,1
YWS2015,YWS-T2-alignedBasis,YuWangSamworth2015.frameComp,0,1
YWS2015,YWS-T2-alignedBasis,YuWangSamworth2015.frobeniusNorm,0,1
YWS2015,YWS-T2-alignedBasis,YuWangSamworth2015.isEigenvectorBlock_iff,0,1
YWS2015,YWS-T2-alignedBasis,YuWangSamworth2015.populationBoundaryGap_iff,0,1
YWS2015,YWS-T2-alignedBasis,YuWangSamworth2015.sourcePopulationGap_iff,0,1
YWS2015,YWS-T2-alignedBasis,YuWangSamworth2015.theorem2_alignedFrame,0,1
YWS2015,YWS-T2-alignedBasis,YuWangSamworth2015.yuWangSamworth_alignedBasis_frame_le,0,1
YWS2015,YWS-T2-alignedBasis,YuWangSamworth2015.yuWangSamworth_alignedBasis_le,0,1
YWS2015,YWS-T2-alignedBasis,YuWangSamworth2015.yuWangSamworth_alignedFrame_block_le,0,1
YWS2015,YWS-T2-alignedBasis,YuWangSamworth2015.yuWangSamworth_alignedFrame_block_real_le,0,1
YWS2015,YWS-T2-alignedBasis,YuWangSamworth2015.yuWangSamworth_alignedFrame_le,0,1
YWS2015,YWS-T2-alignedBasis,YuWangSamworth2015.yuWangSamworth_alignedFrame_real_le,0,1
YWS2015,YWS-T2-opnorm-numerator,TauCeti.IsEigenFamily,2,0
YWS2015,YWS-T2-opnorm-numerator,TauCeti.IsOrderedEigenframe,1,0
YWS2015,YWS-T2-opnorm-numerator,YuWangSamworth2015.residualColumn,1,0
YWS2015,YWS-T2-opnorm-numerator,YuWangSamworth2015.sq_gap_mul_sum_cross_le_of_population_gap_opNorm,0,1
YWS2015,YWS-T2-opnorm-numerator,YuWangSamworth2015.sum_sq_norm_apply_orthonormal_le,0,1
YWS2015,YWS-T2-opnorm-numerator,YuWangSamworth2015.sum_sq_norm_frameResidual_le_of_opNorm,0,1
YWS2015,YWS-T2-opnorm-numerator,YuWangSamworth2015.sum_sq_norm_residualColumn_le,0,1
YWS2015,YWS-T2-opnorm-numerator,YuWangSamworth2015.sum_sq_norm_residualColumn_le_of_opNorm,0,1
YWS2015,YWS-T2-residual,TauCeti.IsEigenFamily,2,0
YWS2015,YWS-T2-residual,TauCeti.IsOrderedEigenframe,1,0
YWS2015,YWS-T2-residual,TauCeti.IsOrderedEigenframe.orthonormal,1,0
YWS2015,YWS-T2-residual,TauCeti.UnitarilyInvariantSeminorm,3,0
YWS2015,YWS-T2-residual,TauCeti.UnitarilyInvariantSeminorm.frobenius,2,0
YWS2015,YWS-T2-residual,TauCeti.UnitarilyInvariantSeminorm.mk,3,0
YWS2015,YWS-T2-residual,TauCeti.UnitarilyInvariantSeminorm.toFun,2,0
YWS2015,YWS-T2-residual,TauCeti.complementaryProjection,3,0
YWS2015,YWS-T2-residual,TauCeti.familyIsometry,2,0
YWS2015,YWS-T2-residual,TauCeti.familyMap,3,0
YWS2015,YWS-T2-residual,TauCeti.familyMap_inner_map_map,3,0
YWS2015,YWS-T2-residual,TauCeti.projection,3,0
YWS2015,YWS-T2-residual,TauCeti.sinThetaFrobenius,1,0
YWS2015,YWS-T2-residual,TauCeti.sinThetaMap,2,0
YWS2015,YWS-T2-residual,YuWangSamworth2015.OrderedBlockBoundaryGap,1,0
YWS2015,YWS-T2-residual,YuWangSamworth2015.consecutiveEmb,1,0
YWS2015,YWS-T2-residual,YuWangSamworth2015.frameComp,1,0
YWS2015,YWS-T2-residual,YuWangSamworth2015.frameResidual_eq,0,1
YWS2015,YWS-T2-residual,YuWangSamworth2015.residualColumn,0,1
YWS2015,YWS-T2-residual,YuWangSamworth2015.residualColumn_eq,0,1
YWS2015,YWS-T2-residual,YuWangSamworth2015.sq_gap_mul_sum_cross_le_of_population_gap,0,1
YWS2015,YWS-T2-residual,YuWangSamworth2015.sq_gap_mul_sum_cross_le_sum_sq_norm_residualColumn,0,1
YWS2015,YWS-T2-residual,YuWangSamworth2015.yuWangSamworth_alignedBasis_le_residual,0,1
YWS2015,YWS-T2-residual,YuWangSamworth2015.yuWangSamworth_alignedFrame_block_le_residual,0,1
YWS2015,YWS-T2-residual,YuWangSamworth2015.yuWangSamworth_alignedFrame_le_residual,0,1
YWS2015,YWS-T2-residual,YuWangSamworth2015.yuWangSamworth_sinTheta_block_le_residual,0,1
YWS2015,YWS-T2-residual,YuWangSamworth2015.yuWangSamworth_sinTheta_le_residual,0,1
YWS2015,YWS-T2-sinTheta,OrthonormalBasis.spanIndices,1,0
YWS2015,YWS-T2-sinTheta,TauCeti.InternalGap,1,0
YWS2015,YWS-T2-sinTheta,TauCeti.IsEigenFamily,0,1
YWS2015,YWS-T2-sinTheta,TauCeti.IsInvariant,1,0
YWS2015,YWS-T2-sinTheta,TauCeti.IsOrderedEigenframe,0,1
YWS2015,YWS-T2-sinTheta,TauCeti.IsOrderedEigenframe.internalGap_span,0,1
YWS2015,YWS-T2-sinTheta,TauCeti.IsOrderedEigenframe.span_eq_spanIndices,0,1
YWS2015,YWS-T2-sinTheta,TauCeti.SpectraSeparated,2,0
YWS2015,YWS-T2-sinTheta,TauCeti.UnitarilyInvariantSeminorm,2,0
YWS2015,YWS-T2-sinTheta,TauCeti.UnitarilyInvariantSeminorm.frobenius,1,0
YWS2015,YWS-T2-sinTheta,TauCeti.UnitarilyInvariantSeminorm.mk,2,0
YWS2015,YWS-T2-sinTheta,TauCeti.UnitarilyInvariantSeminorm.toFun,1,0
YWS2015,YWS-T2-sinTheta,TauCeti.complementaryProjection,2,0
YWS2015,YWS-T2-sinTheta,TauCeti.principalSines,1,0
YWS2015,YWS-T2-sinTheta,TauCeti.projection,2,0
YWS2015,YWS-T2-sinTheta,TauCeti.restrictedSpectrum,1,0
YWS2015,YWS-T2-sinTheta,TauCeti.sinThetaFrobenius,1,0
YWS2015,YWS-T2-sinTheta,TauCeti.sinThetaMap,1,0
YWS2015,YWS-T2-sinTheta,TauCeti.singularValues_sinThetaMap,0,1
YWS2015,YWS-T2-sinTheta,TauCeti.sq_gap_mul_sum_sq_norm_starProjection_orthogonal_le,0,1
YWS2015,YWS-T2-sinTheta,YuWangSamworth2015.CorrespondingEigenblock,1,0
YWS2015,YWS-T2-sinTheta,YuWangSamworth2015.IsEigenvectorBlock,0,1
YWS2015,YWS-T2-sinTheta,YuWangSamworth2015.OrderedBlockBoundaryGap,0,1
YWS2015,YWS-T2-sinTheta,YuWangSamworth2015.OrderedBlockBoundaryGap.indexGap,0,1
YWS2015,YWS-T2-sinTheta,YuWangSamworth2015.PopulationBoundaryGap,0,1
YWS2015,YWS-T2-sinTheta,YuWangSamworth2015.SourcePopulationGap,0,1
YWS2015,YWS-T2-sinTheta,YuWangSamworth2015.SourcePopulationGap.toPopulationBoundaryGap,0,1
YWS2015,YWS-T2-sinTheta,YuWangSamworth2015.consecutiveEmb,0,1
YWS2015,YWS-T2-sinTheta,YuWangSamworth2015.frobeniusNorm,0,1
YWS2015,YWS-T2-sinTheta,YuWangSamworth2015.isEigenvectorBlock_iff,0,1
YWS2015,YWS-T2-sinTheta,YuWangSamworth2015.mem_range_consecutiveEmb,0,1
YWS2015,YWS-T2-sinTheta,YuWangSamworth2015.orderedBlockBoundaryGap_iff,0,1
YWS2015,YWS-T2-sinTheta,YuWangSamworth2015.populationBoundaryGap_iff,0,1
YWS2015,YWS-T2-sinTheta,YuWangSamworth2015.sourcePopulationGap_iff,0,1
YWS2015,YWS-T2-sinTheta,YuWangSamworth2015.sqrt_sum_cross_le_of_population_gap,0,1
YWS2015,YWS-T2-sinTheta,YuWangSamworth2015.sum_sq_norm_frameResidual_le,0,1
YWS2015,YWS-T2-sinTheta,YuWangSamworth2015.sum_sq_norm_frameResidual_le_of_opNorm,0,1
YWS2015,YWS-T2-sinTheta,YuWangSamworth2015.theorem2_sinTheta,0,1
YWS2015,YWS-T2-sinTheta,YuWangSamworth2015.yuWangSamworth_sinTheta_block_le,0,1
YWS2015,YWS-T2-sinTheta,YuWangSamworth2015.yuWangSamworth_sinTheta_frame_le,0,1
YWS2015,YWS-T2-sinTheta,YuWangSamworth2015.yuWangSamworth_sinTheta_le,0,1
YWS2015,YWS-T3-aligned,OrthonormalBasis.spanIndices,3,0
YWS2015,YWS-T3-aligned,TauCeti.InternalGap,2,0
YWS2015,YWS-T3-aligned,TauCeti.IsEigenFamily,3,0
YWS2015,YWS-T3-aligned,TauCeti.IsOrderedEigenframe,2,0
YWS2015,YWS-T3-aligned,TauCeti.RectangularUnitarilyInvariantSeminorm,2,0
YWS2015,YWS-T3-aligned,TauCeti.RectangularUnitarilyInvariantSeminorm.frobenius,1,0
YWS2015,YWS-T3-aligned,TauCeti.RectangularUnitarilyInvariantSeminorm.mk,2,0
YWS2015,YWS-T3-aligned,TauCeti.RectangularUnitarilyInvariantSeminorm.toFun,1,0
YWS2015,YWS-T3-aligned,TauCeti.SpectraSeparated,3,0
YWS2015,YWS-T3-aligned,TauCeti.isSymmetric_leftGram,1,0
YWS2015,YWS-T3-aligned,TauCeti.isSymmetric_rightGram,1,0
YWS2015,YWS-T3-aligned,TauCeti.leftGram,1,0
YWS2015,YWS-T3-aligned,TauCeti.restrictedSpectrum,4,0
YWS2015,YWS-T3-aligned,TauCeti.rightGram,1,0
YWS2015,YWS-T3-aligned,YuWangSamworth2015.CorrespondingEigenblock,2,0
YWS2015,YWS-T3-aligned,YuWangSamworth2015.DavisKahanTheory.CorrespondingLeftSingularBlock,1,0
YWS2015,YWS-T3-aligned,YuWangSamworth2015.DavisKahanTheory.CorrespondingRightSingularBlock,1,0
YWS2015,YWS-T3-aligned,YuWangSamworth2015.DavisKahanTheory.IsOrderedLeftSingularFrame,1,0
YWS2015,YWS-T3-aligned,YuWangSamworth2015.DavisKahanTheory.IsOrderedRightSingularFrame,1,0
YWS2015,YWS-T3-aligned,YuWangSamworth2015.DavisKahanTheory.LeftSingularInternalGap,1,0
YWS2015,YWS-T3-aligned,YuWangSamworth2015.DavisKahanTheory.RightSingularInternalGap,1,0
YWS2015,YWS-T3-aligned,YuWangSamworth2015.DavisKahanTheory.yuWangSamworth_leftSingularAlignedBasis_block_le,0,1
YWS2015,YWS-T3-aligned,YuWangSamworth2015.DavisKahanTheory.yuWangSamworth_leftSingularAlignedBasis_frame_le,0,1
YWS2015,YWS-T3-aligned,YuWangSamworth2015.DavisKahanTheory.yuWangSamworth_leftSingularAlignedBasis_le,0,1
YWS2015,YWS-T3-aligned,YuWangSamworth2015.DavisKahanTheory.yuWangSamworth_rightSingularAlignedBasis_block_le,0,1
YWS2015,YWS-T3-aligned,YuWangSamworth2015.DavisKahanTheory.yuWangSamworth_rightSingularAlignedBasis_frame_le,0,1
YWS2015,YWS-T3-aligned,YuWangSamworth2015.DavisKahanTheory.yuWangSamworth_rightSingularAlignedBasis_le,0,1
YWS2015,YWS-T3-aligned,YuWangSamworth2015.consecutiveEmb,1,0
YWS2015,YWS-T3-left,OrthonormalBasis.spanIndices,2,0
YWS2015,YWS-T3-left,TauCeti.InternalGap,1,0
YWS2015,YWS-T3-left,TauCeti.IntervalExteriorGap,1,0
YWS2015,YWS-T3-left,TauCeti.IsEigenFamily,2,0
YWS2015,YWS-T3-left,TauCeti.IsOrderedEigenframe,1,0
YWS2015,YWS-T3-left,TauCeti.RectangularUnitarilyInvariantSeminorm,2,0
YWS2015,YWS-T3-left,TauCeti.RectangularUnitarilyInvariantSeminorm.frobenius,1,0
YWS2015,YWS-T3-left,TauCeti.RectangularUnitarilyInvariantSeminorm.mk,2,0
YWS2015,YWS-T3-left,TauCeti.RectangularUnitarilyInvariantSeminorm.toFun,1,0
YWS2015,YWS-T3-left,TauCeti.SpectraSeparated,2,0
YWS2015,YWS-T3-left,TauCeti.SpectrumIn,2,0
YWS2015,YWS-T3-left,TauCeti.UnitarilyInvariantSeminorm,3,0
YWS2015,YWS-T3-left,TauCeti.UnitarilyInvariantSeminorm.frobenius,2,0
YWS2015,YWS-T3-left,TauCeti.UnitarilyInvariantSeminorm.mk,3,0
YWS2015,YWS-T3-left,TauCeti.UnitarilyInvariantSeminorm.toFun,2,0
YWS2015,YWS-T3-left,TauCeti.complementaryProjection,2,0
YWS2015,YWS-T3-left,TauCeti.isSymmetric_leftGram,1,0
YWS2015,YWS-T3-left,TauCeti.leftGram,1,0
YWS2015,YWS-T3-left,TauCeti.projection,2,0
YWS2015,YWS-T3-left,TauCeti.restrictedSpectrum,3,0
YWS2015,YWS-T3-left,TauCeti.sinThetaFrobenius,1,0
YWS2015,YWS-T3-left,TauCeti.sinThetaMap,1,0
YWS2015,YWS-T3-left,TauCeti.spectralSubspace,1,0
YWS2015,YWS-T3-left,YuWangSamworth2015.CorrespondingEigenblock,1,0
YWS2015,YWS-T3-left,YuWangSamworth2015.DavisKahanTheory.CorrespondingLeftSingularBlock,0,1
YWS2015,YWS-T3-left,YuWangSamworth2015.DavisKahanTheory.IsOrderedLeftSingularFrame,0,1
YWS2015,YWS-T3-left,YuWangSamworth2015.DavisKahanTheory.LeftSingularInternalGap,0,1
YWS2015,YWS-T3-left,YuWangSamworth2015.DavisKahanTheory.orderedBlockBoundaryGap_leftGram,0,1
YWS2015,YWS-T3-left,YuWangSamworth2015.DavisKahanTheory.sq_singularValues_eq_eigenvalues_leftGram,0,1
YWS2015,YWS-T3-left,YuWangSamworth2015.DavisKahanTheory.yuWangSamworth_leftSingularSubspace_block_le,0,1
YWS2015,YWS-T3-left,YuWangSamworth2015.DavisKahanTheory.yuWangSamworth_leftSingularSubspace_frame_le,0,1
YWS2015,YWS-T3-left,YuWangSamworth2015.DavisKahanTheory.yuWangSamworth_leftSingularSubspace_le,0,1
YWS2015,YWS-T3-left,YuWangSamworth2015.DavisKahanTheory.yuWangSamworth_leftSingularSubspace_opNormCoefficient_le,0,1
YWS2015,YWS-T3-left,YuWangSamworth2015.OrderedBlockBoundaryGap,1,0
YWS2015,YWS-T3-left,YuWangSamworth2015.consecutiveEmb,1,0
YWS2015,YWS-T3-left,YuWangSamworth2015.leftSingularSubspace,0,1
YWS2015,YWS-T3-left,YuWangSamworth2015.leftSingularSubspace_sinTheta_le,0,1
YWS2015,YWS-T3-rankBoundary,TauCeti.RectangularUnitarilyInvariantSeminorm,2,0
YWS2015,YWS-T3-rankBoundary,TauCeti.RectangularUnitarilyInvariantSeminorm.frobenius,1,0
YWS2015,YWS-T3-rankBoundary,TauCeti.RectangularUnitarilyInvariantSeminorm.mk,2,0
YWS2015,YWS-T3-rankBoundary,TauCeti.RectangularUnitarilyInvariantSeminorm.toFun,1,0
YWS2015,YWS-T3-rankBoundary,TauCeti.UnitarilyInvariantSeminorm,3,0
YWS2015,YWS-T3-rankBoundary,TauCeti.UnitarilyInvariantSeminorm.frobenius,2,0
YWS2015,YWS-T3-rankBoundary,TauCeti.UnitarilyInvariantSeminorm.mk,3,0
YWS2015,YWS-T3-rankBoundary,TauCeti.UnitarilyInvariantSeminorm.toFun,2,0
YWS2015,YWS-T3-rankBoundary,TauCeti.complementaryProjection,3,0
YWS2015,YWS-T3-rankBoundary,TauCeti.projection,1,0
YWS2015,YWS-T3-rankBoundary,TauCeti.rightGram,1,0
YWS2015,YWS-T3-rankBoundary,TauCeti.sinThetaFrobenius,1,0
YWS2015,YWS-T3-rankBoundary,TauCeti.sinThetaMap,2,0
YWS2015,YWS-T3-rankBoundary,YuWangSamworth2015.DavisKahanTheory.range_projection,0,1
YWS2015,YWS-T3-rankBoundary,YuWangSamworth2015.DavisKahanTheory.rightGram_projection,0,1
YWS2015,YWS-T3-rankBoundary,YuWangSamworth2015.DavisKahanTheory.sinThetaFrobenius_orthogonal_lines,0,1
YWS2015,YWS-T3-rankBoundary,YuWangSamworth2015.DavisKahanTheory.yuWangSamworth_theorem3_printed_rankBoundary_refutation,0,1
YWS2015,YWS-T3-rankBoundary,YuWangSamworth2015.DavisKahanTheory.yuWangSamworth_theorem3_printed_rankBoundary_refutation_euclidean,0,1
YWS2015,YWS-T3-rankone,OrthonormalBasis.spanIndices,3,0
YWS2015,YWS-T3-rankone,TauCeti.isSymmetric_leftGram,2,0
YWS2015,YWS-T3-rankone,TauCeti.isSymmetric_rightGram,2,0
YWS2015,YWS-T3-rankone,TauCeti.leftGram,1,0
YWS2015,YWS-T3-rankone,TauCeti.restrictedSpectrum,1,0
YWS2015,YWS-T3-rankone,TauCeti.rightGram,1,0
YWS2015,YWS-T3-rankone,YuWangSamworth2015.CorrespondingEigenblock,2,0
YWS2015,YWS-T3-rankone,YuWangSamworth2015.DavisKahanTheory.CorrespondingLeftSingularBlock,1,0
YWS2015,YWS-T3-rankone,YuWangSamworth2015.DavisKahanTheory.CorrespondingRightSingularBlock,1,0
YWS2015,YWS-T3-rankone,YuWangSamworth2015.DavisKahanTheory.yuWangSamworth_leftSingularVector_le,0,1
YWS2015,YWS-T3-rankone,YuWangSamworth2015.DavisKahanTheory.yuWangSamworth_leftSingularVector_opNormCoefficient_le,0,1
YWS2015,YWS-T3-rankone,YuWangSamworth2015.DavisKahanTheory.yuWangSamworth_rightSingularVector_le,0,1
YWS2015,YWS-T3-rankone,YuWangSamworth2015.DavisKahanTheory.yuWangSamworth_rightSingularVector_opNormCoefficient_le,0,1
YWS2015,YWS-T3-right,OrthonormalBasis.spanIndices,2,0
YWS2015,YWS-T3-right,TauCeti.InternalGap,1,0
YWS2015,YWS-T3-right,TauCeti.IntervalExteriorGap,1,0
YWS2015,YWS-T3-right,TauCeti.IsEigenFamily,2,0
YWS2015,YWS-T3-right,TauCeti.IsOrderedEigenframe,1,0
YWS2015,YWS-T3-right,TauCeti.RectangularUnitarilyInvariantSeminorm,2,0
YWS2015,YWS-T3-right,TauCeti.RectangularUnitarilyInvariantSeminorm.frobenius,1,0
YWS2015,YWS-T3-right,TauCeti.RectangularUnitarilyInvariantSeminorm.mk,2,0
YWS2015,YWS-T3-right,TauCeti.RectangularUnitarilyInvariantSeminorm.toFun,1,0
YWS2015,YWS-T3-right,TauCeti.SpectraSeparated,2,0
YWS2015,YWS-T3-right,TauCeti.SpectrumIn,2,0
YWS2015,YWS-T3-right,TauCeti.UnitarilyInvariantSeminorm,3,0
YWS2015,YWS-T3-right,TauCeti.UnitarilyInvariantSeminorm.frobenius,2,0
YWS2015,YWS-T3-right,TauCeti.UnitarilyInvariantSeminorm.mk,3,0
YWS2015,YWS-T3-right,TauCeti.UnitarilyInvariantSeminorm.toFun,2,0
YWS2015,YWS-T3-right,TauCeti.complementaryProjection,2,0
YWS2015,YWS-T3-right,TauCeti.isSymmetric_rightGram,1,0
YWS2015,YWS-T3-right,TauCeti.projection,2,0
YWS2015,YWS-T3-right,TauCeti.restrictedSpectrum,3,0
YWS2015,YWS-T3-right,TauCeti.rightGram,1,0
YWS2015,YWS-T3-right,TauCeti.sinThetaFrobenius,1,0
YWS2015,YWS-T3-right,TauCeti.sinThetaMap,1,0
YWS2015,YWS-T3-right,TauCeti.spectralSubspace,1,0
YWS2015,YWS-T3-right,YuWangSamworth2015.CorrespondingEigenblock,1,0
YWS2015,YWS-T3-right,YuWangSamworth2015.DavisKahanTheory.CorrespondingRightSingularBlock,0,1
YWS2015,YWS-T3-right,YuWangSamworth2015.DavisKahanTheory.IsOrderedRightSingularFrame,0,1
YWS2015,YWS-T3-right,YuWangSamworth2015.DavisKahanTheory.RightSingularInternalGap,0,1
YWS2015,YWS-T3-right,YuWangSamworth2015.DavisKahanTheory.orderedBlockBoundaryGap_rightGram,0,1
YWS2015,YWS-T3-right,YuWangSamworth2015.DavisKahanTheory.singularBoundaryGap_of_rank_le,0,1
YWS2015,YWS-T3-right,YuWangSamworth2015.DavisKahanTheory.sq_singularValues_eq_eigenvalues_rightGram,0,1
YWS2015,YWS-T3-right,YuWangSamworth2015.DavisKahanTheory.yuWangSamworth_rightSingularSubspace_block_le,0,1
YWS2015,YWS-T3-right,YuWangSamworth2015.DavisKahanTheory.yuWangSamworth_rightSingularSubspace_frame_le,0,1
YWS2015,YWS-T3-right,YuWangSamworth2015.DavisKahanTheory.yuWangSamworth_rightSingularSubspace_le,0,1
YWS2015,YWS-T3-right,YuWangSamworth2015.DavisKahanTheory.yuWangSamworth_rightSingularSubspace_opNormCoefficient_le,0,1
YWS2015,YWS-T3-right,YuWangSamworth2015.OrderedBlockBoundaryGap,1,0
YWS2015,YWS-T3-right,YuWangSamworth2015.consecutiveEmb,1,0
YWS2015,YWS-T3-right,YuWangSamworth2015.rightSingularSubspace,0,1
YWS2015,YWS-T3-right,YuWangSamworth2015.rightSingularSubspace_sinTheta_le,0,1
