dependent,prerequisite
ContinuousLinearMap.HasSameApproximationNumbers,ContinuousLinearMap.approximationNumber
ContinuousLinearMap.Reduces.orthogonalComplement,ContinuousLinearMap.Reduces
ContinuousLinearMap.kyFanGauge,ContinuousLinearMap.approximationNumber
ContinuousLinearMap.modulusCorestrict,ContinuousLinearMap.modulus
ContinuousLinearMap.modulusCorestrict,ContinuousLinearMap.modulus_apply_mem_polarInitial
ContinuousLinearMap.modulusCorestrict,ContinuousLinearMap.polarInitial
ContinuousLinearMap.modulus_apply_mem_polarInitial,ContinuousLinearMap.modulus
ContinuousLinearMap.modulus_apply_mem_polarInitial,ContinuousLinearMap.polarInitial
ContinuousLinearMap.polarInitial,ContinuousLinearMap.modulus
ContinuousLinearMap.polarPartial,ContinuousLinearMap.polarInitial
ContinuousLinearMap.polarPartial,ContinuousLinearMap.polarPartialAux
ContinuousLinearMap.polarPartialAux,ContinuousLinearMap.modulusCorestrict
ContinuousLinearMap.polarPartialAux,ContinuousLinearMap.polarInitial
DavisKahan1970.IsExactSpectralDecomposition,TauCeti.DavisKahanExt.ClosedOperator
DavisKahan1970.IsTrialResidual,TauCeti.DavisKahanExt.ClosedOperator
DavisKahan1970.sinTheta_headline,ContinuousLinearMap.HasMinMaxLowerBoundEverywhere
DavisKahan1970.sinTheta_headline,DavisKahan1970.IsExactSpectralDecomposition
DavisKahan1970.sinTheta_headline,DavisKahan1970.IsTrialResidual
DavisKahan1970.sinTheta_headline,TauCeti.DavisKahan.ExactSinTheta.HasUnboundedSylvesterKyFan
DavisKahan1970.sinTheta_headline,TauCeti.DavisKahan.ExactSinTheta.PaperUnitaryInvariantNorm.Mem
DavisKahan1970.sinTheta_headline,TauCeti.DavisKahan.ExactSinTheta.PaperUnitaryInvariantNorm.gauge
DavisKahan1970.sinTheta_headline,TauCeti.DavisKahan1970.UnitaryInvariantNorm
DavisKahan1970.sinTheta_headline,TauCeti.DavisKahanExt.ClosedOperator
DavisKahan1970.sinTheta_headline,TauCeti.DavisKahanExt.ClosedOperator.IsSelfAdjoint
DavisKahan1970.sinTheta_headline,TauCeti.DavisKahanExt.ClosedOperator.toLinearPMap
DavisKahan1970.sinTheta_headline,TauCeti.LinearPMap.realSpectrum
LinearMap.IsPositive.sqrt,TauCeti.selfAdjointFunctionalCalculus
LinearMap.IsSymmetric.spanIndices_Ico_eq_eigenspace,OrthonormalBasis.spanIndices
Submodule.offDiagonalPart,Submodule.diagonalPart
TauCeti.ApproximationNumber.approximationSingularValue,ContinuousLinearMap.approximationNumber
TauCeti.ApproximationNumber.kyFanApproximationGauge,ContinuousLinearMap.kyFanGauge
TauCeti.BorelCalculus.IsBddMeasurable.chooseBound,TauCeti.BorelCalculus.IsBddMeasurable
TauCeti.BorelCalculus.IsBddMeasurable.chooseBound,TauCeti.BorelCalculus.IsBddMeasurable.exists_bound
TauCeti.BorelCalculus.IsBddMeasurable.exists_bound,TauCeti.BorelCalculus.IsBddMeasurable
TauCeti.BorelCalculus.borelCalculus,TauCeti.BorelCalculus.IsBddMeasurable
TauCeti.BorelCalculus.borelCalculus,TauCeti.BorelCalculus.IsBddMeasurable.chooseBound
TauCeti.BorelCalculus.borelCalculus,TauCeti.BorelCalculus.borelVector
TauCeti.BorelCalculus.borelCalculus,TauCeti.BorelCalculus.norm_borelVector_le
TauCeti.BorelCalculus.borelVector,TauCeti.BorelCalculus.IsBddMeasurable
TauCeti.BorelCalculus.borelVector,TauCeti.BorelCalculus.pairFunctional
TauCeti.BorelCalculus.boundedPVM,TauCeti.BorelCalculus.measurable_reCoord
TauCeti.BorelCalculus.boundedPVM,TauCeti.BorelCalculus.reCoord
TauCeti.BorelCalculus.boundedPVM,TauCeti.BorelCalculus.toProjValMeasure
TauCeti.BorelCalculus.boundedPVM,TauCeti.ProjValMeasure
TauCeti.BorelCalculus.diagFunctional,TauCeti.BorelCalculus.ofRealLM
TauCeti.BorelCalculus.diagMeasure,TauCeti.BorelCalculus.diagFunctional
TauCeti.BorelCalculus.inner_specProj_self,TauCeti.BorelCalculus.specDiag
TauCeti.BorelCalculus.inner_specProj_self,TauCeti.BorelCalculus.specProj
TauCeti.BorelCalculus.isFiniteMeasure_specDiag,TauCeti.BorelCalculus.specDiag
TauCeti.BorelCalculus.measurable_reCoord,TauCeti.BorelCalculus.reCoord
TauCeti.BorelCalculus.norm_borelVector_le,TauCeti.BorelCalculus.IsBddMeasurable
TauCeti.BorelCalculus.norm_borelVector_le,TauCeti.BorelCalculus.IsBddMeasurable.chooseBound
TauCeti.BorelCalculus.norm_borelVector_le,TauCeti.BorelCalculus.borelVector
TauCeti.BorelCalculus.pair,TauCeti.BorelCalculus.diagMeasure
TauCeti.BorelCalculus.pairFunctional,TauCeti.BorelCalculus.IsBddMeasurable
TauCeti.BorelCalculus.pairFunctional,TauCeti.BorelCalculus.IsBddMeasurable.chooseBound
TauCeti.BorelCalculus.pairFunctional,TauCeti.BorelCalculus.pair
TauCeti.BorelCalculus.specDiag,TauCeti.BorelCalculus.diagMeasure
TauCeti.BorelCalculus.specProj,TauCeti.BorelCalculus.borelCalculus
TauCeti.BorelCalculus.specProj_inter,TauCeti.BorelCalculus.specProj
TauCeti.BorelCalculus.specProj_univ,TauCeti.BorelCalculus.specProj
TauCeti.BorelCalculus.toProjValMeasure,TauCeti.BorelCalculus.inner_specProj_self
TauCeti.BorelCalculus.toProjValMeasure,TauCeti.BorelCalculus.isFiniteMeasure_specDiag
TauCeti.BorelCalculus.toProjValMeasure,TauCeti.BorelCalculus.specDiag
TauCeti.BorelCalculus.toProjValMeasure,TauCeti.BorelCalculus.specProj
TauCeti.BorelCalculus.toProjValMeasure,TauCeti.BorelCalculus.specProj_inter
TauCeti.BorelCalculus.toProjValMeasure,TauCeti.BorelCalculus.specProj_univ
TauCeti.BorelCalculus.toProjValMeasure,TauCeti.ProjValMeasure
TauCeti.BorelCalculus.toProjValMeasure,TauCeti.ProjValMeasure.mk
TauCeti.DavisKahan.AngleSequenceAmbient,TauCeti.DavisKahan.AngleSequenceSpace
TauCeti.DavisKahan.DKClosedOperator,TauCeti.DavisKahanExt.ClosedOperator
TauCeti.DavisKahan.ExactSinTheta.ClosedOperatorAmbient,TauCeti.DavisKahanExt.ClosedOperator
TauCeti.DavisKahan.ExactSinTheta.ClosedOperatorComplement,TauCeti.DavisKahanExt.ClosedOperator
TauCeti.DavisKahan.ExactSinTheta.ClosedOperatorComplexification.complexify,TauCeti.DavisKahan.ExactSinTheta.ClosedOperatorComplexification.domain
TauCeti.DavisKahan.ExactSinTheta.ClosedOperatorComplexification.complexify,TauCeti.DavisKahan.ExactSinTheta.ClosedOperatorComplexification.linearMap
TauCeti.DavisKahan.ExactSinTheta.ClosedOperatorComplexification.complexify,TauCeti.DavisKahanExt.ClosedOperator
TauCeti.DavisKahan.ExactSinTheta.ClosedOperatorComplexification.complexify,TauCeti.DavisKahanExt.ClosedOperator.mk
TauCeti.DavisKahan.ExactSinTheta.ClosedOperatorComplexification.complexify,TauCeti.RealComplexification
TauCeti.DavisKahan.ExactSinTheta.ClosedOperatorComplexification.complexify,TauCeti.RealComplexification.instInnerProductSpaceComplex
TauCeti.DavisKahan.ExactSinTheta.ClosedOperatorComplexification.complexify,TauCeti.RealComplexification.instNormedAddCommGroup
TauCeti.DavisKahan.ExactSinTheta.ClosedOperatorComplexification.domain,TauCeti.DavisKahan.Foundation.RealComplexification.complexifySubmodule
TauCeti.DavisKahan.ExactSinTheta.ClosedOperatorComplexification.domain,TauCeti.DavisKahanExt.ClosedOperator
TauCeti.DavisKahan.ExactSinTheta.ClosedOperatorComplexification.domain,TauCeti.DavisKahanExt.ClosedOperator.domain
TauCeti.DavisKahan.ExactSinTheta.ClosedOperatorComplexification.domain,TauCeti.RealComplexification
TauCeti.DavisKahan.ExactSinTheta.ClosedOperatorComplexification.domain,TauCeti.RealComplexification.instAddCommGroup
TauCeti.DavisKahan.ExactSinTheta.ClosedOperatorComplexification.domain,TauCeti.RealComplexification.instModuleComplex
TauCeti.DavisKahan.ExactSinTheta.ClosedOperatorComplexification.domainIm,TauCeti.DavisKahan.ExactSinTheta.ClosedOperatorComplexification.domain
TauCeti.DavisKahan.ExactSinTheta.ClosedOperatorComplexification.domainIm,TauCeti.DavisKahanExt.ClosedOperator
TauCeti.DavisKahan.ExactSinTheta.ClosedOperatorComplexification.domainIm,TauCeti.DavisKahanExt.ClosedOperator.domain
TauCeti.DavisKahan.ExactSinTheta.ClosedOperatorComplexification.domainIm,TauCeti.RealComplexification
TauCeti.DavisKahan.ExactSinTheta.ClosedOperatorComplexification.domainIm,TauCeti.RealComplexification.im
TauCeti.DavisKahan.ExactSinTheta.ClosedOperatorComplexification.domainIm,TauCeti.RealComplexification.instAddCommGroup
TauCeti.DavisKahan.ExactSinTheta.ClosedOperatorComplexification.domainIm,TauCeti.RealComplexification.instModuleComplex
TauCeti.DavisKahan.ExactSinTheta.ClosedOperatorComplexification.domainRe,TauCeti.DavisKahan.ExactSinTheta.ClosedOperatorComplexification.domain
TauCeti.DavisKahan.ExactSinTheta.ClosedOperatorComplexification.domainRe,TauCeti.DavisKahanExt.ClosedOperator
TauCeti.DavisKahan.ExactSinTheta.ClosedOperatorComplexification.domainRe,TauCeti.DavisKahanExt.ClosedOperator.domain
TauCeti.DavisKahan.ExactSinTheta.ClosedOperatorComplexification.domainRe,TauCeti.RealComplexification
TauCeti.DavisKahan.ExactSinTheta.ClosedOperatorComplexification.domainRe,TauCeti.RealComplexification.instAddCommGroup
TauCeti.DavisKahan.ExactSinTheta.ClosedOperatorComplexification.domainRe,TauCeti.RealComplexification.instModuleComplex
TauCeti.DavisKahan.ExactSinTheta.ClosedOperatorComplexification.domainRe,TauCeti.RealComplexification.re
TauCeti.DavisKahan.ExactSinTheta.ClosedOperatorComplexification.isSelfAdjoint_complexify,TauCeti.DavisKahan.ExactSinTheta.ClosedOperatorComplexification.complexify
TauCeti.DavisKahan.ExactSinTheta.ClosedOperatorComplexification.isSelfAdjoint_complexify,TauCeti.DavisKahanExt.ClosedOperator
TauCeti.DavisKahan.ExactSinTheta.ClosedOperatorComplexification.isSelfAdjoint_complexify,TauCeti.DavisKahanExt.ClosedOperator.IsSelfAdjoint
TauCeti.DavisKahan.ExactSinTheta.ClosedOperatorComplexification.isSelfAdjoint_complexify,TauCeti.RealComplexification
TauCeti.DavisKahan.ExactSinTheta.ClosedOperatorComplexification.isSelfAdjoint_complexify,TauCeti.RealComplexification.instCompleteSpace
TauCeti.DavisKahan.ExactSinTheta.ClosedOperatorComplexification.isSelfAdjoint_complexify,TauCeti.RealComplexification.instInnerProductSpaceComplex
TauCeti.DavisKahan.ExactSinTheta.ClosedOperatorComplexification.isSelfAdjoint_complexify,TauCeti.RealComplexification.instNormedAddCommGroup
TauCeti.DavisKahan.ExactSinTheta.ClosedOperatorComplexification.linearMap,TauCeti.DavisKahan.ExactSinTheta.ClosedOperatorComplexification.domain
TauCeti.DavisKahan.ExactSinTheta.ClosedOperatorComplexification.linearMap,TauCeti.DavisKahan.ExactSinTheta.ClosedOperatorComplexification.domainIm
TauCeti.DavisKahan.ExactSinTheta.ClosedOperatorComplexification.linearMap,TauCeti.DavisKahan.ExactSinTheta.ClosedOperatorComplexification.domainRe
TauCeti.DavisKahan.ExactSinTheta.ClosedOperatorComplexification.linearMap,TauCeti.DavisKahanExt.ClosedOperator
TauCeti.DavisKahan.ExactSinTheta.ClosedOperatorComplexification.linearMap,TauCeti.DavisKahanExt.ClosedOperator.domain
TauCeti.DavisKahan.ExactSinTheta.ClosedOperatorComplexification.linearMap,TauCeti.DavisKahanExt.ClosedOperator.toLinearMap
TauCeti.DavisKahan.ExactSinTheta.ClosedOperatorComplexification.linearMap,TauCeti.RealComplexification
TauCeti.DavisKahan.ExactSinTheta.ClosedOperatorComplexification.linearMap,TauCeti.RealComplexification.instAddCommGroup
TauCeti.DavisKahan.ExactSinTheta.ClosedOperatorComplexification.linearMap,TauCeti.RealComplexification.instModuleComplex
TauCeti.DavisKahan.ExactSinTheta.ClosedOperatorComplexification.linearMap,TauCeti.RealComplexification.mk
TauCeti.DavisKahan.ExactSinTheta.ClosedOperatorE,TauCeti.DavisKahanExt.ClosedOperator
TauCeti.DavisKahan.ExactSinTheta.ClosedOperatorF,TauCeti.DavisKahanExt.ClosedOperator
TauCeti.DavisKahan.ExactSinTheta.ClosedOperatorTrial,TauCeti.DavisKahanExt.ClosedOperator
TauCeti.DavisKahan.ExactSinTheta.ClosedSylvesterEquation,TauCeti.DavisKahan.ExactSinTheta.ClosedOperatorE
TauCeti.DavisKahan.ExactSinTheta.ClosedSylvesterEquation,TauCeti.DavisKahan.ExactSinTheta.ClosedOperatorF
TauCeti.DavisKahan.ExactSinTheta.ClosedSylvesterEquation,TauCeti.DavisKahanExt.ClosedOperator.toLinearPMap
TauCeti.DavisKahan.ExactSinTheta.ClosedSylvesterEquation,TauCeti.LinearPMap.SylvesterEquation
TauCeti.DavisKahan.ExactSinTheta.FormBoundedGeneralSinThetaProblem,TauCeti.DavisKahan.ExactSinTheta.KyFanDominantIdealFamily
TauCeti.DavisKahan.ExactSinTheta.FormBoundedGeneralSinThetaProblem.data,TauCeti.DavisKahan.ExactSinTheta.FormBoundedGeneralSinThetaProblem
TauCeti.DavisKahan.ExactSinTheta.FormBoundedGeneralSinThetaProblem.data,TauCeti.DavisKahan.ExactSinTheta.KyFanDominantIdealFamily
TauCeti.DavisKahan.ExactSinTheta.FormBoundedGeneralSinThetaProblem.data,TauCeti.DavisKahan.ExactSinTheta.UnboundedSinThetaData
TauCeti.DavisKahan.ExactSinTheta.FormBoundedGeneralSinThetaProblem.exactMap,TauCeti.DavisKahan.ExactSinTheta.FormBoundedGeneralSinThetaProblem
TauCeti.DavisKahan.ExactSinTheta.FormBoundedGeneralSinThetaProblem.exactMap,TauCeti.DavisKahan.ExactSinTheta.KyFanDominantIdealFamily
TauCeti.DavisKahan.ExactSinTheta.FormBoundedGeneralSinThetaProblem.frameLowerBound,TauCeti.DavisKahan.ExactSinTheta.FormBoundedGeneralSinThetaProblem
TauCeti.DavisKahan.ExactSinTheta.FormBoundedGeneralSinThetaProblem.frameLowerBound,TauCeti.DavisKahan.ExactSinTheta.KyFanDominantIdealFamily
TauCeti.DavisKahan.ExactSinTheta.FormBoundedGeneralSinThetaProblem.frameLowerBound_pos,TauCeti.DavisKahan.ExactSinTheta.FormBoundedGeneralSinThetaProblem
TauCeti.DavisKahan.ExactSinTheta.FormBoundedGeneralSinThetaProblem.frameLowerBound_pos,TauCeti.DavisKahan.ExactSinTheta.FormBoundedGeneralSinThetaProblem.frameLowerBound
TauCeti.DavisKahan.ExactSinTheta.FormBoundedGeneralSinThetaProblem.frameLowerBound_pos,TauCeti.DavisKahan.ExactSinTheta.KyFanDominantIdealFamily
TauCeti.DavisKahan.ExactSinTheta.FormBoundedGeneralSinThetaProblem.gap,TauCeti.DavisKahan.ExactSinTheta.FormBoundedGeneralSinThetaProblem
TauCeti.DavisKahan.ExactSinTheta.FormBoundedGeneralSinThetaProblem.gap,TauCeti.DavisKahan.ExactSinTheta.KyFanDominantIdealFamily
TauCeti.DavisKahan.ExactSinTheta.FormBoundedGeneralSinThetaProblem.lowerFrame,TauCeti.DavisKahan.ExactSinTheta.FormBoundedGeneralSinThetaProblem
TauCeti.DavisKahan.ExactSinTheta.FormBoundedGeneralSinThetaProblem.lowerFrame,TauCeti.DavisKahan.ExactSinTheta.FormBoundedGeneralSinThetaProblem.data
TauCeti.DavisKahan.ExactSinTheta.FormBoundedGeneralSinThetaProblem.lowerFrame,TauCeti.DavisKahan.ExactSinTheta.FormBoundedGeneralSinThetaProblem.frameLowerBound
TauCeti.DavisKahan.ExactSinTheta.FormBoundedGeneralSinThetaProblem.lowerFrame,TauCeti.DavisKahan.ExactSinTheta.KyFanDominantIdealFamily
TauCeti.DavisKahan.ExactSinTheta.FormBoundedGeneralSinThetaProblem.lowerFrame,TauCeti.DavisKahan.ExactSinTheta.LowerFrameBound
TauCeti.DavisKahan.ExactSinTheta.FormBoundedGeneralSinThetaProblem.lowerFrame,TauCeti.DavisKahan.ExactSinTheta.UnboundedSinThetaData.X
TauCeti.DavisKahan.ExactSinTheta.FormBoundedIsometricSinThetaProblem,TauCeti.DavisKahan.ExactSinTheta.KyFanDominantIdealFamily
TauCeti.DavisKahan.ExactSinTheta.FormBoundedIsometricSinThetaProblem.data,TauCeti.DavisKahan.ExactSinTheta.FormBoundedIsometricSinThetaProblem
TauCeti.DavisKahan.ExactSinTheta.FormBoundedIsometricSinThetaProblem.data,TauCeti.DavisKahan.ExactSinTheta.KyFanDominantIdealFamily
TauCeti.DavisKahan.ExactSinTheta.FormBoundedIsometricSinThetaProblem.data,TauCeti.DavisKahan.ExactSinTheta.UnboundedSinThetaData
TauCeti.DavisKahan.ExactSinTheta.FormBoundedIsometricSinThetaProblem.exactMap,TauCeti.DavisKahan.ExactSinTheta.FormBoundedIsometricSinThetaProblem
TauCeti.DavisKahan.ExactSinTheta.FormBoundedIsometricSinThetaProblem.exactMap,TauCeti.DavisKahan.ExactSinTheta.KyFanDominantIdealFamily
TauCeti.DavisKahan.ExactSinTheta.FormBoundedIsometricSinThetaProblem.gap,TauCeti.DavisKahan.ExactSinTheta.FormBoundedIsometricSinThetaProblem
TauCeti.DavisKahan.ExactSinTheta.FormBoundedIsometricSinThetaProblem.gap,TauCeti.DavisKahan.ExactSinTheta.KyFanDominantIdealFamily
TauCeti.DavisKahan.ExactSinTheta.FormBoundedSylvesterGap,TauCeti.DavisKahan.ExactSinTheta.linearPMap_FormBoundedSylvesterGap
TauCeti.DavisKahan.ExactSinTheta.FormBoundedSylvesterGap,TauCeti.DavisKahanExt.ClosedOperator
TauCeti.DavisKahan.ExactSinTheta.FormBoundedSylvesterGap,TauCeti.DavisKahanExt.ClosedOperator.toLinearPMap
TauCeti.DavisKahan.ExactSinTheta.HasClosedSylvesterEquation,TauCeti.DavisKahan.ExactSinTheta.ClosedOperatorE
TauCeti.DavisKahan.ExactSinTheta.HasClosedSylvesterEquation,TauCeti.DavisKahan.ExactSinTheta.ClosedOperatorF
TauCeti.DavisKahan.ExactSinTheta.HasClosedSylvesterEquation,TauCeti.DavisKahan.ExactSinTheta.ClosedSylvesterEquation
TauCeti.DavisKahan.ExactSinTheta.HasPaperCommonDomain,TauCeti.DavisKahan.ExactSinTheta.boundedPullbackDomain
TauCeti.DavisKahan.ExactSinTheta.HasPaperCommonDomain,TauCeti.DavisKahanExt.ClosedOperator
TauCeti.DavisKahan.ExactSinTheta.HasPaperCommonDomain,TauCeti.DavisKahanExt.ClosedOperator.domain
TauCeti.DavisKahan.ExactSinTheta.HasPaperCommonDomain.maps_domain,TauCeti.DavisKahan.ExactSinTheta.HasPaperCommonDomain
TauCeti.DavisKahan.ExactSinTheta.HasPaperCommonDomain.maps_domain,TauCeti.DavisKahanExt.ClosedOperator
TauCeti.DavisKahan.ExactSinTheta.HasPaperCommonDomain.maps_domain,TauCeti.DavisKahanExt.ClosedOperator.domain
TauCeti.DavisKahan.ExactSinTheta.IsPaperHilbertSchmidt,TauCeti.DavisKahan.ExactSinTheta.paperHilbertSchmidtEnergy
TauCeti.DavisKahan.ExactSinTheta.KyFanDominantIdealFamily.Mem,TauCeti.DavisKahan.ExactSinTheta.KyFanDominantIdealFamily
TauCeti.DavisKahan.ExactSinTheta.KyFanDominantIdealFamily.Mem,TauCeti.DavisKahan.ExactSinTheta.KyFanDominantIdealFamily.toSymmetricOperatorIdealFamily
TauCeti.DavisKahan.ExactSinTheta.KyFanDominantIdealFamily.Mem,TauCeti.OperatorIdealFamily.gauge
TauCeti.DavisKahan.ExactSinTheta.KyFanDominantIdealFamily.Mem,TauCeti.SymmetricOperatorIdealFamily.toOperatorIdealFamily
TauCeti.DavisKahan.ExactSinTheta.KyFanDominantIdealFamily.gauge,TauCeti.DavisKahan.ExactSinTheta.KyFanDominantIdealFamily
TauCeti.DavisKahan.ExactSinTheta.KyFanDominantIdealFamily.gauge,TauCeti.DavisKahan.ExactSinTheta.KyFanDominantIdealFamily.toSymmetricOperatorIdealFamily
TauCeti.DavisKahan.ExactSinTheta.KyFanDominantIdealFamily.gauge,TauCeti.OperatorIdealFamily.gauge
TauCeti.DavisKahan.ExactSinTheta.KyFanDominantIdealFamily.gauge,TauCeti.SymmetricOperatorIdealFamily.toOperatorIdealFamily
TauCeti.DavisKahan.ExactSinTheta.KyFanDominantIdealFamily.toSymmetricOperatorIdealFamily,TauCeti.DavisKahan.ExactSinTheta.KyFanDominantIdealFamily
TauCeti.DavisKahan.ExactSinTheta.KyFanDominantIdealFamily.toSymmetricOperatorIdealFamily,TauCeti.SymmetricOperatorIdealFamily
TauCeti.DavisKahan.ExactSinTheta.LowerFramePolarData,TauCeti.DavisKahan.ExactSinTheta.LowerFrameBound
TauCeti.DavisKahan.ExactSinTheta.LowerFramePolarData.invSqrt,TauCeti.DavisKahan.ExactSinTheta.LowerFrameBound
TauCeti.DavisKahan.ExactSinTheta.LowerFramePolarData.invSqrt,TauCeti.DavisKahan.ExactSinTheta.LowerFramePolarData
TauCeti.DavisKahan.ExactSinTheta.PaperCommonCoreResidualData,TauCeti.DavisKahanExt.ClosedOperator
TauCeti.DavisKahan.ExactSinTheta.PaperCommonCoreResidualData.maps_domain,TauCeti.DavisKahan.ExactSinTheta.PaperCommonCoreResidualData
TauCeti.DavisKahan.ExactSinTheta.PaperCommonCoreResidualData.maps_domain,TauCeti.DavisKahanExt.ClosedOperator
TauCeti.DavisKahan.ExactSinTheta.PaperCommonCoreResidualData.maps_domain,TauCeti.DavisKahanExt.ClosedOperator.domain
TauCeti.DavisKahan.ExactSinTheta.PaperCommonCoreResidualData.residual_eq,TauCeti.DavisKahan.ExactSinTheta.PaperCommonCoreResidualData
TauCeti.DavisKahan.ExactSinTheta.PaperCommonCoreResidualData.residual_eq,TauCeti.DavisKahan.ExactSinTheta.PaperCommonCoreResidualData.maps_domain
TauCeti.DavisKahan.ExactSinTheta.PaperCommonCoreResidualData.residual_eq,TauCeti.DavisKahanExt.ClosedOperator
TauCeti.DavisKahan.ExactSinTheta.PaperCommonCoreResidualData.residual_eq,TauCeti.DavisKahanExt.ClosedOperator.domain
TauCeti.DavisKahan.ExactSinTheta.PaperCommonCoreResidualData.residual_eq,TauCeti.DavisKahanExt.ClosedOperator.toLinearMap
TauCeti.DavisKahan.ExactSinTheta.PaperCommonCoreSinThetaData.A,TauCeti.DavisKahan.ExactSinTheta.PaperCommonCoreSinThetaData
TauCeti.DavisKahan.ExactSinTheta.PaperCommonCoreSinThetaData.A,TauCeti.DavisKahanExt.ClosedOperator
TauCeti.DavisKahan.ExactSinTheta.PaperCommonCoreSinThetaData.A₀,TauCeti.DavisKahan.ExactSinTheta.PaperCommonCoreSinThetaData
TauCeti.DavisKahan.ExactSinTheta.PaperCommonCoreSinThetaData.A₀,TauCeti.DavisKahanExt.ClosedOperator
TauCeti.DavisKahan.ExactSinTheta.PaperCommonCoreSinThetaData.E₀,TauCeti.DavisKahan.ExactSinTheta.PaperCommonCoreSinThetaData
TauCeti.DavisKahan.ExactSinTheta.PaperCommonCoreSinThetaData.F₀,TauCeti.DavisKahan.ExactSinTheta.PaperCommonCoreSinThetaData
TauCeti.DavisKahan.ExactSinTheta.PaperCommonCoreSinThetaData.F₁,TauCeti.DavisKahan.ExactSinTheta.PaperCommonCoreSinThetaData
TauCeti.DavisKahan.ExactSinTheta.PaperCommonCoreSinThetaData.F₁_intertwines,TauCeti.DavisKahan.ExactSinTheta.PaperCommonCoreSinThetaData
TauCeti.DavisKahan.ExactSinTheta.PaperCommonCoreSinThetaData.F₁_intertwines,TauCeti.DavisKahan.ExactSinTheta.PaperCommonCoreSinThetaData.A
TauCeti.DavisKahan.ExactSinTheta.PaperCommonCoreSinThetaData.F₁_intertwines,TauCeti.DavisKahan.ExactSinTheta.PaperCommonCoreSinThetaData.F₁
TauCeti.DavisKahan.ExactSinTheta.PaperCommonCoreSinThetaData.F₁_intertwines,TauCeti.DavisKahan.ExactSinTheta.PaperCommonCoreSinThetaData.F₁_maps_domain
TauCeti.DavisKahan.ExactSinTheta.PaperCommonCoreSinThetaData.F₁_intertwines,TauCeti.DavisKahan.ExactSinTheta.PaperCommonCoreSinThetaData.Λ₁
TauCeti.DavisKahan.ExactSinTheta.PaperCommonCoreSinThetaData.F₁_intertwines,TauCeti.DavisKahanExt.ClosedOperator.domain
TauCeti.DavisKahan.ExactSinTheta.PaperCommonCoreSinThetaData.F₁_intertwines,TauCeti.DavisKahanExt.ClosedOperator.toLinearMap
TauCeti.DavisKahan.ExactSinTheta.PaperCommonCoreSinThetaData.F₁_maps_domain,TauCeti.DavisKahan.ExactSinTheta.PaperCommonCoreSinThetaData
TauCeti.DavisKahan.ExactSinTheta.PaperCommonCoreSinThetaData.F₁_maps_domain,TauCeti.DavisKahan.ExactSinTheta.PaperCommonCoreSinThetaData.A
TauCeti.DavisKahan.ExactSinTheta.PaperCommonCoreSinThetaData.F₁_maps_domain,TauCeti.DavisKahan.ExactSinTheta.PaperCommonCoreSinThetaData.F₁
TauCeti.DavisKahan.ExactSinTheta.PaperCommonCoreSinThetaData.F₁_maps_domain,TauCeti.DavisKahan.ExactSinTheta.PaperCommonCoreSinThetaData.Λ₁
TauCeti.DavisKahan.ExactSinTheta.PaperCommonCoreSinThetaData.F₁_maps_domain,TauCeti.DavisKahanExt.ClosedOperator.domain
TauCeti.DavisKahan.ExactSinTheta.PaperCommonCoreSinThetaData.R,TauCeti.DavisKahan.ExactSinTheta.PaperCommonCoreSinThetaData
TauCeti.DavisKahan.ExactSinTheta.PaperCommonCoreSinThetaData.core_residual,TauCeti.DavisKahan.ExactSinTheta.PaperCommonCoreResidualData
TauCeti.DavisKahan.ExactSinTheta.PaperCommonCoreSinThetaData.core_residual,TauCeti.DavisKahan.ExactSinTheta.PaperCommonCoreSinThetaData
TauCeti.DavisKahan.ExactSinTheta.PaperCommonCoreSinThetaData.core_residual,TauCeti.DavisKahan.ExactSinTheta.PaperCommonCoreSinThetaData.A
TauCeti.DavisKahan.ExactSinTheta.PaperCommonCoreSinThetaData.core_residual,TauCeti.DavisKahan.ExactSinTheta.PaperCommonCoreSinThetaData.A₀
TauCeti.DavisKahan.ExactSinTheta.PaperCommonCoreSinThetaData.core_residual,TauCeti.DavisKahan.ExactSinTheta.PaperCommonCoreSinThetaData.E₀
TauCeti.DavisKahan.ExactSinTheta.PaperCommonCoreSinThetaData.core_residual,TauCeti.DavisKahan.ExactSinTheta.PaperCommonCoreSinThetaData.R
TauCeti.DavisKahan.ExactSinTheta.PaperCommonCoreSinThetaData.toUnboundedSinThetaData,TauCeti.DavisKahan.ExactSinTheta.PaperCommonCoreSinThetaData
TauCeti.DavisKahan.ExactSinTheta.PaperCommonCoreSinThetaData.toUnboundedSinThetaData,TauCeti.DavisKahan.ExactSinTheta.PaperCommonCoreSinThetaData.A
TauCeti.DavisKahan.ExactSinTheta.PaperCommonCoreSinThetaData.toUnboundedSinThetaData,TauCeti.DavisKahan.ExactSinTheta.PaperCommonCoreSinThetaData.A₀
TauCeti.DavisKahan.ExactSinTheta.PaperCommonCoreSinThetaData.toUnboundedSinThetaData,TauCeti.DavisKahan.ExactSinTheta.PaperCommonCoreSinThetaData.E₀
TauCeti.DavisKahan.ExactSinTheta.PaperCommonCoreSinThetaData.toUnboundedSinThetaData,TauCeti.DavisKahan.ExactSinTheta.PaperCommonCoreSinThetaData.F₁
TauCeti.DavisKahan.ExactSinTheta.PaperCommonCoreSinThetaData.toUnboundedSinThetaData,TauCeti.DavisKahan.ExactSinTheta.PaperCommonCoreSinThetaData.F₁_intertwines
TauCeti.DavisKahan.ExactSinTheta.PaperCommonCoreSinThetaData.toUnboundedSinThetaData,TauCeti.DavisKahan.ExactSinTheta.PaperCommonCoreSinThetaData.F₁_maps_domain
TauCeti.DavisKahan.ExactSinTheta.PaperCommonCoreSinThetaData.toUnboundedSinThetaData,TauCeti.DavisKahan.ExactSinTheta.PaperCommonCoreSinThetaData.R
TauCeti.DavisKahan.ExactSinTheta.PaperCommonCoreSinThetaData.toUnboundedSinThetaData,TauCeti.DavisKahan.ExactSinTheta.PaperCommonCoreSinThetaData.core_residual
TauCeti.DavisKahan.ExactSinTheta.PaperCommonCoreSinThetaData.toUnboundedSinThetaData,TauCeti.DavisKahan.ExactSinTheta.PaperCommonCoreSinThetaData.Λ₁
TauCeti.DavisKahan.ExactSinTheta.PaperCommonCoreSinThetaData.toUnboundedSinThetaData,TauCeti.DavisKahan.ExactSinTheta.UnboundedSinThetaData
TauCeti.DavisKahan.ExactSinTheta.PaperCommonCoreSinThetaData.toUnboundedSinThetaData,TauCeti.DavisKahan.ExactSinTheta.unboundedSinThetaDataOfPaperCommonCore
TauCeti.DavisKahan.ExactSinTheta.PaperCommonCoreSinThetaData.Λ₁,TauCeti.DavisKahan.ExactSinTheta.PaperCommonCoreSinThetaData
TauCeti.DavisKahan.ExactSinTheta.PaperCommonCoreSinThetaData.Λ₁,TauCeti.DavisKahanExt.ClosedOperator
TauCeti.DavisKahan.ExactSinTheta.PaperCommonDomainSinThetaData.A,TauCeti.DavisKahan.ExactSinTheta.PaperCommonDomainSinThetaData
TauCeti.DavisKahan.ExactSinTheta.PaperCommonDomainSinThetaData.A,TauCeti.DavisKahanExt.ClosedOperator
TauCeti.DavisKahan.ExactSinTheta.PaperCommonDomainSinThetaData.A₀,TauCeti.DavisKahan.ExactSinTheta.PaperCommonDomainSinThetaData
TauCeti.DavisKahan.ExactSinTheta.PaperCommonDomainSinThetaData.A₀,TauCeti.DavisKahanExt.ClosedOperator
TauCeti.DavisKahan.ExactSinTheta.PaperCommonDomainSinThetaData.E₀,TauCeti.DavisKahan.ExactSinTheta.PaperCommonDomainSinThetaData
TauCeti.DavisKahan.ExactSinTheta.PaperCommonDomainSinThetaData.F₀,TauCeti.DavisKahan.ExactSinTheta.PaperCommonDomainSinThetaData
TauCeti.DavisKahan.ExactSinTheta.PaperCommonDomainSinThetaData.F₁,TauCeti.DavisKahan.ExactSinTheta.PaperCommonDomainSinThetaData
TauCeti.DavisKahan.ExactSinTheta.PaperCommonDomainSinThetaData.F₁_intertwines,TauCeti.DavisKahan.ExactSinTheta.PaperCommonDomainSinThetaData
TauCeti.DavisKahan.ExactSinTheta.PaperCommonDomainSinThetaData.F₁_intertwines,TauCeti.DavisKahan.ExactSinTheta.PaperCommonDomainSinThetaData.A
TauCeti.DavisKahan.ExactSinTheta.PaperCommonDomainSinThetaData.F₁_intertwines,TauCeti.DavisKahan.ExactSinTheta.PaperCommonDomainSinThetaData.F₁
TauCeti.DavisKahan.ExactSinTheta.PaperCommonDomainSinThetaData.F₁_intertwines,TauCeti.DavisKahan.ExactSinTheta.PaperCommonDomainSinThetaData.F₁_maps_domain
TauCeti.DavisKahan.ExactSinTheta.PaperCommonDomainSinThetaData.F₁_intertwines,TauCeti.DavisKahan.ExactSinTheta.PaperCommonDomainSinThetaData.Λ₁
TauCeti.DavisKahan.ExactSinTheta.PaperCommonDomainSinThetaData.F₁_intertwines,TauCeti.DavisKahanExt.ClosedOperator.domain
TauCeti.DavisKahan.ExactSinTheta.PaperCommonDomainSinThetaData.F₁_intertwines,TauCeti.DavisKahanExt.ClosedOperator.toLinearMap
TauCeti.DavisKahan.ExactSinTheta.PaperCommonDomainSinThetaData.F₁_maps_domain,TauCeti.DavisKahan.ExactSinTheta.PaperCommonDomainSinThetaData
TauCeti.DavisKahan.ExactSinTheta.PaperCommonDomainSinThetaData.F₁_maps_domain,TauCeti.DavisKahan.ExactSinTheta.PaperCommonDomainSinThetaData.A
TauCeti.DavisKahan.ExactSinTheta.PaperCommonDomainSinThetaData.F₁_maps_domain,TauCeti.DavisKahan.ExactSinTheta.PaperCommonDomainSinThetaData.F₁
TauCeti.DavisKahan.ExactSinTheta.PaperCommonDomainSinThetaData.F₁_maps_domain,TauCeti.DavisKahan.ExactSinTheta.PaperCommonDomainSinThetaData.Λ₁
TauCeti.DavisKahan.ExactSinTheta.PaperCommonDomainSinThetaData.F₁_maps_domain,TauCeti.DavisKahanExt.ClosedOperator.domain
TauCeti.DavisKahan.ExactSinTheta.PaperCommonDomainSinThetaData.R,TauCeti.DavisKahan.ExactSinTheta.PaperCommonDomainSinThetaData
TauCeti.DavisKahan.ExactSinTheta.PaperCommonDomainSinThetaData.common_domain,TauCeti.DavisKahan.ExactSinTheta.HasPaperCommonDomain
TauCeti.DavisKahan.ExactSinTheta.PaperCommonDomainSinThetaData.common_domain,TauCeti.DavisKahan.ExactSinTheta.PaperCommonDomainSinThetaData
TauCeti.DavisKahan.ExactSinTheta.PaperCommonDomainSinThetaData.common_domain,TauCeti.DavisKahan.ExactSinTheta.PaperCommonDomainSinThetaData.A
TauCeti.DavisKahan.ExactSinTheta.PaperCommonDomainSinThetaData.common_domain,TauCeti.DavisKahan.ExactSinTheta.PaperCommonDomainSinThetaData.A₀
TauCeti.DavisKahan.ExactSinTheta.PaperCommonDomainSinThetaData.common_domain,TauCeti.DavisKahan.ExactSinTheta.PaperCommonDomainSinThetaData.E₀
TauCeti.DavisKahan.ExactSinTheta.PaperCommonDomainSinThetaData.residual_on_common_domain,TauCeti.DavisKahan.ExactSinTheta.PaperCommonDomainSinThetaData
TauCeti.DavisKahan.ExactSinTheta.PaperCommonDomainSinThetaData.residual_on_common_domain,TauCeti.DavisKahan.ExactSinTheta.PaperCommonDomainSinThetaData.A
TauCeti.DavisKahan.ExactSinTheta.PaperCommonDomainSinThetaData.residual_on_common_domain,TauCeti.DavisKahan.ExactSinTheta.PaperCommonDomainSinThetaData.A₀
TauCeti.DavisKahan.ExactSinTheta.PaperCommonDomainSinThetaData.residual_on_common_domain,TauCeti.DavisKahan.ExactSinTheta.PaperCommonDomainSinThetaData.E₀
TauCeti.DavisKahan.ExactSinTheta.PaperCommonDomainSinThetaData.residual_on_common_domain,TauCeti.DavisKahan.ExactSinTheta.PaperCommonDomainSinThetaData.R
TauCeti.DavisKahan.ExactSinTheta.PaperCommonDomainSinThetaData.residual_on_common_domain,TauCeti.DavisKahanExt.ClosedOperator.domain
TauCeti.DavisKahan.ExactSinTheta.PaperCommonDomainSinThetaData.residual_on_common_domain,TauCeti.DavisKahanExt.ClosedOperator.toLinearMap
TauCeti.DavisKahan.ExactSinTheta.PaperCommonDomainSinThetaData.toUnboundedSinThetaData,TauCeti.DavisKahan.ExactSinTheta.PaperCommonDomainSinThetaData
TauCeti.DavisKahan.ExactSinTheta.PaperCommonDomainSinThetaData.toUnboundedSinThetaData,TauCeti.DavisKahan.ExactSinTheta.PaperCommonDomainSinThetaData.A
TauCeti.DavisKahan.ExactSinTheta.PaperCommonDomainSinThetaData.toUnboundedSinThetaData,TauCeti.DavisKahan.ExactSinTheta.PaperCommonDomainSinThetaData.A₀
TauCeti.DavisKahan.ExactSinTheta.PaperCommonDomainSinThetaData.toUnboundedSinThetaData,TauCeti.DavisKahan.ExactSinTheta.PaperCommonDomainSinThetaData.E₀
TauCeti.DavisKahan.ExactSinTheta.PaperCommonDomainSinThetaData.toUnboundedSinThetaData,TauCeti.DavisKahan.ExactSinTheta.PaperCommonDomainSinThetaData.F₁
TauCeti.DavisKahan.ExactSinTheta.PaperCommonDomainSinThetaData.toUnboundedSinThetaData,TauCeti.DavisKahan.ExactSinTheta.PaperCommonDomainSinThetaData.F₁_intertwines
TauCeti.DavisKahan.ExactSinTheta.PaperCommonDomainSinThetaData.toUnboundedSinThetaData,TauCeti.DavisKahan.ExactSinTheta.PaperCommonDomainSinThetaData.F₁_maps_domain
TauCeti.DavisKahan.ExactSinTheta.PaperCommonDomainSinThetaData.toUnboundedSinThetaData,TauCeti.DavisKahan.ExactSinTheta.PaperCommonDomainSinThetaData.R
TauCeti.DavisKahan.ExactSinTheta.PaperCommonDomainSinThetaData.toUnboundedSinThetaData,TauCeti.DavisKahan.ExactSinTheta.PaperCommonDomainSinThetaData.common_domain
TauCeti.DavisKahan.ExactSinTheta.PaperCommonDomainSinThetaData.toUnboundedSinThetaData,TauCeti.DavisKahan.ExactSinTheta.PaperCommonDomainSinThetaData.residual_on_common_domain
TauCeti.DavisKahan.ExactSinTheta.PaperCommonDomainSinThetaData.toUnboundedSinThetaData,TauCeti.DavisKahan.ExactSinTheta.PaperCommonDomainSinThetaData.Λ₁
TauCeti.DavisKahan.ExactSinTheta.PaperCommonDomainSinThetaData.toUnboundedSinThetaData,TauCeti.DavisKahan.ExactSinTheta.UnboundedSinThetaData
TauCeti.DavisKahan.ExactSinTheta.PaperCommonDomainSinThetaData.toUnboundedSinThetaData,TauCeti.DavisKahan.ExactSinTheta.unboundedSinThetaDataOfPaperCommonDomain
TauCeti.DavisKahan.ExactSinTheta.PaperCommonDomainSinThetaData.Λ₁,TauCeti.DavisKahan.ExactSinTheta.PaperCommonDomainSinThetaData
TauCeti.DavisKahan.ExactSinTheta.PaperCommonDomainSinThetaData.Λ₁,TauCeti.DavisKahanExt.ClosedOperator
TauCeti.DavisKahan.ExactSinTheta.PaperRealCommonCoreTheorem61Data.epsilon,TauCeti.DavisKahan.ExactSinTheta.PaperRealCommonCoreTheorem61Data
TauCeti.DavisKahan.ExactSinTheta.PaperRealCommonCoreTheorem61Data.epsilon_pos,TauCeti.DavisKahan.ExactSinTheta.PaperRealCommonCoreTheorem61Data
TauCeti.DavisKahan.ExactSinTheta.PaperRealCommonCoreTheorem61Data.epsilon_pos,TauCeti.DavisKahan.ExactSinTheta.PaperRealCommonCoreTheorem61Data.epsilon
TauCeti.DavisKahan.ExactSinTheta.PaperRealCommonCoreTheorem61Data.gap,TauCeti.DavisKahan.ExactSinTheta.PaperRealCommonCoreTheorem61Data
TauCeti.DavisKahan.ExactSinTheta.PaperRealCommonCoreTheorem61Data.gap_pos,TauCeti.DavisKahan.ExactSinTheta.PaperRealCommonCoreTheorem61Data
TauCeti.DavisKahan.ExactSinTheta.PaperRealCommonCoreTheorem61Data.gap_pos,TauCeti.DavisKahan.ExactSinTheta.PaperRealCommonCoreTheorem61Data.gap
TauCeti.DavisKahan.ExactSinTheta.PaperRealCommonCoreTheorem61Data.lower_frame,TauCeti.DavisKahan.ExactSinTheta.LowerFrameBound
TauCeti.DavisKahan.ExactSinTheta.PaperRealCommonCoreTheorem61Data.lower_frame,TauCeti.DavisKahan.ExactSinTheta.PaperCommonCoreSinThetaData.E₀
TauCeti.DavisKahan.ExactSinTheta.PaperRealCommonCoreTheorem61Data.lower_frame,TauCeti.DavisKahan.ExactSinTheta.PaperRealCommonCoreTheorem61Data
TauCeti.DavisKahan.ExactSinTheta.PaperRealCommonCoreTheorem61Data.lower_frame,TauCeti.DavisKahan.ExactSinTheta.PaperRealCommonCoreTheorem61Data.epsilon
TauCeti.DavisKahan.ExactSinTheta.PaperRealCommonCoreTheorem61Data.lower_frame,TauCeti.DavisKahan.ExactSinTheta.PaperRealCommonCoreTheorem61Data.source
TauCeti.DavisKahan.ExactSinTheta.PaperRealCommonCoreTheorem61Data.source,TauCeti.DavisKahan.ExactSinTheta.PaperCommonCoreSinThetaData
TauCeti.DavisKahan.ExactSinTheta.PaperRealCommonCoreTheorem61Data.source,TauCeti.DavisKahan.ExactSinTheta.PaperRealCommonCoreTheorem61Data
TauCeti.DavisKahan.ExactSinTheta.PaperRealCommonCoreTheorem61Data.spectral_gap,TauCeti.DavisKahan.ExactSinTheta.FormBoundedSylvesterGap
TauCeti.DavisKahan.ExactSinTheta.PaperRealCommonCoreTheorem61Data.spectral_gap,TauCeti.DavisKahan.ExactSinTheta.PaperCommonCoreSinThetaData.A₀
TauCeti.DavisKahan.ExactSinTheta.PaperRealCommonCoreTheorem61Data.spectral_gap,TauCeti.DavisKahan.ExactSinTheta.PaperCommonCoreSinThetaData.Λ₁
TauCeti.DavisKahan.ExactSinTheta.PaperRealCommonCoreTheorem61Data.spectral_gap,TauCeti.DavisKahan.ExactSinTheta.PaperRealCommonCoreTheorem61Data
TauCeti.DavisKahan.ExactSinTheta.PaperRealCommonCoreTheorem61Data.spectral_gap,TauCeti.DavisKahan.ExactSinTheta.PaperRealCommonCoreTheorem61Data.gap
TauCeti.DavisKahan.ExactSinTheta.PaperRealCommonCoreTheorem61Data.spectral_gap,TauCeti.DavisKahan.ExactSinTheta.PaperRealCommonCoreTheorem61Data.source
TauCeti.DavisKahan.ExactSinTheta.PaperRealCommonCoreTheorem61Data.toPaperRealTheorem61Data,TauCeti.DavisKahan.ExactSinTheta.PaperCommonCoreSinThetaData.F₀
TauCeti.DavisKahan.ExactSinTheta.PaperRealCommonCoreTheorem61Data.toPaperRealTheorem61Data,TauCeti.DavisKahan.ExactSinTheta.PaperCommonCoreSinThetaData.toUnboundedSinThetaData
TauCeti.DavisKahan.ExactSinTheta.PaperRealCommonCoreTheorem61Data.toPaperRealTheorem61Data,TauCeti.DavisKahan.ExactSinTheta.PaperRealCommonCoreTheorem61Data
TauCeti.DavisKahan.ExactSinTheta.PaperRealCommonCoreTheorem61Data.toPaperRealTheorem61Data,TauCeti.DavisKahan.ExactSinTheta.PaperRealCommonCoreTheorem61Data.epsilon
TauCeti.DavisKahan.ExactSinTheta.PaperRealCommonCoreTheorem61Data.toPaperRealTheorem61Data,TauCeti.DavisKahan.ExactSinTheta.PaperRealCommonCoreTheorem61Data.epsilon_pos
TauCeti.DavisKahan.ExactSinTheta.PaperRealCommonCoreTheorem61Data.toPaperRealTheorem61Data,TauCeti.DavisKahan.ExactSinTheta.PaperRealCommonCoreTheorem61Data.gap
TauCeti.DavisKahan.ExactSinTheta.PaperRealCommonCoreTheorem61Data.toPaperRealTheorem61Data,TauCeti.DavisKahan.ExactSinTheta.PaperRealCommonCoreTheorem61Data.gap_pos
TauCeti.DavisKahan.ExactSinTheta.PaperRealCommonCoreTheorem61Data.toPaperRealTheorem61Data,TauCeti.DavisKahan.ExactSinTheta.PaperRealCommonCoreTheorem61Data.lower_frame
TauCeti.DavisKahan.ExactSinTheta.PaperRealCommonCoreTheorem61Data.toPaperRealTheorem61Data,TauCeti.DavisKahan.ExactSinTheta.PaperRealCommonCoreTheorem61Data.source
TauCeti.DavisKahan.ExactSinTheta.PaperRealCommonCoreTheorem61Data.toPaperRealTheorem61Data,TauCeti.DavisKahan.ExactSinTheta.PaperRealCommonCoreTheorem61Data.spectral_gap
TauCeti.DavisKahan.ExactSinTheta.PaperRealCommonCoreTheorem61Data.toPaperRealTheorem61Data,TauCeti.DavisKahan.ExactSinTheta.PaperRealTheorem61Data
TauCeti.DavisKahan.ExactSinTheta.PaperRealCommonCoreTheorem61Data.toPaperRealTheorem61Data,TauCeti.DavisKahan.ExactSinTheta.PaperRealTheorem61Data.mk
TauCeti.DavisKahan.ExactSinTheta.PaperRealCommonDomainTheorem61Data.epsilon,TauCeti.DavisKahan.ExactSinTheta.PaperRealCommonDomainTheorem61Data
TauCeti.DavisKahan.ExactSinTheta.PaperRealCommonDomainTheorem61Data.epsilon_pos,TauCeti.DavisKahan.ExactSinTheta.PaperRealCommonDomainTheorem61Data
TauCeti.DavisKahan.ExactSinTheta.PaperRealCommonDomainTheorem61Data.epsilon_pos,TauCeti.DavisKahan.ExactSinTheta.PaperRealCommonDomainTheorem61Data.epsilon
TauCeti.DavisKahan.ExactSinTheta.PaperRealCommonDomainTheorem61Data.gap,TauCeti.DavisKahan.ExactSinTheta.PaperRealCommonDomainTheorem61Data
TauCeti.DavisKahan.ExactSinTheta.PaperRealCommonDomainTheorem61Data.gap_pos,TauCeti.DavisKahan.ExactSinTheta.PaperRealCommonDomainTheorem61Data
TauCeti.DavisKahan.ExactSinTheta.PaperRealCommonDomainTheorem61Data.gap_pos,TauCeti.DavisKahan.ExactSinTheta.PaperRealCommonDomainTheorem61Data.gap
TauCeti.DavisKahan.ExactSinTheta.PaperRealCommonDomainTheorem61Data.lower_frame,TauCeti.DavisKahan.ExactSinTheta.LowerFrameBound
TauCeti.DavisKahan.ExactSinTheta.PaperRealCommonDomainTheorem61Data.lower_frame,TauCeti.DavisKahan.ExactSinTheta.PaperCommonDomainSinThetaData.E₀
TauCeti.DavisKahan.ExactSinTheta.PaperRealCommonDomainTheorem61Data.lower_frame,TauCeti.DavisKahan.ExactSinTheta.PaperRealCommonDomainTheorem61Data
TauCeti.DavisKahan.ExactSinTheta.PaperRealCommonDomainTheorem61Data.lower_frame,TauCeti.DavisKahan.ExactSinTheta.PaperRealCommonDomainTheorem61Data.epsilon
TauCeti.DavisKahan.ExactSinTheta.PaperRealCommonDomainTheorem61Data.lower_frame,TauCeti.DavisKahan.ExactSinTheta.PaperRealCommonDomainTheorem61Data.source
TauCeti.DavisKahan.ExactSinTheta.PaperRealCommonDomainTheorem61Data.source,TauCeti.DavisKahan.ExactSinTheta.PaperCommonDomainSinThetaData
TauCeti.DavisKahan.ExactSinTheta.PaperRealCommonDomainTheorem61Data.source,TauCeti.DavisKahan.ExactSinTheta.PaperRealCommonDomainTheorem61Data
TauCeti.DavisKahan.ExactSinTheta.PaperRealCommonDomainTheorem61Data.spectral_gap,TauCeti.DavisKahan.ExactSinTheta.FormBoundedSylvesterGap
TauCeti.DavisKahan.ExactSinTheta.PaperRealCommonDomainTheorem61Data.spectral_gap,TauCeti.DavisKahan.ExactSinTheta.PaperCommonDomainSinThetaData.A₀
TauCeti.DavisKahan.ExactSinTheta.PaperRealCommonDomainTheorem61Data.spectral_gap,TauCeti.DavisKahan.ExactSinTheta.PaperCommonDomainSinThetaData.Λ₁
TauCeti.DavisKahan.ExactSinTheta.PaperRealCommonDomainTheorem61Data.spectral_gap,TauCeti.DavisKahan.ExactSinTheta.PaperRealCommonDomainTheorem61Data
TauCeti.DavisKahan.ExactSinTheta.PaperRealCommonDomainTheorem61Data.spectral_gap,TauCeti.DavisKahan.ExactSinTheta.PaperRealCommonDomainTheorem61Data.gap
TauCeti.DavisKahan.ExactSinTheta.PaperRealCommonDomainTheorem61Data.spectral_gap,TauCeti.DavisKahan.ExactSinTheta.PaperRealCommonDomainTheorem61Data.source
TauCeti.DavisKahan.ExactSinTheta.PaperRealCommonDomainTheorem61Data.toPaperTheorem61Data,TauCeti.DavisKahan.ExactSinTheta.PaperCommonDomainSinThetaData.F₀
TauCeti.DavisKahan.ExactSinTheta.PaperRealCommonDomainTheorem61Data.toPaperTheorem61Data,TauCeti.DavisKahan.ExactSinTheta.PaperCommonDomainSinThetaData.toUnboundedSinThetaData
TauCeti.DavisKahan.ExactSinTheta.PaperRealCommonDomainTheorem61Data.toPaperTheorem61Data,TauCeti.DavisKahan.ExactSinTheta.PaperRealCommonDomainTheorem61Data
TauCeti.DavisKahan.ExactSinTheta.PaperRealCommonDomainTheorem61Data.toPaperTheorem61Data,TauCeti.DavisKahan.ExactSinTheta.PaperRealCommonDomainTheorem61Data.epsilon
TauCeti.DavisKahan.ExactSinTheta.PaperRealCommonDomainTheorem61Data.toPaperTheorem61Data,TauCeti.DavisKahan.ExactSinTheta.PaperRealCommonDomainTheorem61Data.epsilon_pos
TauCeti.DavisKahan.ExactSinTheta.PaperRealCommonDomainTheorem61Data.toPaperTheorem61Data,TauCeti.DavisKahan.ExactSinTheta.PaperRealCommonDomainTheorem61Data.gap
TauCeti.DavisKahan.ExactSinTheta.PaperRealCommonDomainTheorem61Data.toPaperTheorem61Data,TauCeti.DavisKahan.ExactSinTheta.PaperRealCommonDomainTheorem61Data.gap_pos
TauCeti.DavisKahan.ExactSinTheta.PaperRealCommonDomainTheorem61Data.toPaperTheorem61Data,TauCeti.DavisKahan.ExactSinTheta.PaperRealCommonDomainTheorem61Data.lower_frame
TauCeti.DavisKahan.ExactSinTheta.PaperRealCommonDomainTheorem61Data.toPaperTheorem61Data,TauCeti.DavisKahan.ExactSinTheta.PaperRealCommonDomainTheorem61Data.source
TauCeti.DavisKahan.ExactSinTheta.PaperRealCommonDomainTheorem61Data.toPaperTheorem61Data,TauCeti.DavisKahan.ExactSinTheta.PaperRealCommonDomainTheorem61Data.spectral_gap
TauCeti.DavisKahan.ExactSinTheta.PaperRealCommonDomainTheorem61Data.toPaperTheorem61Data,TauCeti.DavisKahan.ExactSinTheta.PaperRealTheorem61Data
TauCeti.DavisKahan.ExactSinTheta.PaperRealCommonDomainTheorem61Data.toPaperTheorem61Data,TauCeti.DavisKahan.ExactSinTheta.PaperRealTheorem61Data.mk
TauCeti.DavisKahan.ExactSinTheta.PaperRealIsometricTheoremData.ambient_selfAdjoint,TauCeti.DavisKahan.ExactSinTheta.PaperRealIsometricTheoremData
TauCeti.DavisKahan.ExactSinTheta.PaperRealIsometricTheoremData.ambient_selfAdjoint,TauCeti.DavisKahan.ExactSinTheta.PaperRealIsometricTheoremData.data
TauCeti.DavisKahan.ExactSinTheta.PaperRealIsometricTheoremData.ambient_selfAdjoint,TauCeti.DavisKahan.ExactSinTheta.UnboundedSinThetaData.A
TauCeti.DavisKahan.ExactSinTheta.PaperRealIsometricTheoremData.ambient_selfAdjoint,TauCeti.DavisKahanExt.ClosedOperator.IsSelfAdjoint
TauCeti.DavisKahan.ExactSinTheta.PaperRealIsometricTheoremData.canonicalSinTheta,TauCeti.DavisKahan.ExactSinTheta.PaperRealIsometricTheoremData
TauCeti.DavisKahan.ExactSinTheta.PaperRealIsometricTheoremData.canonicalSinTheta,TauCeti.DavisKahan.ExactSinTheta.PaperRealIsometricTheoremData.toGeneral
TauCeti.DavisKahan.ExactSinTheta.PaperRealIsometricTheoremData.canonicalSinTheta,TauCeti.DavisKahan.ExactSinTheta.PaperRealTheorem61Data.canonicalSinTheta
TauCeti.DavisKahan.ExactSinTheta.PaperRealIsometricTheoremData.complement_selfAdjoint,TauCeti.DavisKahan.ExactSinTheta.PaperRealIsometricTheoremData
TauCeti.DavisKahan.ExactSinTheta.PaperRealIsometricTheoremData.complement_selfAdjoint,TauCeti.DavisKahan.ExactSinTheta.PaperRealIsometricTheoremData.data
TauCeti.DavisKahan.ExactSinTheta.PaperRealIsometricTheoremData.complement_selfAdjoint,TauCeti.DavisKahan.ExactSinTheta.UnboundedSinThetaData.Λ₁
TauCeti.DavisKahan.ExactSinTheta.PaperRealIsometricTheoremData.complement_selfAdjoint,TauCeti.DavisKahanExt.ClosedOperator.IsSelfAdjoint
TauCeti.DavisKahan.ExactSinTheta.PaperRealIsometricTheoremData.data,TauCeti.DavisKahan.ExactSinTheta.PaperRealIsometricTheoremData
TauCeti.DavisKahan.ExactSinTheta.PaperRealIsometricTheoremData.data,TauCeti.DavisKahan.ExactSinTheta.UnboundedSinThetaData
TauCeti.DavisKahan.ExactSinTheta.PaperRealIsometricTheoremData.exactMap,TauCeti.DavisKahan.ExactSinTheta.PaperRealIsometricTheoremData
TauCeti.DavisKahan.ExactSinTheta.PaperRealIsometricTheoremData.exact_decomposition,TauCeti.DavisKahan.ExactSinTheta.OrthogonalExactDecomposition
TauCeti.DavisKahan.ExactSinTheta.PaperRealIsometricTheoremData.exact_decomposition,TauCeti.DavisKahan.ExactSinTheta.PaperRealIsometricTheoremData
TauCeti.DavisKahan.ExactSinTheta.PaperRealIsometricTheoremData.exact_decomposition,TauCeti.DavisKahan.ExactSinTheta.PaperRealIsometricTheoremData.data
TauCeti.DavisKahan.ExactSinTheta.PaperRealIsometricTheoremData.exact_decomposition,TauCeti.DavisKahan.ExactSinTheta.PaperRealIsometricTheoremData.exactMap
TauCeti.DavisKahan.ExactSinTheta.PaperRealIsometricTheoremData.exact_decomposition,TauCeti.DavisKahan.ExactSinTheta.UnboundedSinThetaData.F₁
TauCeti.DavisKahan.ExactSinTheta.PaperRealIsometricTheoremData.gap,TauCeti.DavisKahan.ExactSinTheta.PaperRealIsometricTheoremData
TauCeti.DavisKahan.ExactSinTheta.PaperRealIsometricTheoremData.gap_pos,TauCeti.DavisKahan.ExactSinTheta.PaperRealIsometricTheoremData
TauCeti.DavisKahan.ExactSinTheta.PaperRealIsometricTheoremData.gap_pos,TauCeti.DavisKahan.ExactSinTheta.PaperRealIsometricTheoremData.gap
TauCeti.DavisKahan.ExactSinTheta.PaperRealIsometricTheoremData.spectral_gap,TauCeti.DavisKahan.ExactSinTheta.FormBoundedSylvesterGap
TauCeti.DavisKahan.ExactSinTheta.PaperRealIsometricTheoremData.spectral_gap,TauCeti.DavisKahan.ExactSinTheta.PaperRealIsometricTheoremData
TauCeti.DavisKahan.ExactSinTheta.PaperRealIsometricTheoremData.spectral_gap,TauCeti.DavisKahan.ExactSinTheta.PaperRealIsometricTheoremData.data
TauCeti.DavisKahan.ExactSinTheta.PaperRealIsometricTheoremData.spectral_gap,TauCeti.DavisKahan.ExactSinTheta.PaperRealIsometricTheoremData.gap
TauCeti.DavisKahan.ExactSinTheta.PaperRealIsometricTheoremData.spectral_gap,TauCeti.DavisKahan.ExactSinTheta.UnboundedSinThetaData.A₀
TauCeti.DavisKahan.ExactSinTheta.PaperRealIsometricTheoremData.spectral_gap,TauCeti.DavisKahan.ExactSinTheta.UnboundedSinThetaData.Λ₁
TauCeti.DavisKahan.ExactSinTheta.PaperRealIsometricTheoremData.toGeneral,TauCeti.DavisKahan.ExactSinTheta.PaperRealIsometricTheoremData
TauCeti.DavisKahan.ExactSinTheta.PaperRealIsometricTheoremData.toGeneral,TauCeti.DavisKahan.ExactSinTheta.PaperRealIsometricTheoremData.ambient_selfAdjoint
TauCeti.DavisKahan.ExactSinTheta.PaperRealIsometricTheoremData.toGeneral,TauCeti.DavisKahan.ExactSinTheta.PaperRealIsometricTheoremData.complement_selfAdjoint
TauCeti.DavisKahan.ExactSinTheta.PaperRealIsometricTheoremData.toGeneral,TauCeti.DavisKahan.ExactSinTheta.PaperRealIsometricTheoremData.data
TauCeti.DavisKahan.ExactSinTheta.PaperRealIsometricTheoremData.toGeneral,TauCeti.DavisKahan.ExactSinTheta.PaperRealIsometricTheoremData.exactMap
TauCeti.DavisKahan.ExactSinTheta.PaperRealIsometricTheoremData.toGeneral,TauCeti.DavisKahan.ExactSinTheta.PaperRealIsometricTheoremData.exact_decomposition
TauCeti.DavisKahan.ExactSinTheta.PaperRealIsometricTheoremData.toGeneral,TauCeti.DavisKahan.ExactSinTheta.PaperRealIsometricTheoremData.gap
TauCeti.DavisKahan.ExactSinTheta.PaperRealIsometricTheoremData.toGeneral,TauCeti.DavisKahan.ExactSinTheta.PaperRealIsometricTheoremData.gap_pos
TauCeti.DavisKahan.ExactSinTheta.PaperRealIsometricTheoremData.toGeneral,TauCeti.DavisKahan.ExactSinTheta.PaperRealIsometricTheoremData.spectral_gap
TauCeti.DavisKahan.ExactSinTheta.PaperRealIsometricTheoremData.toGeneral,TauCeti.DavisKahan.ExactSinTheta.PaperRealIsometricTheoremData.trial_selfAdjoint
TauCeti.DavisKahan.ExactSinTheta.PaperRealIsometricTheoremData.toGeneral,TauCeti.DavisKahan.ExactSinTheta.PaperRealTheorem61Data
TauCeti.DavisKahan.ExactSinTheta.PaperRealIsometricTheoremData.toGeneral,TauCeti.DavisKahan.ExactSinTheta.PaperRealTheorem61Data.mk
TauCeti.DavisKahan.ExactSinTheta.PaperRealIsometricTheoremData.trial_selfAdjoint,TauCeti.DavisKahan.ExactSinTheta.PaperRealIsometricTheoremData
TauCeti.DavisKahan.ExactSinTheta.PaperRealIsometricTheoremData.trial_selfAdjoint,TauCeti.DavisKahan.ExactSinTheta.PaperRealIsometricTheoremData.data
TauCeti.DavisKahan.ExactSinTheta.PaperRealIsometricTheoremData.trial_selfAdjoint,TauCeti.DavisKahan.ExactSinTheta.UnboundedSinThetaData.A₀
TauCeti.DavisKahan.ExactSinTheta.PaperRealIsometricTheoremData.trial_selfAdjoint,TauCeti.DavisKahanExt.ClosedOperator.IsSelfAdjoint
TauCeti.DavisKahan.ExactSinTheta.PaperRealSymmetricSinThetaProblem.A,TauCeti.DavisKahan.ExactSinTheta.PaperRealSymmetricSinThetaProblem
TauCeti.DavisKahan.ExactSinTheta.PaperRealSymmetricSinThetaProblem.B,TauCeti.DavisKahan.ExactSinTheta.PaperRealSymmetricSinThetaProblem
TauCeti.DavisKahan.ExactSinTheta.PaperRealSymmetricSinThetaProblem.U,TauCeti.DavisKahan.ExactSinTheta.PaperRealSymmetricSinThetaProblem
TauCeti.DavisKahan.ExactSinTheta.PaperRealSymmetricSinThetaProblem.V,TauCeti.DavisKahan.ExactSinTheta.PaperRealSymmetricSinThetaProblem
TauCeti.DavisKahan.ExactSinTheta.PaperRealSymmetricSinThetaProblem.gap,TauCeti.DavisKahan.ExactSinTheta.PaperRealSymmetricSinThetaProblem
TauCeti.DavisKahan.ExactSinTheta.PaperRealSymmetricSinThetaProblem.perturbation,TauCeti.DavisKahan.ExactSinTheta.PaperRealSymmetricSinThetaProblem
TauCeti.DavisKahan.ExactSinTheta.PaperRealSymmetricSinThetaProblem.perturbation,TauCeti.DavisKahan.ExactSinTheta.PaperRealSymmetricSinThetaProblem.A
TauCeti.DavisKahan.ExactSinTheta.PaperRealSymmetricSinThetaProblem.perturbation,TauCeti.DavisKahan.ExactSinTheta.PaperRealSymmetricSinThetaProblem.B
TauCeti.DavisKahan.ExactSinTheta.PaperRealSymmetricSinThetaProblem.proj_U,TauCeti.DavisKahan.ExactSinTheta.PaperRealSymmetricSinThetaProblem
TauCeti.DavisKahan.ExactSinTheta.PaperRealSymmetricSinThetaProblem.proj_U,TauCeti.DavisKahan.ExactSinTheta.PaperRealSymmetricSinThetaProblem.U
TauCeti.DavisKahan.ExactSinTheta.PaperRealSymmetricSinThetaProblem.proj_V,TauCeti.DavisKahan.ExactSinTheta.PaperRealSymmetricSinThetaProblem
TauCeti.DavisKahan.ExactSinTheta.PaperRealSymmetricSinThetaProblem.proj_V,TauCeti.DavisKahan.ExactSinTheta.PaperRealSymmetricSinThetaProblem.V
TauCeti.DavisKahan.ExactSinTheta.PaperRealTheorem61Data.canonicalSinTheta,TauCeti.DavisKahan.ExactSinTheta.PaperRealTheorem61Data
TauCeti.DavisKahan.ExactSinTheta.PaperRealTheorem61Data.canonicalSinTheta,TauCeti.DavisKahan.ExactSinTheta.PaperRealTheorem61Data.data
TauCeti.DavisKahan.ExactSinTheta.PaperRealTheorem61Data.canonicalSinTheta,TauCeti.DavisKahan.ExactSinTheta.PaperRealTheorem61Data.exactMap
TauCeti.DavisKahan.ExactSinTheta.PaperRealTheorem61Data.canonicalSinTheta,TauCeti.DavisKahan.ExactSinTheta.PaperRealTheorem61Data.frameLowerBound
TauCeti.DavisKahan.ExactSinTheta.PaperRealTheorem61Data.canonicalSinTheta,TauCeti.DavisKahan.ExactSinTheta.PaperRealTheorem61Data.frameLowerBound_pos
TauCeti.DavisKahan.ExactSinTheta.PaperRealTheorem61Data.canonicalSinTheta,TauCeti.DavisKahan.ExactSinTheta.PaperRealTheorem61Data.lowerFrame
TauCeti.DavisKahan.ExactSinTheta.PaperRealTheorem61Data.canonicalSinTheta,TauCeti.DavisKahan.ExactSinTheta.UnboundedSinThetaData.X
TauCeti.DavisKahan.ExactSinTheta.PaperRealTheorem61Data.canonicalSinTheta,TauCeti.DavisKahan.ExactSinTheta.directedSinThetaOperatorReal
TauCeti.DavisKahan.ExactSinTheta.PaperRealTheorem61Data.data,TauCeti.DavisKahan.ExactSinTheta.PaperRealTheorem61Data
TauCeti.DavisKahan.ExactSinTheta.PaperRealTheorem61Data.data,TauCeti.DavisKahan.ExactSinTheta.UnboundedSinThetaData
TauCeti.DavisKahan.ExactSinTheta.PaperRealTheorem61Data.exactMap,TauCeti.DavisKahan.ExactSinTheta.PaperRealTheorem61Data
TauCeti.DavisKahan.ExactSinTheta.PaperRealTheorem61Data.frameLowerBound,TauCeti.DavisKahan.ExactSinTheta.PaperRealTheorem61Data
TauCeti.DavisKahan.ExactSinTheta.PaperRealTheorem61Data.frameLowerBound_pos,TauCeti.DavisKahan.ExactSinTheta.PaperRealTheorem61Data
TauCeti.DavisKahan.ExactSinTheta.PaperRealTheorem61Data.frameLowerBound_pos,TauCeti.DavisKahan.ExactSinTheta.PaperRealTheorem61Data.frameLowerBound
TauCeti.DavisKahan.ExactSinTheta.PaperRealTheorem61Data.gap,TauCeti.DavisKahan.ExactSinTheta.PaperRealTheorem61Data
TauCeti.DavisKahan.ExactSinTheta.PaperRealTheorem61Data.lowerFrame,TauCeti.DavisKahan.ExactSinTheta.LowerFrameBound
TauCeti.DavisKahan.ExactSinTheta.PaperRealTheorem61Data.lowerFrame,TauCeti.DavisKahan.ExactSinTheta.PaperRealTheorem61Data
TauCeti.DavisKahan.ExactSinTheta.PaperRealTheorem61Data.lowerFrame,TauCeti.DavisKahan.ExactSinTheta.PaperRealTheorem61Data.data
TauCeti.DavisKahan.ExactSinTheta.PaperRealTheorem61Data.lowerFrame,TauCeti.DavisKahan.ExactSinTheta.PaperRealTheorem61Data.frameLowerBound
TauCeti.DavisKahan.ExactSinTheta.PaperRealTheorem61Data.lowerFrame,TauCeti.DavisKahan.ExactSinTheta.UnboundedSinThetaData.X
TauCeti.DavisKahan.ExactSinTheta.PaperRealTheorem61Data.mk,TauCeti.DavisKahan.ExactSinTheta.FormBoundedSylvesterGap
TauCeti.DavisKahan.ExactSinTheta.PaperRealTheorem61Data.mk,TauCeti.DavisKahan.ExactSinTheta.LowerFrameBound
TauCeti.DavisKahan.ExactSinTheta.PaperRealTheorem61Data.mk,TauCeti.DavisKahan.ExactSinTheta.OrthogonalExactDecomposition
TauCeti.DavisKahan.ExactSinTheta.PaperRealTheorem61Data.mk,TauCeti.DavisKahan.ExactSinTheta.PaperRealTheorem61Data
TauCeti.DavisKahan.ExactSinTheta.PaperRealTheorem61Data.mk,TauCeti.DavisKahan.ExactSinTheta.UnboundedSinThetaData
TauCeti.DavisKahan.ExactSinTheta.PaperRealTheorem61Data.mk,TauCeti.DavisKahan.ExactSinTheta.UnboundedSinThetaData.A
TauCeti.DavisKahan.ExactSinTheta.PaperRealTheorem61Data.mk,TauCeti.DavisKahan.ExactSinTheta.UnboundedSinThetaData.A₀
TauCeti.DavisKahan.ExactSinTheta.PaperRealTheorem61Data.mk,TauCeti.DavisKahan.ExactSinTheta.UnboundedSinThetaData.F₁
TauCeti.DavisKahan.ExactSinTheta.PaperRealTheorem61Data.mk,TauCeti.DavisKahan.ExactSinTheta.UnboundedSinThetaData.X
TauCeti.DavisKahan.ExactSinTheta.PaperRealTheorem61Data.mk,TauCeti.DavisKahan.ExactSinTheta.UnboundedSinThetaData.Λ₁
TauCeti.DavisKahan.ExactSinTheta.PaperRealTheorem61Data.mk,TauCeti.DavisKahanExt.ClosedOperator.IsSelfAdjoint
TauCeti.DavisKahan.ExactSinTheta.PaperRealTheorem62Data.canonicalSinTheta,TauCeti.DavisKahan.ExactSinTheta.PaperRealTheorem62Data
TauCeti.DavisKahan.ExactSinTheta.PaperRealTheorem62Data.canonicalSinTheta,TauCeti.DavisKahan.ExactSinTheta.PaperRealTheorem62Data.data
TauCeti.DavisKahan.ExactSinTheta.PaperRealTheorem62Data.canonicalSinTheta,TauCeti.DavisKahan.ExactSinTheta.PaperRealTheorem62Data.frameLowerBound
TauCeti.DavisKahan.ExactSinTheta.PaperRealTheorem62Data.canonicalSinTheta,TauCeti.DavisKahan.ExactSinTheta.PaperRealTheorem62Data.frameLowerBound_pos
TauCeti.DavisKahan.ExactSinTheta.PaperRealTheorem62Data.canonicalSinTheta,TauCeti.DavisKahan.ExactSinTheta.PaperRealTheorem62Data.lowerFrame
TauCeti.DavisKahan.ExactSinTheta.PaperRealTheorem62Data.canonicalSinTheta,TauCeti.DavisKahan.ExactSinTheta.UnboundedSinThetaData.F₁
TauCeti.DavisKahan.ExactSinTheta.PaperRealTheorem62Data.canonicalSinTheta,TauCeti.DavisKahan.ExactSinTheta.UnboundedSinThetaData.X
TauCeti.DavisKahan.ExactSinTheta.PaperRealTheorem62Data.canonicalSinTheta,TauCeti.DavisKahan.ExactSinTheta.lowerFramePolarDataReal
TauCeti.DavisKahan.ExactSinTheta.PaperRealTheorem62Data.canonicalSinTheta,TauCeti.DavisKahan.ExactSinTheta.sinThetaBlockOfPolarData
TauCeti.DavisKahan.ExactSinTheta.PaperRealTheorem62Data.data,TauCeti.DavisKahan.ExactSinTheta.PaperRealTheorem62Data
TauCeti.DavisKahan.ExactSinTheta.PaperRealTheorem62Data.data,TauCeti.DavisKahan.ExactSinTheta.UnboundedSinThetaData
TauCeti.DavisKahan.ExactSinTheta.PaperRealTheorem62Data.frameLowerBound,TauCeti.DavisKahan.ExactSinTheta.PaperRealTheorem62Data
TauCeti.DavisKahan.ExactSinTheta.PaperRealTheorem62Data.frameLowerBound_pos,TauCeti.DavisKahan.ExactSinTheta.PaperRealTheorem62Data
TauCeti.DavisKahan.ExactSinTheta.PaperRealTheorem62Data.frameLowerBound_pos,TauCeti.DavisKahan.ExactSinTheta.PaperRealTheorem62Data.frameLowerBound
TauCeti.DavisKahan.ExactSinTheta.PaperRealTheorem62Data.gap,TauCeti.DavisKahan.ExactSinTheta.PaperRealTheorem62Data
TauCeti.DavisKahan.ExactSinTheta.PaperRealTheorem62Data.lowerFrame,TauCeti.DavisKahan.ExactSinTheta.LowerFrameBound
TauCeti.DavisKahan.ExactSinTheta.PaperRealTheorem62Data.lowerFrame,TauCeti.DavisKahan.ExactSinTheta.PaperRealTheorem62Data
TauCeti.DavisKahan.ExactSinTheta.PaperRealTheorem62Data.lowerFrame,TauCeti.DavisKahan.ExactSinTheta.PaperRealTheorem62Data.data
TauCeti.DavisKahan.ExactSinTheta.PaperRealTheorem62Data.lowerFrame,TauCeti.DavisKahan.ExactSinTheta.PaperRealTheorem62Data.frameLowerBound
TauCeti.DavisKahan.ExactSinTheta.PaperRealTheorem62Data.lowerFrame,TauCeti.DavisKahan.ExactSinTheta.UnboundedSinThetaData.X
TauCeti.DavisKahan.ExactSinTheta.PaperSinThetaRepresentative.operator,TauCeti.DavisKahan.ExactSinTheta.PaperSinThetaRepresentative
TauCeti.DavisKahan.ExactSinTheta.PaperSinThetaRepresentativeAcross.operator,TauCeti.DavisKahan.ExactSinTheta.PaperSinThetaRepresentativeAcross
TauCeti.DavisKahan.ExactSinTheta.PaperSymmetricSinThetaProblem.A,TauCeti.DavisKahan.ExactSinTheta.PaperSymmetricSinThetaProblem
TauCeti.DavisKahan.ExactSinTheta.PaperSymmetricSinThetaProblem.B,TauCeti.DavisKahan.ExactSinTheta.PaperSymmetricSinThetaProblem
TauCeti.DavisKahan.ExactSinTheta.PaperSymmetricSinThetaProblem.U,TauCeti.DavisKahan.ExactSinTheta.PaperSymmetricSinThetaProblem
TauCeti.DavisKahan.ExactSinTheta.PaperSymmetricSinThetaProblem.V,TauCeti.DavisKahan.ExactSinTheta.PaperSymmetricSinThetaProblem
TauCeti.DavisKahan.ExactSinTheta.PaperSymmetricSinThetaProblem.gap,TauCeti.DavisKahan.ExactSinTheta.PaperSymmetricSinThetaProblem
TauCeti.DavisKahan.ExactSinTheta.PaperSymmetricSinThetaProblem.perturbation,TauCeti.DavisKahan.ExactSinTheta.PaperSymmetricSinThetaProblem
TauCeti.DavisKahan.ExactSinTheta.PaperSymmetricSinThetaProblem.perturbation,TauCeti.DavisKahan.ExactSinTheta.PaperSymmetricSinThetaProblem.A
TauCeti.DavisKahan.ExactSinTheta.PaperSymmetricSinThetaProblem.perturbation,TauCeti.DavisKahan.ExactSinTheta.PaperSymmetricSinThetaProblem.B
TauCeti.DavisKahan.ExactSinTheta.PaperSymmetricSinThetaProblem.proj_U,TauCeti.DavisKahan.ExactSinTheta.PaperSymmetricSinThetaProblem
TauCeti.DavisKahan.ExactSinTheta.PaperSymmetricSinThetaProblem.proj_U,TauCeti.DavisKahan.ExactSinTheta.PaperSymmetricSinThetaProblem.U
TauCeti.DavisKahan.ExactSinTheta.PaperSymmetricSinThetaProblem.proj_V,TauCeti.DavisKahan.ExactSinTheta.PaperSymmetricSinThetaProblem
TauCeti.DavisKahan.ExactSinTheta.PaperSymmetricSinThetaProblem.proj_V,TauCeti.DavisKahan.ExactSinTheta.PaperSymmetricSinThetaProblem.V
TauCeti.DavisKahan.ExactSinTheta.PaperTheorem61Data.canonicalSinTheta,TauCeti.DavisKahan.ExactSinTheta.PaperTheorem61Data
TauCeti.DavisKahan.ExactSinTheta.PaperTheorem61Data.canonicalSinTheta,TauCeti.DavisKahan.ExactSinTheta.PaperTheorem61Data.data
TauCeti.DavisKahan.ExactSinTheta.PaperTheorem61Data.canonicalSinTheta,TauCeti.DavisKahan.ExactSinTheta.PaperTheorem61Data.exactMap
TauCeti.DavisKahan.ExactSinTheta.PaperTheorem61Data.canonicalSinTheta,TauCeti.DavisKahan.ExactSinTheta.PaperTheorem61Data.frameLowerBound
TauCeti.DavisKahan.ExactSinTheta.PaperTheorem61Data.canonicalSinTheta,TauCeti.DavisKahan.ExactSinTheta.PaperTheorem61Data.frameLowerBound_pos
TauCeti.DavisKahan.ExactSinTheta.PaperTheorem61Data.canonicalSinTheta,TauCeti.DavisKahan.ExactSinTheta.PaperTheorem61Data.lowerFrame
TauCeti.DavisKahan.ExactSinTheta.PaperTheorem61Data.canonicalSinTheta,TauCeti.DavisKahan.ExactSinTheta.UnboundedSinThetaData.X
TauCeti.DavisKahan.ExactSinTheta.PaperTheorem61Data.canonicalSinTheta,TauCeti.DavisKahan.ExactSinTheta.directedSinThetaOperator
TauCeti.DavisKahan.ExactSinTheta.PaperTheorem61Data.data,TauCeti.DavisKahan.ExactSinTheta.PaperTheorem61Data
TauCeti.DavisKahan.ExactSinTheta.PaperTheorem61Data.data,TauCeti.DavisKahan.ExactSinTheta.UnboundedSinThetaData
TauCeti.DavisKahan.ExactSinTheta.PaperTheorem61Data.exactMap,TauCeti.DavisKahan.ExactSinTheta.PaperTheorem61Data
TauCeti.DavisKahan.ExactSinTheta.PaperTheorem61Data.frameLowerBound,TauCeti.DavisKahan.ExactSinTheta.PaperTheorem61Data
TauCeti.DavisKahan.ExactSinTheta.PaperTheorem61Data.frameLowerBound_pos,TauCeti.DavisKahan.ExactSinTheta.PaperTheorem61Data
TauCeti.DavisKahan.ExactSinTheta.PaperTheorem61Data.frameLowerBound_pos,TauCeti.DavisKahan.ExactSinTheta.PaperTheorem61Data.frameLowerBound
TauCeti.DavisKahan.ExactSinTheta.PaperTheorem61Data.gap,TauCeti.DavisKahan.ExactSinTheta.PaperTheorem61Data
TauCeti.DavisKahan.ExactSinTheta.PaperTheorem61Data.lowerFrame,TauCeti.DavisKahan.ExactSinTheta.LowerFrameBound
TauCeti.DavisKahan.ExactSinTheta.PaperTheorem61Data.lowerFrame,TauCeti.DavisKahan.ExactSinTheta.PaperTheorem61Data
TauCeti.DavisKahan.ExactSinTheta.PaperTheorem61Data.lowerFrame,TauCeti.DavisKahan.ExactSinTheta.PaperTheorem61Data.data
TauCeti.DavisKahan.ExactSinTheta.PaperTheorem61Data.lowerFrame,TauCeti.DavisKahan.ExactSinTheta.PaperTheorem61Data.frameLowerBound
TauCeti.DavisKahan.ExactSinTheta.PaperTheorem61Data.lowerFrame,TauCeti.DavisKahan.ExactSinTheta.UnboundedSinThetaData.X
TauCeti.DavisKahan.ExactSinTheta.PaperTheorem62Data.canonicalSinTheta,TauCeti.DavisKahan.ExactSinTheta.PaperTheorem62Data
TauCeti.DavisKahan.ExactSinTheta.PaperTheorem62Data.canonicalSinTheta,TauCeti.DavisKahan.ExactSinTheta.PaperTheorem62Data.data
TauCeti.DavisKahan.ExactSinTheta.PaperTheorem62Data.canonicalSinTheta,TauCeti.DavisKahan.ExactSinTheta.PaperTheorem62Data.frameLowerBound
TauCeti.DavisKahan.ExactSinTheta.PaperTheorem62Data.canonicalSinTheta,TauCeti.DavisKahan.ExactSinTheta.PaperTheorem62Data.frameLowerBound_pos
TauCeti.DavisKahan.ExactSinTheta.PaperTheorem62Data.canonicalSinTheta,TauCeti.DavisKahan.ExactSinTheta.PaperTheorem62Data.lowerFrame
TauCeti.DavisKahan.ExactSinTheta.PaperTheorem62Data.canonicalSinTheta,TauCeti.DavisKahan.ExactSinTheta.UnboundedSinThetaData.F₁
TauCeti.DavisKahan.ExactSinTheta.PaperTheorem62Data.canonicalSinTheta,TauCeti.DavisKahan.ExactSinTheta.UnboundedSinThetaData.X
TauCeti.DavisKahan.ExactSinTheta.PaperTheorem62Data.canonicalSinTheta,TauCeti.DavisKahan.ExactSinTheta.lowerFramePolarData
TauCeti.DavisKahan.ExactSinTheta.PaperTheorem62Data.canonicalSinTheta,TauCeti.DavisKahan.ExactSinTheta.sinThetaBlockOfPolarData
TauCeti.DavisKahan.ExactSinTheta.PaperTheorem62Data.data,TauCeti.DavisKahan.ExactSinTheta.PaperTheorem62Data
TauCeti.DavisKahan.ExactSinTheta.PaperTheorem62Data.data,TauCeti.DavisKahan.ExactSinTheta.UnboundedSinThetaData
TauCeti.DavisKahan.ExactSinTheta.PaperTheorem62Data.frameLowerBound,TauCeti.DavisKahan.ExactSinTheta.PaperTheorem62Data
TauCeti.DavisKahan.ExactSinTheta.PaperTheorem62Data.frameLowerBound_pos,TauCeti.DavisKahan.ExactSinTheta.PaperTheorem62Data
TauCeti.DavisKahan.ExactSinTheta.PaperTheorem62Data.frameLowerBound_pos,TauCeti.DavisKahan.ExactSinTheta.PaperTheorem62Data.frameLowerBound
TauCeti.DavisKahan.ExactSinTheta.PaperTheorem62Data.gap,TauCeti.DavisKahan.ExactSinTheta.PaperTheorem62Data
TauCeti.DavisKahan.ExactSinTheta.PaperTheorem62Data.lowerFrame,TauCeti.DavisKahan.ExactSinTheta.LowerFrameBound
TauCeti.DavisKahan.ExactSinTheta.PaperTheorem62Data.lowerFrame,TauCeti.DavisKahan.ExactSinTheta.PaperTheorem62Data
TauCeti.DavisKahan.ExactSinTheta.PaperTheorem62Data.lowerFrame,TauCeti.DavisKahan.ExactSinTheta.PaperTheorem62Data.data
TauCeti.DavisKahan.ExactSinTheta.PaperTheorem62Data.lowerFrame,TauCeti.DavisKahan.ExactSinTheta.PaperTheorem62Data.frameLowerBound
TauCeti.DavisKahan.ExactSinTheta.PaperTheorem62Data.lowerFrame,TauCeti.DavisKahan.ExactSinTheta.UnboundedSinThetaData.X
TauCeti.DavisKahan.ExactSinTheta.PaperUnitaryInvariantNorm.Mem,TauCeti.DavisKahan.ExactSinTheta.PaperUnitaryInvariantNorm
TauCeti.DavisKahan.ExactSinTheta.PaperUnitaryInvariantNorm.Mem,TauCeti.DavisKahan.ExactSinTheta.PaperUnitaryInvariantNorm.extendedGauge
TauCeti.DavisKahan.ExactSinTheta.PaperUnitaryInvariantNorm.approximationPrefix,TauCeti.ApproximationNumber.approximationSingularValue
TauCeti.DavisKahan.ExactSinTheta.PaperUnitaryInvariantNorm.extendedGauge,TauCeti.DavisKahan.ExactSinTheta.PaperUnitaryInvariantNorm
TauCeti.DavisKahan.ExactSinTheta.PaperUnitaryInvariantNorm.extendedGauge,TauCeti.DavisKahan.ExactSinTheta.PaperUnitaryInvariantNorm.prefixGauge
TauCeti.DavisKahan.ExactSinTheta.PaperUnitaryInvariantNorm.finiteGauge,TauCeti.DavisKahan.ExactSinTheta.PaperUnitaryInvariantNorm
TauCeti.DavisKahan.ExactSinTheta.PaperUnitaryInvariantNorm.finiteGauge,TauCeti.DavisKahan.ExactSinTheta.PaperUnitaryInvariantNorm.finiteNorm
TauCeti.DavisKahan.ExactSinTheta.PaperUnitaryInvariantNorm.finiteGauge,TauCeti.UnitarilyInvariantSeminorm.gauge
TauCeti.DavisKahan.ExactSinTheta.PaperUnitaryInvariantNorm.finiteNorm,TauCeti.DavisKahan.ExactSinTheta.PaperUnitaryInvariantNorm
TauCeti.DavisKahan.ExactSinTheta.PaperUnitaryInvariantNorm.finiteNorm,TauCeti.UnitarilyInvariantSeminorm
TauCeti.DavisKahan.ExactSinTheta.PaperUnitaryInvariantNorm.gauge,TauCeti.DavisKahan.ExactSinTheta.PaperUnitaryInvariantNorm
TauCeti.DavisKahan.ExactSinTheta.PaperUnitaryInvariantNorm.gauge,TauCeti.DavisKahan.ExactSinTheta.PaperUnitaryInvariantNorm.extendedGauge
TauCeti.DavisKahan.ExactSinTheta.PaperUnitaryInvariantNorm.prefixGauge,TauCeti.DavisKahan.ExactSinTheta.PaperUnitaryInvariantNorm
TauCeti.DavisKahan.ExactSinTheta.PaperUnitaryInvariantNorm.prefixGauge,TauCeti.DavisKahan.ExactSinTheta.PaperUnitaryInvariantNorm.approximationPrefix
TauCeti.DavisKahan.ExactSinTheta.PaperUnitaryInvariantNorm.prefixGauge,TauCeti.DavisKahan.ExactSinTheta.PaperUnitaryInvariantNorm.finiteGauge
TauCeti.DavisKahan.ExactSinTheta.RealSpectrumIntervalExteriorGap,TauCeti.DavisKahan.ExactSinTheta.linearPMap_RealSpectrumIntervalExteriorGap
TauCeti.DavisKahan.ExactSinTheta.RealSpectrumIntervalExteriorGap,TauCeti.DavisKahanExt.ClosedOperator
TauCeti.DavisKahan.ExactSinTheta.RealSpectrumIntervalExteriorGap,TauCeti.DavisKahanExt.ClosedOperator.toLinearPMap
TauCeti.DavisKahan.ExactSinTheta.SameApproximationSingularSequence,ContinuousLinearMap.HasSameApproximationNumbers
TauCeti.DavisKahan.ExactSinTheta.SameApproximationSingularValues,TauCeti.DavisKahan.ExactSinTheta.SameApproximationSingularSequence
TauCeti.DavisKahan.ExactSinTheta.SemiboundedAbove,TauCeti.DavisKahan.ExactSinTheta.ClosedOperatorE
TauCeti.DavisKahan.ExactSinTheta.SemiboundedAbove,TauCeti.DavisKahanExt.ClosedOperator.toLinearPMap
TauCeti.DavisKahan.ExactSinTheta.SemiboundedAbove,TauCeti.LinearPMap.SemiboundedAbove
TauCeti.DavisKahan.ExactSinTheta.SemiboundedBelow,TauCeti.DavisKahan.ExactSinTheta.ClosedOperatorE
TauCeti.DavisKahan.ExactSinTheta.SemiboundedBelow,TauCeti.DavisKahanExt.ClosedOperator.toLinearPMap
TauCeti.DavisKahan.ExactSinTheta.SemiboundedBelow,TauCeti.LinearPMap.SemiboundedBelow
TauCeti.DavisKahan.ExactSinTheta.UnboundedSinThetaData.A,TauCeti.DavisKahan.ExactSinTheta.ClosedOperatorAmbient
TauCeti.DavisKahan.ExactSinTheta.UnboundedSinThetaData.A,TauCeti.DavisKahan.ExactSinTheta.UnboundedSinThetaData
TauCeti.DavisKahan.ExactSinTheta.UnboundedSinThetaData.A₀,TauCeti.DavisKahan.ExactSinTheta.ClosedOperatorTrial
TauCeti.DavisKahan.ExactSinTheta.UnboundedSinThetaData.A₀,TauCeti.DavisKahan.ExactSinTheta.UnboundedSinThetaData
TauCeti.DavisKahan.ExactSinTheta.UnboundedSinThetaData.F₁,TauCeti.DavisKahan.ExactSinTheta.UnboundedSinThetaData
TauCeti.DavisKahan.ExactSinTheta.UnboundedSinThetaData.X,TauCeti.DavisKahan.ExactSinTheta.UnboundedSinThetaData
TauCeti.DavisKahan.ExactSinTheta.UnboundedSinThetaData.mk,TauCeti.DavisKahan.ExactSinTheta.ClosedOperatorAmbient
TauCeti.DavisKahan.ExactSinTheta.UnboundedSinThetaData.mk,TauCeti.DavisKahan.ExactSinTheta.ClosedOperatorComplement
TauCeti.DavisKahan.ExactSinTheta.UnboundedSinThetaData.mk,TauCeti.DavisKahan.ExactSinTheta.ClosedOperatorTrial
TauCeti.DavisKahan.ExactSinTheta.UnboundedSinThetaData.mk,TauCeti.DavisKahan.ExactSinTheta.UnboundedSinThetaData
TauCeti.DavisKahan.ExactSinTheta.UnboundedSinThetaData.mk,TauCeti.DavisKahanExt.ClosedOperator.domain
TauCeti.DavisKahan.ExactSinTheta.UnboundedSinThetaData.mk,TauCeti.DavisKahanExt.ClosedOperator.toLinearMap
TauCeti.DavisKahan.ExactSinTheta.UnboundedSinThetaData.residual,TauCeti.DavisKahan.ExactSinTheta.UnboundedSinThetaData
TauCeti.DavisKahan.ExactSinTheta.UnboundedSinThetaData.Λ₁,TauCeti.DavisKahan.ExactSinTheta.ClosedOperatorComplement
TauCeti.DavisKahan.ExactSinTheta.UnboundedSinThetaData.Λ₁,TauCeti.DavisKahan.ExactSinTheta.UnboundedSinThetaData
TauCeti.DavisKahan.ExactSinTheta.boundedPullbackDomain,TauCeti.DavisKahanExt.ClosedOperator
TauCeti.DavisKahan.ExactSinTheta.boundedPullbackDomain,TauCeti.DavisKahanExt.ClosedOperator.domain
TauCeti.DavisKahan.ExactSinTheta.davisKahan1970_sylvester_real,TauCeti.DavisKahan.ExactSinTheta.FormBoundedSylvesterGap
TauCeti.DavisKahan.ExactSinTheta.davisKahan1970_sylvester_real,TauCeti.DavisKahan.ExactSinTheta.HasClosedSylvesterEquation
TauCeti.DavisKahan.ExactSinTheta.davisKahan1970_sylvester_real,TauCeti.DavisKahan.ExactSinTheta.KyFanDominantIdealFamily
TauCeti.DavisKahan.ExactSinTheta.davisKahan1970_sylvester_real,TauCeti.DavisKahan.ExactSinTheta.KyFanDominantIdealFamily.Mem
TauCeti.DavisKahan.ExactSinTheta.davisKahan1970_sylvester_real,TauCeti.DavisKahan.ExactSinTheta.KyFanDominantIdealFamily.gauge
TauCeti.DavisKahan.ExactSinTheta.davisKahan1970_sylvester_real,TauCeti.DavisKahanExt.ClosedOperator
TauCeti.DavisKahan.ExactSinTheta.davisKahan1970_sylvester_real,TauCeti.DavisKahanExt.ClosedOperator.IsSelfAdjoint
TauCeti.DavisKahan.ExactSinTheta.directedSinThetaOperator,TauCeti.DavisKahan.ExactSinTheta.LowerFrameBound
TauCeti.DavisKahan.ExactSinTheta.directedSinThetaOperator,TauCeti.DavisKahan.ExactSinTheta.frameIsometry
TauCeti.DavisKahan.ExactSinTheta.directedSinThetaOperatorOfPolarData,TauCeti.DavisKahan.ExactSinTheta.LowerFrameBound
TauCeti.DavisKahan.ExactSinTheta.directedSinThetaOperatorOfPolarData,TauCeti.DavisKahan.ExactSinTheta.LowerFramePolarData
TauCeti.DavisKahan.ExactSinTheta.directedSinThetaOperatorOfPolarData,TauCeti.DavisKahan.ExactSinTheta.frameIsometryOfPolarData
TauCeti.DavisKahan.ExactSinTheta.directedSinThetaOperatorReal,TauCeti.DavisKahan.ExactSinTheta.LowerFrameBound
TauCeti.DavisKahan.ExactSinTheta.directedSinThetaOperatorReal,TauCeti.DavisKahan.ExactSinTheta.directedSinThetaOperatorOfPolarData
TauCeti.DavisKahan.ExactSinTheta.directedSinThetaOperatorReal,TauCeti.DavisKahan.ExactSinTheta.lowerFramePolarDataReal
TauCeti.DavisKahan.ExactSinTheta.frameIsometry,TauCeti.DavisKahan.ExactSinTheta.LowerFrameBound
TauCeti.DavisKahan.ExactSinTheta.frameIsometry,TauCeti.DavisKahan.ExactSinTheta.gramInvSqrt
TauCeti.DavisKahan.ExactSinTheta.frameIsometryOfPolarData,TauCeti.DavisKahan.ExactSinTheta.LowerFrameBound
TauCeti.DavisKahan.ExactSinTheta.frameIsometryOfPolarData,TauCeti.DavisKahan.ExactSinTheta.LowerFramePolarData
TauCeti.DavisKahan.ExactSinTheta.frameIsometryOfPolarData,TauCeti.DavisKahan.ExactSinTheta.LowerFramePolarData.invSqrt
TauCeti.DavisKahan.ExactSinTheta.gramInvSqrt,TauCeti.DavisKahan.ExactSinTheta.LowerFrameBound
TauCeti.DavisKahan.ExactSinTheta.gramInvSqrt,TauCeti.DavisKahan.ExactSinTheta.LowerFramePolarData.invSqrt
TauCeti.DavisKahan.ExactSinTheta.gramInvSqrt,TauCeti.DavisKahan.ExactSinTheta.lowerFramePolarData
TauCeti.DavisKahan.ExactSinTheta.linearPMap_RealSpectrumIntervalExteriorGap,TauCeti.LinearPMap.realSpectrum
TauCeti.DavisKahan.ExactSinTheta.lowerFramePolarData,TauCeti.DavisKahan.ExactSinTheta.LowerFrameBound
TauCeti.DavisKahan.ExactSinTheta.lowerFramePolarData,TauCeti.DavisKahan.ExactSinTheta.LowerFramePolarData
TauCeti.DavisKahan.ExactSinTheta.lowerFramePolarData,TauCeti.DavisKahan.ExactSinTheta.lowerFramePolarData_nonempty
TauCeti.DavisKahan.ExactSinTheta.lowerFramePolarDataReal,TauCeti.DavisKahan.ExactSinTheta.LowerFrameBound
TauCeti.DavisKahan.ExactSinTheta.lowerFramePolarDataReal,TauCeti.DavisKahan.ExactSinTheta.LowerFramePolarData
TauCeti.DavisKahan.ExactSinTheta.lowerFramePolarDataReal,TauCeti.DavisKahan.ExactSinTheta.lowerFramePolarData_real_nonempty
TauCeti.DavisKahan.ExactSinTheta.lowerFramePolarData_nonempty,TauCeti.DavisKahan.ExactSinTheta.LowerFrameBound
TauCeti.DavisKahan.ExactSinTheta.lowerFramePolarData_nonempty,TauCeti.DavisKahan.ExactSinTheta.LowerFramePolarData
TauCeti.DavisKahan.ExactSinTheta.lowerFramePolarData_real_nonempty,TauCeti.DavisKahan.ExactSinTheta.LowerFrameBound
TauCeti.DavisKahan.ExactSinTheta.lowerFramePolarData_real_nonempty,TauCeti.DavisKahan.ExactSinTheta.LowerFramePolarData
TauCeti.DavisKahan.ExactSinTheta.paperBlockCompression,TauCeti.DavisKahan.ExactSinTheta.instCompleteSpaceCoeOfHasOrthogonalProjectionLemma61
TauCeti.DavisKahan.ExactSinTheta.paperHilbertSchmidtEnergy,TauCeti.ApproximationNumber.approximationSingularValue
TauCeti.DavisKahan.ExactSinTheta.paperHilbertSchmidtNorm,TauCeti.DavisKahan.ExactSinTheta.paperHilbertSchmidtEnergy
TauCeti.DavisKahan.ExactSinTheta.sinThetaBlockOfPolarData,TauCeti.DavisKahan.ExactSinTheta.LowerFrameBound
TauCeti.DavisKahan.ExactSinTheta.sinThetaBlockOfPolarData,TauCeti.DavisKahan.ExactSinTheta.LowerFramePolarData
TauCeti.DavisKahan.ExactSinTheta.sinThetaBlockOfPolarData,TauCeti.DavisKahan.ExactSinTheta.frameIsometryOfPolarData
TauCeti.DavisKahan.ExactSinTheta.unboundedSinThetaDataOfPaperCommonCore,TauCeti.DavisKahan.ExactSinTheta.PaperCommonCoreResidualData
TauCeti.DavisKahan.ExactSinTheta.unboundedSinThetaDataOfPaperCommonCore,TauCeti.DavisKahan.ExactSinTheta.PaperCommonCoreResidualData.maps_domain
TauCeti.DavisKahan.ExactSinTheta.unboundedSinThetaDataOfPaperCommonCore,TauCeti.DavisKahan.ExactSinTheta.PaperCommonCoreResidualData.residual_eq
TauCeti.DavisKahan.ExactSinTheta.unboundedSinThetaDataOfPaperCommonCore,TauCeti.DavisKahan.ExactSinTheta.UnboundedSinThetaData
TauCeti.DavisKahan.ExactSinTheta.unboundedSinThetaDataOfPaperCommonCore,TauCeti.DavisKahan.ExactSinTheta.UnboundedSinThetaData.mk
TauCeti.DavisKahan.ExactSinTheta.unboundedSinThetaDataOfPaperCommonCore,TauCeti.DavisKahanExt.ClosedOperator
TauCeti.DavisKahan.ExactSinTheta.unboundedSinThetaDataOfPaperCommonCore,TauCeti.DavisKahanExt.ClosedOperator.domain
TauCeti.DavisKahan.ExactSinTheta.unboundedSinThetaDataOfPaperCommonCore,TauCeti.DavisKahanExt.ClosedOperator.toLinearMap
TauCeti.DavisKahan.ExactSinTheta.unboundedSinThetaDataOfPaperCommonDomain,TauCeti.DavisKahan.ExactSinTheta.HasPaperCommonDomain
TauCeti.DavisKahan.ExactSinTheta.unboundedSinThetaDataOfPaperCommonDomain,TauCeti.DavisKahan.ExactSinTheta.HasPaperCommonDomain.maps_domain
TauCeti.DavisKahan.ExactSinTheta.unboundedSinThetaDataOfPaperCommonDomain,TauCeti.DavisKahan.ExactSinTheta.UnboundedSinThetaData
TauCeti.DavisKahan.ExactSinTheta.unboundedSinThetaDataOfPaperCommonDomain,TauCeti.DavisKahan.ExactSinTheta.UnboundedSinThetaData.mk
TauCeti.DavisKahan.ExactSinTheta.unboundedSinThetaDataOfPaperCommonDomain,TauCeti.DavisKahanExt.ClosedOperator
TauCeti.DavisKahan.ExactSinTheta.unboundedSinThetaDataOfPaperCommonDomain,TauCeti.DavisKahanExt.ClosedOperator.domain
TauCeti.DavisKahan.ExactSinTheta.unboundedSinThetaDataOfPaperCommonDomain,TauCeti.DavisKahanExt.ClosedOperator.toLinearMap
TauCeti.DavisKahan.ExactTanTheta.HasTheorem63DirectedTangentApproximationNumbersInfinite,TauCeti.ApproximationNumber.approximationSingularValue
TauCeti.DavisKahan.ExactTanTheta.HasTheorem63DirectedTangentApproximationNumbersInfinite,TauCeti.DavisKahan.ExactTanTheta.theorem63DirectedSineBlock
TauCeti.DavisKahan.ExactTanTheta.UnboundedCompressionTrialData.action,TauCeti.DavisKahan.ExactTanTheta.UnboundedCompressionTrialData
TauCeti.DavisKahan.ExactTanTheta.UnboundedCompressionTrialData.action,TauCeti.DavisKahan.ExactTanTheta.UnboundedCompressionTrialData.compression
TauCeti.DavisKahan.ExactTanTheta.UnboundedCompressionTrialData.action,TauCeti.DavisKahan.ExactTanTheta.UnboundedCompressionTrialData.residual
TauCeti.DavisKahan.ExactTanTheta.UnboundedCompressionTrialData.action,TauCeti.DavisKahanExt.ClosedOperator.domain
TauCeti.DavisKahan.ExactTanTheta.UnboundedCompressionTrialData.action,TauCeti.DavisKahanExt.ClosedOperator.toLinearMap
TauCeti.DavisKahan.ExactTanTheta.UnboundedCompressionTrialData.compression,TauCeti.DavisKahan.ExactTanTheta.UnboundedCompressionTrialData
TauCeti.DavisKahan.ExactTanTheta.UnboundedCompressionTrialData.compression,TauCeti.DavisKahanExt.ClosedOperator
TauCeti.DavisKahan.ExactTanTheta.UnboundedCompressionTrialData.residual,TauCeti.DavisKahan.ExactTanTheta.UnboundedCompressionTrialData
TauCeti.DavisKahan.ExactTanTheta.theorem63Residual,TauCeti.DavisKahan.ExactTanTheta.theorem63Compression
TauCeti.DavisKahan.ExactTanTheta.theorem6_3_unbounded_infiniteTrial_ideal_exists,TauCeti.DavisKahan.DKClosedOperator
TauCeti.DavisKahan.ExactTanTheta.theorem6_3_unbounded_infiniteTrial_ideal_exists,TauCeti.DavisKahan.ExactSinTheta.KyFanDominantIdealFamily
TauCeti.DavisKahan.ExactTanTheta.theorem6_3_unbounded_infiniteTrial_ideal_exists,TauCeti.DavisKahan.ExactSinTheta.KyFanDominantIdealFamily.Mem
TauCeti.DavisKahan.ExactTanTheta.theorem6_3_unbounded_infiniteTrial_ideal_exists,TauCeti.DavisKahan.ExactSinTheta.KyFanDominantIdealFamily.gauge
TauCeti.DavisKahan.ExactTanTheta.theorem6_3_unbounded_infiniteTrial_ideal_exists,TauCeti.DavisKahan.ExactTanTheta.HasTheorem63DirectedTangentApproximationNumbersInfinite
TauCeti.DavisKahan.ExactTanTheta.theorem6_3_unbounded_infiniteTrial_ideal_exists,TauCeti.DavisKahan.TanTheta.UnboundedTrialBlock
TauCeti.DavisKahan.ExactTanTheta.theorem6_3_unbounded_infiniteTrial_ideal_exists,TauCeti.DavisKahan.TanTheta.UnboundedTrialBlock.operator
TauCeti.DavisKahan.ExactTanTheta.theorem6_3_unbounded_infiniteTrial_ideal_exists,TauCeti.DavisKahan.TanTheta.UnboundedTrialBlock.residual
TauCeti.DavisKahan.ExactTanTheta.theorem6_3_unbounded_infiniteTrial_ideal_exists,TauCeti.DavisKahan.selfAdjointSpectralSubspace
TauCeti.DavisKahan.ExactTanTheta.theorem6_3_unbounded_infiniteTrial_ideal_exists,TauCeti.DavisKahan.selfAdjointSpectralSubspace_hasOrthogonalProjection
TauCeti.DavisKahan.ExactTanTheta.theorem6_3_unbounded_infiniteTrial_ideal_exists,TauCeti.DavisKahanExt.ClosedOperator.IsSelfAdjoint
TauCeti.DavisKahan.ExactTanTheta.theorem6_3_unbounded_infiniteTrial_ideal_exists,TauCeti.DavisKahanExt.ClosedOperator.toLinearPMap
TauCeti.DavisKahan.ExactTanTheta.theorem6_3_unbounded_infiniteTrial_ideal_exists,TauCeti.LinearPMap.specProjection
TauCeti.DavisKahan.Foundation.RealComplexification.complexifySubmodule,TauCeti.RealComplexification
TauCeti.DavisKahan.Foundation.RealComplexification.complexifySubmodule,TauCeti.RealComplexification.im
TauCeti.DavisKahan.Foundation.RealComplexification.complexifySubmodule,TauCeti.RealComplexification.instAddCommGroup
TauCeti.DavisKahan.Foundation.RealComplexification.complexifySubmodule,TauCeti.RealComplexification.instModuleComplex
TauCeti.DavisKahan.Foundation.RealComplexification.complexifySubmodule,TauCeti.RealComplexification.re
TauCeti.DavisKahan.Foundation.RealComplexification.instHasOrthogonalProjectionComplexifySubmodule,TauCeti.DavisKahan.Foundation.RealComplexification.complexifySubmodule
TauCeti.DavisKahan.Foundation.RealComplexification.instHasOrthogonalProjectionComplexifySubmodule,TauCeti.RealComplexification
TauCeti.DavisKahan.Foundation.RealComplexification.instHasOrthogonalProjectionComplexifySubmodule,TauCeti.RealComplexification.instInnerProductSpaceComplex
TauCeti.DavisKahan.Foundation.RealComplexification.instHasOrthogonalProjectionComplexifySubmodule,TauCeti.RealComplexification.instNormedAddCommGroup
TauCeti.DavisKahan.Foundation.RealComplexification.realBoundedSpectralProjectionIicOfGap,TauCeti.DavisKahan.Foundation.realSpectrum
TauCeti.DavisKahan.Foundation.RealComplexification.realBoundedSpectralProjectionIicOfGap,TauCeti.DavisKahanExt.boundedSelfAdjointSpectralProjection
TauCeti.DavisKahan.Foundation.RealComplexification.realBoundedSpectralProjectionIicOfGap,TauCeti.RealComplexification
TauCeti.DavisKahan.Foundation.RealComplexification.realBoundedSpectralProjectionIicOfGap,TauCeti.RealComplexification.complexify
TauCeti.DavisKahan.Foundation.RealComplexification.realBoundedSpectralProjectionIicOfGap,TauCeti.RealComplexification.instCompleteSpace
TauCeti.DavisKahan.Foundation.RealComplexification.realBoundedSpectralProjectionIicOfGap,TauCeti.RealComplexification.instInnerProductSpaceComplex
TauCeti.DavisKahan.Foundation.RealComplexification.realBoundedSpectralProjectionIicOfGap,TauCeti.RealComplexification.instNormedAddCommGroup
TauCeti.DavisKahan.Foundation.RealComplexification.realBoundedSpectralProjectionIicOfGap,TauCeti.RealComplexification.realPartOperator
TauCeti.DavisKahan.Foundation.RealComplexification.realBoundedSpectralSubspaceIicOfGap,TauCeti.DavisKahan.Foundation.RealComplexification.realBoundedSpectralProjectionIicOfGap
TauCeti.DavisKahan.Foundation.RealComplexification.realBoundedSpectralSubspaceIicOfGap,TauCeti.DavisKahan.Foundation.realSpectrum
TauCeti.DavisKahan.Foundation.SpectrumIn,TauCeti.DavisKahan.Foundation.InvariantFor
TauCeti.DavisKahan.Foundation.SpectrumIn,TauCeti.DavisKahan.Foundation.restrictedSpectrum
TauCeti.DavisKahan.Foundation.restrictedSpectrum,TauCeti.DavisKahan.Foundation.InvariantFor
TauCeti.DavisKahan.Frontier.CrossedDefectsEquivalent,TauCeti.DavisKahan.halmosSourceDefect
TauCeti.DavisKahan.Frontier.CrossedDefectsEquivalent,TauCeti.DavisKahan.halmosTargetDefect
TauCeti.DavisKahan.Frontier.RemainingSourceSurface.CompatibleCrossOperatorNorm.toFun,TauCeti.DavisKahan.Frontier.RemainingSourceSurface.CompatibleCrossOperatorNorm
TauCeti.DavisKahan.Frontier.SameSpectralMultiplicity,TauCeti.MeasureEquiv
TauCeti.DavisKahan.Frontier.SameSpectralMultiplicity,TauCeti.MultiplicityDatum
TauCeti.DavisKahan.Frontier.SameSpectralMultiplicity,TauCeti.MultiplicityDatum.base
TauCeti.DavisKahan.Frontier.SameSpectralMultiplicity,TauCeti.MultiplicityDatum.level
TauCeti.DavisKahan.Frontier.SameSpectralMultiplicity,TauCeti.MultiplicityDatum.measure
TauCeti.DavisKahan.Frontier.SameSpectralMultiplicity,TauCeti.MultiplicityDatum.operator
TauCeti.DavisKahan.Frontier.SameSpectralMultiplicity,TauCeti.OperatorUnitaryEquiv
TauCeti.DavisKahan.Frontier.Section3.IsPrintedFixedCosineReducingSubspace,ContinuousLinearMap.Reduces
TauCeti.DavisKahan.Frontier.Section3.IsPrintedFixedCosineReducingSubspace,TauCeti.DavisKahan.complementaryProjection
TauCeti.DavisKahan.Frontier.Section3.IsPrintedFixedCosineReducingSubspace,TauCeti.DavisKahan.projection
TauCeti.DavisKahan.Frontier.Section3.compactAngleEigenvalueList,ContinuousLinearMap.approximationNumber
TauCeti.DavisKahan.Frontier.Section3.corollary3_1_compact_classification_real,TauCeti.DavisKahan.Frontier.PairOfSubspacesUnitaryEquivalent
TauCeti.DavisKahan.Frontier.Section3.corollary3_1_compact_classification_real,TauCeti.DavisKahan.SameCompactAngleData
TauCeti.DavisKahan.Frontier.Section3.corollary3_1_compact_classification_real,TauCeti.DavisKahan.projection
TauCeti.DavisKahan.Frontier.Section3.corollary3_1_compact_defectBlock_angleList_classification,TauCeti.DavisKahan.Frontier.PairOfSubspacesUnitaryEquivalent
TauCeti.DavisKahan.Frontier.Section3.corollary3_1_compact_defectBlock_angleList_classification,TauCeti.DavisKahan.Frontier.Section3.SameHalmosTrivialDimensions
TauCeti.DavisKahan.Frontier.Section3.corollary3_1_compact_defectBlock_angleList_classification,TauCeti.DavisKahan.Frontier.Section3.compactAngleEigenvalueList
TauCeti.DavisKahan.Frontier.Section3.corollary3_1_compact_defectBlock_angleList_classification,TauCeti.DavisKahan.genericCosineBlock
TauCeti.DavisKahan.Frontier.Section3.corollary3_1_compact_defectBlock_angleList_classification,TauCeti.DavisKahan.genericLeftHalf
TauCeti.DavisKahan.Frontier.Section3.corollary3_1_compact_defectBlock_angleList_classification,TauCeti.DavisKahan.instCompleteSpaceGenericLeftHalf
TauCeti.DavisKahan.Frontier.Section3.corollary3_1_compact_defectBlock_angleList_classification,TauCeti.DavisKahan.projection
TauCeti.DavisKahan.Frontier.Section3.corollary3_1_realization,TauCeti.DavisKahan.AngleSequenceAmbient
TauCeti.DavisKahan.Frontier.Section3.corollary3_1_realization,TauCeti.DavisKahan.AngleSequenceSpace
TauCeti.DavisKahan.Frontier.Section3.corollary3_1_realization,TauCeti.DavisKahan.Frontier.Section3.compactAngleEigenvalueList
TauCeti.DavisKahan.Frontier.Section3.corollary3_1_realization,TauCeti.DavisKahan.HalmosAngleDatum.instCompleteSpaceSubtypeWithLpOfNatENNRealProdMemSubmoduleTargetSubspace
TauCeti.DavisKahan.Frontier.Section3.corollary3_1_realization,TauCeti.DavisKahan.HalmosAngleDatum.targetSubspace
TauCeti.DavisKahan.Frontier.Section3.corollary3_1_realization,TauCeti.DavisKahan.angleSequenceDatum
TauCeti.DavisKahan.Frontier.Section3.corollary3_1_realization,TauCeti.DavisKahan.angleSinOp
TauCeti.DavisKahan.Frontier.Section3.corollary3_1_realization,TauCeti.DavisKahan.halmosCommonPart
TauCeti.DavisKahan.Frontier.Section3.corollary3_1_realization,TauCeti.DavisKahan.halmosExteriorPart
TauCeti.DavisKahan.Frontier.Section3.corollary3_1_realization,TauCeti.DavisKahan.instCompleteSpaceSubtypeWithLpOfNatENNRealProdMemSubmoduleSourceSubspace
TauCeti.DavisKahan.Frontier.Section3.corollary3_1_realization,TauCeti.DavisKahan.modelInl
TauCeti.DavisKahan.Frontier.Section3.corollary3_1_realization,TauCeti.DavisKahan.modelInr
TauCeti.DavisKahan.Frontier.Section3.corollary3_1_realization,TauCeti.DavisKahan.sourceSubspace
TauCeti.DavisKahan.Frontier.Section3.corollary3_2_reversal_source_form,TauCeti.DavisKahan.IsUniformlyAcute
TauCeti.DavisKahan.Frontier.Section3.corollary3_2_reversal_source_form,TauCeti.DavisKahan.IsUniformlyAcute.symm
TauCeti.DavisKahan.Frontier.Section3.corollary3_2_reversal_source_form,TauCeti.DavisKahan.spectraDirectRotation
TauCeti.DavisKahan.Frontier.Section3.fixedCosineSubspace,TauCeti.DavisKahan.halmosCosineSq
TauCeti.DavisKahan.Frontier.Section3.proposition3_2_exists_iff_crossedDefectsEquivalent,TauCeti.DavisKahan.Frontier.CrossedDefectsEquivalent
TauCeti.DavisKahan.Frontier.Section3.proposition3_2_exists_iff_crossedDefectsEquivalent,TauCeti.DavisKahan.Frontier.IsPaperDirectRotation
TauCeti.DavisKahan.Frontier.Section3.proposition3_2_exists_iff_crossedDefectsEquivalent_real,TauCeti.DavisKahan.Frontier.CrossedDefectsEquivalent
TauCeti.DavisKahan.Frontier.Section3.proposition3_2_exists_iff_crossedDefectsEquivalent_real,TauCeti.DavisKahan.Frontier.IsPaperDirectRotation
TauCeti.DavisKahan.Frontier.Section3.proposition3_2_not_unique,TauCeti.DavisKahan.Frontier.CrossedDefectsEquivalent
TauCeti.DavisKahan.Frontier.Section3.proposition3_2_not_unique,TauCeti.DavisKahan.Frontier.IsPaperDirectRotation
TauCeti.DavisKahan.Frontier.Section3.proposition3_2_not_unique,TauCeti.IsAcute
TauCeti.DavisKahan.Frontier.Section3.proposition3_2_not_unique_real,TauCeti.DavisKahan.Frontier.CrossedDefectsEquivalent
TauCeti.DavisKahan.Frontier.Section3.proposition3_2_not_unique_real,TauCeti.DavisKahan.Frontier.IsPaperDirectRotation
TauCeti.DavisKahan.Frontier.Section3.proposition3_2_not_unique_real,TauCeti.IsAcute
TauCeti.DavisKahan.Frontier.Section3.proposition3_4_source_eq_directRotation,TauCeti.DavisKahan.IsUniformlyAcute
TauCeti.DavisKahan.Frontier.Section3.proposition3_4_source_eq_directRotation,TauCeti.DavisKahan.projection
TauCeti.DavisKahan.Frontier.Section3.proposition3_4_source_eq_directRotation,TauCeti.DavisKahan.spectraDirectRotation
TauCeti.DavisKahan.Frontier.Section3.proposition3_4_source_eq_directRotation,TauCeti.DavisKahanExt.reflectedSubspace
TauCeti.DavisKahan.Frontier.Section3.proposition3_4_source_eq_directRotation,TauCeti.DavisKahanExt.reflectedSubspace_hasOrthogonalProjection
TauCeti.DavisKahan.Frontier.Section3.proposition3_4_source_full,TauCeti.DavisKahan.Frontier.IsPaperDirectRotation
TauCeti.DavisKahan.Frontier.Section3.proposition3_4_source_full,TauCeti.DavisKahan.complementaryProjection
TauCeti.DavisKahan.Frontier.Section3.proposition3_4_source_full,TauCeti.DavisKahan.projection
TauCeti.DavisKahan.Frontier.Section3.proposition3_4_source_full,TauCeti.DavisKahanExt.reflectedSubspace
TauCeti.DavisKahan.Frontier.Section3.proposition3_4_source_full,TauCeti.DavisKahanExt.reflectedSubspace_hasOrthogonalProjection
TauCeti.DavisKahan.Frontier.Section3.theorem3_1_realization,TauCeti.DavisKahan.HalmosAngleDatum
TauCeti.DavisKahan.Frontier.Section3.theorem3_1_realization,TauCeti.DavisKahan.HalmosAngleDatum.cos₀
TauCeti.DavisKahan.Frontier.Section3.theorem3_1_realization,TauCeti.DavisKahan.HalmosAngleDatum.cos₁
TauCeti.DavisKahan.Frontier.Section3.theorem3_1_realization,TauCeti.DavisKahan.HalmosAngleDatum.instCompleteSpaceSubtypeWithLpOfNatENNRealProdMemSubmoduleTargetSubspace
TauCeti.DavisKahan.Frontier.Section3.theorem3_1_realization,TauCeti.DavisKahan.HalmosAngleDatum.sin₀
TauCeti.DavisKahan.Frontier.Section3.theorem3_1_realization,TauCeti.DavisKahan.HalmosAngleDatum.sin₁
TauCeti.DavisKahan.Frontier.Section3.theorem3_1_realization,TauCeti.DavisKahan.HalmosAngleDatum.targetSubspace
TauCeti.DavisKahan.Frontier.Section3.theorem3_1_realization,TauCeti.DavisKahan.halmosCommonPart
TauCeti.DavisKahan.Frontier.Section3.theorem3_1_realization,TauCeti.DavisKahan.halmosExteriorPart
TauCeti.DavisKahan.Frontier.Section3.theorem3_1_realization,TauCeti.DavisKahan.halmosSourceDefect
TauCeti.DavisKahan.Frontier.Section3.theorem3_1_realization,TauCeti.DavisKahan.halmosTargetDefect
TauCeti.DavisKahan.Frontier.Section3.theorem3_1_realization,TauCeti.DavisKahan.instCompleteSpaceSubtypeWithLpOfNatENNRealProdMemSubmoduleSourceSubspace
TauCeti.DavisKahan.Frontier.Section3.theorem3_1_realization,TauCeti.DavisKahan.modelInl
TauCeti.DavisKahan.Frontier.Section3.theorem3_1_realization,TauCeti.DavisKahan.modelInr
TauCeti.DavisKahan.Frontier.Section3.theorem3_1_realization,TauCeti.DavisKahan.sourceSubspace
TauCeti.DavisKahan.Frontier.Section3.theorem3_1_spectralMultiplicity_classification,TauCeti.DavisKahan.Frontier.PairOfSubspacesUnitaryEquivalent
TauCeti.DavisKahan.Frontier.Section3.theorem3_1_spectralMultiplicity_classification,TauCeti.DavisKahan.Frontier.SameSpectralMultiplicity
TauCeti.DavisKahan.Frontier.Section3.theorem3_1_spectralMultiplicity_classification,TauCeti.DavisKahan.Frontier.Section3.SameHalmosTrivialDimensions
TauCeti.DavisKahan.Frontier.Section3.theorem3_1_spectralMultiplicity_classification,TauCeti.DavisKahan.genericCosineBlock
TauCeti.DavisKahan.Frontier.Section3.theorem3_1_spectralMultiplicity_classification,TauCeti.DavisKahan.genericLeftHalf
TauCeti.DavisKahan.Frontier.Section3.theorem3_1_spectralMultiplicity_classification_real,TauCeti.DavisKahan.Frontier.PairOfSubspacesUnitaryEquivalent
TauCeti.DavisKahan.Frontier.Section3.theorem3_1_spectralMultiplicity_classification_real,TauCeti.DavisKahan.Frontier.SameSpectralMultiplicity
TauCeti.DavisKahan.Frontier.Section3.theorem3_1_spectralMultiplicity_classification_real,TauCeti.DavisKahan.Frontier.Section3.SameHalmosTrivialDimensions
TauCeti.DavisKahan.Frontier.Section3.theorem3_1_spectralMultiplicity_classification_real,TauCeti.DavisKahan.genericCosineBlock
TauCeti.DavisKahan.Frontier.Section3.theorem3_1_spectralMultiplicity_classification_real,TauCeti.DavisKahan.genericLeftHalf
TauCeti.DavisKahan.Frontier.Section6Appendix.approximationEnergy,TauCeti.ApproximationNumber.approximationSingularValue
TauCeti.DavisKahan.Frontier.Section6Appendix.lemma6_3_approximationNumber_leakage,TauCeti.DavisKahan.Frontier.Section6Appendix.approximationEnergy
TauCeti.DavisKahan.Frontier.Section6Appendix.lemma6_3_approximationNumber_leakage_real,TauCeti.DavisKahan.Frontier.Section6Appendix.approximationEnergy
TauCeti.DavisKahan.Frontier.Section8.theorem8_2_sinTwoTheta_residual_source_real_paperUINorm,ContinuousLinearMap.Reduces
TauCeti.DavisKahan.Frontier.Section8.theorem8_2_sinTwoTheta_residual_source_real_paperUINorm,TauCeti.DavisKahan.ExactSinTheta.PaperUnitaryInvariantNorm
TauCeti.DavisKahan.Frontier.Section8.theorem8_2_sinTwoTheta_residual_source_real_paperUINorm,TauCeti.DavisKahan.ExactSinTheta.PaperUnitaryInvariantNorm.Mem
TauCeti.DavisKahan.Frontier.Section8.theorem8_2_sinTwoTheta_residual_source_real_paperUINorm,TauCeti.DavisKahan.ExactSinTheta.PaperUnitaryInvariantNorm.gauge
TauCeti.DavisKahan.Frontier.Section8.theorem8_2_sinTwoTheta_residual_source_real_paperUINorm,TauCeti.DavisKahan.Foundation.SpectrumIn
TauCeti.DavisKahan.Frontier.Section8.theorem8_2_sinTwoTheta_residual_source_real_paperUINorm,TauCeti.DavisKahan.Frontier.Section8.gapExterior
TauCeti.DavisKahan.Frontier.Section8.theorem8_2_sinTwoTheta_residual_source_real_paperUINorm,TauCeti.DavisKahan.Frontier.Section8.instCompleteSpaceCoeOfHasOrthogonalProjectionSection8SourceReal
TauCeti.DavisKahan.Frontier.Section8.theorem8_2_sinTwoTheta_residual_source_real_paperUINorm,TauCeti.DavisKahan.IsSelfAdjointOperator
TauCeti.DavisKahan.Frontier.Section8.theorem8_2_sinTwoTheta_residual_source_real_paperUINorm,TauCeti.DavisKahan.residual
TauCeti.DavisKahan.Frontier.Section8.theorem8_2_sinTwoTheta_residual_source_real_paperUINorm,TauCeti.DavisKahan.sinTwoThetaIdealBlock
TauCeti.DavisKahan.Frontier.Section8.theorem8_2_sinTwoTheta_residual_source_real_paperUINorm,TauCeti.DavisKahanExt.compressOperator
TauCeti.DavisKahan.HalmosAngleDatum.cos₀,TauCeti.DavisKahan.HalmosAngleDatum
TauCeti.DavisKahan.HalmosAngleDatum.cos₁,TauCeti.DavisKahan.HalmosAngleDatum
TauCeti.DavisKahan.HalmosAngleDatum.instCompleteSpaceSubtypeWithLpOfNatENNRealProdMemSubmoduleTargetSubspace,TauCeti.DavisKahan.HalmosAngleDatum
TauCeti.DavisKahan.HalmosAngleDatum.instCompleteSpaceSubtypeWithLpOfNatENNRealProdMemSubmoduleTargetSubspace,TauCeti.DavisKahan.HalmosAngleDatum.targetSubspace
TauCeti.DavisKahan.HalmosAngleDatum.intertwiner,TauCeti.DavisKahan.HalmosAngleDatum
TauCeti.DavisKahan.HalmosAngleDatum.mk,TauCeti.DavisKahan.HalmosAngleDatum
TauCeti.DavisKahan.HalmosAngleDatum.realizingIsometry,TauCeti.DavisKahan.HalmosAngleDatum
TauCeti.DavisKahan.HalmosAngleDatum.realizingIsometry,TauCeti.DavisKahan.HalmosAngleDatum.cos₀
TauCeti.DavisKahan.HalmosAngleDatum.realizingIsometry,TauCeti.DavisKahan.HalmosAngleDatum.intertwiner
TauCeti.DavisKahan.HalmosAngleDatum.realizingIsometry,TauCeti.DavisKahan.HalmosAngleDatum.sin₀
TauCeti.DavisKahan.HalmosAngleDatum.sin₀,TauCeti.DavisKahan.HalmosAngleDatum
TauCeti.DavisKahan.HalmosAngleDatum.sin₁,TauCeti.DavisKahan.HalmosAngleDatum
TauCeti.DavisKahan.HalmosAngleDatum.targetSubspace,TauCeti.DavisKahan.HalmosAngleDatum
TauCeti.DavisKahan.HalmosAngleDatum.targetSubspace,TauCeti.DavisKahan.HalmosAngleDatum.realizingIsometry
TauCeti.DavisKahan.IsUniformlyAcute,TauCeti.DavisKahan.subspaceGap
TauCeti.DavisKahan.IsUniformlyAcute.symm,TauCeti.DavisKahan.IsUniformlyAcute
TauCeti.DavisKahan.IsUniformlyAcuteReal.symm,TauCeti.DavisKahan.IsUniformlyAcute
TauCeti.DavisKahan.Proposition35.section3AngleEigenspace,TauCeti.DavisKahan.Proposition35.section3AngleOperator
TauCeti.DavisKahan.Proposition35.section3AngleOperator,TauCeti.DavisKahan.Proposition35.section3SinAngleOperator
TauCeti.DavisKahan.Proposition35.section3CosAngleOperator,TauCeti.DavisKahan.Proposition35.section3AngleOperator
TauCeti.DavisKahan.Proposition35.section3DirectRotation,TauCeti.DavisKahan.spectraCanonicalPolarFactor
TauCeti.DavisKahan.Proposition35.section3NonacuteQuarterTurn,ContinuousLinearMap.polarPartial
TauCeti.DavisKahan.Proposition35.section3NonacuteQuarterTurn,TauCeti.DavisKahan.Proposition35.section3CosAngleOperator
TauCeti.DavisKahan.Proposition35.section3NonacuteQuarterTurn,TauCeti.DavisKahan.halmosSourceDefect
TauCeti.DavisKahan.Proposition35.section3NonacuteQuarterTurn,TauCeti.DavisKahan.halmosTargetDefect
TauCeti.DavisKahan.Proposition35.section3NonacuteQuarterTurn,TauCeti.DavisKahan.nonacuteDirectRotation
TauCeti.DavisKahan.Proposition35.section3QuarterTurn,ContinuousLinearMap.polarPartial
TauCeti.DavisKahan.Proposition35.section3QuarterTurn,TauCeti.DavisKahan.Proposition35.section3CosAngleOperator
TauCeti.DavisKahan.Proposition35.section3QuarterTurn,TauCeti.DavisKahan.Proposition35.section3DirectRotation
TauCeti.DavisKahan.Proposition35.section3SinAngleOperator,ContinuousLinearMap.modulus
TauCeti.DavisKahan.Proposition35.section3SinAngleOperator,TauCeti.DavisKahan.projection
TauCeti.DavisKahan.Proposition35.vectorAngle_nonacuteDirectRotation_eq_of_angleOperator_apply,TauCeti.DavisKahan.Proposition35.section3AngleOperator
TauCeti.DavisKahan.Proposition35.vectorAngle_nonacuteDirectRotation_eq_of_angleOperator_apply,TauCeti.DavisKahan.halmosSourceDefect
TauCeti.DavisKahan.Proposition35.vectorAngle_nonacuteDirectRotation_eq_of_angleOperator_apply,TauCeti.DavisKahan.halmosTargetDefect
TauCeti.DavisKahan.Proposition35.vectorAngle_nonacuteDirectRotation_eq_of_angleOperator_apply,TauCeti.DavisKahan.nonacuteDirectRotation
TauCeti.DavisKahan.Proposition35.vectorAngle_nonacuteDirectRotation_eq_of_angleOperator_apply,TauCeti.vectorAngle
TauCeti.DavisKahan.RealSpectralRestriction.realSelfAdjointSpectralProjection,TauCeti.DavisKahan.ExactSinTheta.ClosedOperatorComplexification.complexify
TauCeti.DavisKahan.RealSpectralRestriction.realSelfAdjointSpectralProjection,TauCeti.DavisKahan.ExactSinTheta.ClosedOperatorComplexification.isSelfAdjoint_complexify
TauCeti.DavisKahan.RealSpectralRestriction.realSelfAdjointSpectralProjection,TauCeti.DavisKahan.selfAdjointSpectralProjection
TauCeti.DavisKahan.RealSpectralRestriction.realSelfAdjointSpectralProjection,TauCeti.DavisKahanExt.ClosedOperator
TauCeti.DavisKahan.RealSpectralRestriction.realSelfAdjointSpectralProjection,TauCeti.DavisKahanExt.ClosedOperator.IsSelfAdjoint
TauCeti.DavisKahan.RealSpectralRestriction.realSelfAdjointSpectralProjection,TauCeti.RealComplexification
TauCeti.DavisKahan.RealSpectralRestriction.realSelfAdjointSpectralProjection,TauCeti.RealComplexification.instCompleteSpace
TauCeti.DavisKahan.RealSpectralRestriction.realSelfAdjointSpectralProjection,TauCeti.RealComplexification.instInnerProductSpaceComplex
TauCeti.DavisKahan.RealSpectralRestriction.realSelfAdjointSpectralProjection,TauCeti.RealComplexification.instNormedAddCommGroup
TauCeti.DavisKahan.RealSpectralRestriction.realSelfAdjointSpectralProjection,TauCeti.RealComplexification.realPartOperator
TauCeti.DavisKahan.RealSpectralRestriction.realSelfAdjointSpectralRestriction,TauCeti.DavisKahan.RealSpectralRestriction.realSelfAdjointSpectralSubspace
TauCeti.DavisKahan.RealSpectralRestriction.realSelfAdjointSpectralRestriction,TauCeti.DavisKahan.RealSpectralRestriction.realSelfAdjointSpectralSubspace_hasOrthogonalProjection
TauCeti.DavisKahan.RealSpectralRestriction.realSelfAdjointSpectralRestriction,TauCeti.DavisKahan.RealSpectralRestriction.realSelfAdjointSpectralSubspace_reducing
TauCeti.DavisKahan.RealSpectralRestriction.realSelfAdjointSpectralRestriction,TauCeti.DavisKahanExt.ClosedOperator
TauCeti.DavisKahan.RealSpectralRestriction.realSelfAdjointSpectralRestriction,TauCeti.DavisKahanExt.ClosedOperator.IsSelfAdjoint
TauCeti.DavisKahan.RealSpectralRestriction.realSelfAdjointSpectralRestriction,TauCeti.DavisKahanExt.ClosedOperator.reducingRestriction
TauCeti.DavisKahan.RealSpectralRestriction.realSelfAdjointSpectralSubspace,TauCeti.DavisKahan.RealSpectralRestriction.realSelfAdjointSpectralProjection
TauCeti.DavisKahan.RealSpectralRestriction.realSelfAdjointSpectralSubspace,TauCeti.DavisKahanExt.ClosedOperator
TauCeti.DavisKahan.RealSpectralRestriction.realSelfAdjointSpectralSubspace,TauCeti.DavisKahanExt.ClosedOperator.IsSelfAdjoint
TauCeti.DavisKahan.RealSpectralRestriction.realSelfAdjointSpectralSubspace_hasOrthogonalProjection,TauCeti.DavisKahan.RealSpectralRestriction.realSelfAdjointSpectralSubspace
TauCeti.DavisKahan.RealSpectralRestriction.realSelfAdjointSpectralSubspace_hasOrthogonalProjection,TauCeti.DavisKahanExt.ClosedOperator
TauCeti.DavisKahan.RealSpectralRestriction.realSelfAdjointSpectralSubspace_hasOrthogonalProjection,TauCeti.DavisKahanExt.ClosedOperator.IsSelfAdjoint
TauCeti.DavisKahan.RealSpectralRestriction.realSelfAdjointSpectralSubspace_reducing,TauCeti.DavisKahan.RealSpectralRestriction.realSelfAdjointSpectralSubspace
TauCeti.DavisKahan.RealSpectralRestriction.realSelfAdjointSpectralSubspace_reducing,TauCeti.DavisKahan.RealSpectralRestriction.realSelfAdjointSpectralSubspace_hasOrthogonalProjection
TauCeti.DavisKahan.RealSpectralRestriction.realSelfAdjointSpectralSubspace_reducing,TauCeti.DavisKahanExt.ClosedOperator
TauCeti.DavisKahan.RealSpectralRestriction.realSelfAdjointSpectralSubspace_reducing,TauCeti.DavisKahanExt.ClosedOperator.IsSelfAdjoint
TauCeti.DavisKahan.RealSpectralRestriction.realSelfAdjointSpectralSubspace_reducing,TauCeti.DavisKahanExt.ClosedOperator.ReducesSubspace
TauCeti.DavisKahan.Section2.theorem6_3_perturbation_infiniteTrial,ContinuousLinearMap.Reduces
TauCeti.DavisKahan.Section2.theorem6_3_perturbation_infiniteTrial,TauCeti.DavisKahan.ExactSinTheta.KyFanDominantIdealFamily
TauCeti.DavisKahan.Section2.theorem6_3_perturbation_infiniteTrial,TauCeti.DavisKahan.ExactSinTheta.KyFanDominantIdealFamily.Mem
TauCeti.DavisKahan.Section2.theorem6_3_perturbation_infiniteTrial,TauCeti.DavisKahan.ExactSinTheta.KyFanDominantIdealFamily.gauge
TauCeti.DavisKahan.Section2.theorem6_3_perturbation_infiniteTrial,TauCeti.DavisKahan.ExactTanTheta.HasTheorem63DirectedTangentApproximationNumbersInfinite
TauCeti.DavisKahan.Section2.theorem6_3_perturbation_infiniteTrial,TauCeti.DavisKahan.ExactTanTheta.theorem63Compression
TauCeti.DavisKahan.TanTheta.UnboundedTrialBlock,TauCeti.DavisKahanExt.ClosedOperator
TauCeti.DavisKahan.TanTheta.UnboundedTrialBlock.operator,TauCeti.DavisKahan.TanTheta.UnboundedTrialBlock
TauCeti.DavisKahan.TanTheta.UnboundedTrialBlock.operator,TauCeti.DavisKahanExt.ClosedOperator
TauCeti.DavisKahan.TanTheta.UnboundedTrialBlock.residual,TauCeti.DavisKahan.TanTheta.UnboundedTrialBlock
TauCeti.DavisKahan.TanTheta.UnboundedTrialBlock.residual,TauCeti.DavisKahanExt.ClosedOperator
TauCeti.DavisKahan.addBounded_isSelfAdjoint,TauCeti.DavisKahan.IsSelfAdjointOperator
TauCeti.DavisKahan.addBounded_isSelfAdjoint,TauCeti.DavisKahanExt.ClosedOperator
TauCeti.DavisKahan.addBounded_isSelfAdjoint,TauCeti.DavisKahanExt.ClosedOperator.IsSelfAdjoint
TauCeti.DavisKahan.addBounded_isSelfAdjoint,TauCeti.DavisKahanExt.ClosedOperator.addBounded
TauCeti.DavisKahan.angleCosOp,TauCeti.DavisKahan.AngleSequenceSpace
TauCeti.DavisKahan.angleCosOp,TauCeti.DavisKahan.angleCosSeq
TauCeti.DavisKahan.angleCosOp,TauCeti.DavisKahan.norm_angleCosSeq_le
TauCeti.DavisKahan.angleCosOp,TauCeti.diagOpLp
TauCeti.DavisKahan.angleSequenceDatum,TauCeti.DavisKahan.AngleSequenceSpace
TauCeti.DavisKahan.angleSequenceDatum,TauCeti.DavisKahan.HalmosAngleDatum
TauCeti.DavisKahan.angleSequenceDatum,TauCeti.DavisKahan.HalmosAngleDatum.mk
TauCeti.DavisKahan.angleSequenceDatum,TauCeti.DavisKahan.angleCosOp
TauCeti.DavisKahan.angleSequenceDatum,TauCeti.DavisKahan.angleSinOp
TauCeti.DavisKahan.angleSinOp,TauCeti.DavisKahan.AngleSequenceSpace
TauCeti.DavisKahan.angleSinOp,TauCeti.DavisKahan.angleSinSeq
TauCeti.DavisKahan.angleSinOp,TauCeti.DavisKahan.norm_angleSinSeq_le
TauCeti.DavisKahan.angleSinOp,TauCeti.diagOpLp
TauCeti.DavisKahan.closedOperatorOfSelfAdjointPMap,TauCeti.DavisKahan.DKClosedOperator
TauCeti.DavisKahan.closedOperatorOfSelfAdjointPMap,TauCeti.DavisKahanExt.ClosedOperator.mk
TauCeti.DavisKahan.crossedDefectQuarterTurn,TauCeti.DavisKahan.halmosSourceDefect
TauCeti.DavisKahan.crossedDefectQuarterTurn,TauCeti.DavisKahan.halmosTargetDefect
TauCeti.DavisKahan.crossedDefectQuarterTurn,TauCeti.DavisKahan.sourceToTargetDefect
TauCeti.DavisKahan.crossedDefectQuarterTurn,TauCeti.DavisKahan.targetToSourceDefect
TauCeti.DavisKahan.directRotationR,TauCeti.DavisKahan.Foundation.RealComplexification.complexifySubmodule
TauCeti.DavisKahan.directRotationR,TauCeti.DavisKahan.Foundation.RealComplexification.instHasOrthogonalProjectionComplexifySubmodule
TauCeti.DavisKahan.directRotationR,TauCeti.DavisKahan.IsUniformlyAcute
TauCeti.DavisKahan.directRotationR,TauCeti.DavisKahan.isUniformlyAcute_complexifySubmodule
TauCeti.DavisKahan.directRotationR,TauCeti.DavisKahan.spectraDirectRotation
TauCeti.DavisKahan.directRotationR,TauCeti.RealComplexification
TauCeti.DavisKahan.directRotationR,TauCeti.RealComplexification.complexOperatorRealAlgebra
TauCeti.DavisKahan.directRotationR,TauCeti.RealComplexification.instCompleteSpace
TauCeti.DavisKahan.directRotationR,TauCeti.RealComplexification.instInnerProductSpaceComplex
TauCeti.DavisKahan.directRotationR,TauCeti.RealComplexification.instNormedAddCommGroup
TauCeti.DavisKahan.directRotationR,TauCeti.RealComplexification.realContinuousFunctionalCalculus
TauCeti.DavisKahan.directRotationR,TauCeti.RealComplexification.realPartOperator
TauCeti.DavisKahan.directedGap,Submodule.directedProjectionGap
TauCeti.DavisKahan.genericCosineBlock,TauCeti.DavisKahan.genericLeftHalf
TauCeti.DavisKahan.genericCosineBlock,TauCeti.DavisKahanExt.compressOperator
TauCeti.DavisKahan.genericLeftHalf,TauCeti.DavisKahan.halmosGenericPart
TauCeti.DavisKahan.halmosCosineSq,TauCeti.DavisKahan.complementaryProjection
TauCeti.DavisKahan.halmosCosineSq,TauCeti.DavisKahan.projection
TauCeti.DavisKahan.halmosGenericPart,TauCeti.DavisKahan.halmosTrivialPart
TauCeti.DavisKahan.halmosTrivialPart,TauCeti.DavisKahan.halmosCommonPart
TauCeti.DavisKahan.halmosTrivialPart,TauCeti.DavisKahan.halmosExteriorPart
TauCeti.DavisKahan.halmosTrivialPart,TauCeti.DavisKahan.halmosSourceDefect
TauCeti.DavisKahan.halmosTrivialPart,TauCeti.DavisKahan.halmosTargetDefect
TauCeti.DavisKahan.instCompleteSpaceGenericLeftHalf,TauCeti.DavisKahan.genericLeftHalf
TauCeti.DavisKahan.instCompleteSpaceSubtypeWithLpOfNatENNRealProdMemSubmoduleSourceSubspace,TauCeti.DavisKahan.sourceSubspace
TauCeti.DavisKahan.instHasOrthogonalProjectionHalmosSourceDefect,TauCeti.DavisKahan.halmosSourceDefect
TauCeti.DavisKahan.instHasOrthogonalProjectionHalmosTargetDefect,TauCeti.DavisKahan.halmosTargetDefect
TauCeti.DavisKahan.isUniformlyAcute_complexifySubmodule,TauCeti.DavisKahan.Foundation.RealComplexification.complexifySubmodule
TauCeti.DavisKahan.isUniformlyAcute_complexifySubmodule,TauCeti.DavisKahan.Foundation.RealComplexification.instHasOrthogonalProjectionComplexifySubmodule
TauCeti.DavisKahan.isUniformlyAcute_complexifySubmodule,TauCeti.DavisKahan.IsUniformlyAcute
TauCeti.DavisKahan.isUniformlyAcute_complexifySubmodule,TauCeti.RealComplexification
TauCeti.DavisKahan.isUniformlyAcute_complexifySubmodule,TauCeti.RealComplexification.instInnerProductSpaceComplex
TauCeti.DavisKahan.isUniformlyAcute_complexifySubmodule,TauCeti.RealComplexification.instNormedAddCommGroup
TauCeti.DavisKahan.nonacuteDirectRotation,TauCeti.DavisKahan.crossedDefectQuarterTurn
TauCeti.DavisKahan.nonacuteDirectRotation,TauCeti.DavisKahan.halmosSourceDefect
TauCeti.DavisKahan.nonacuteDirectRotation,TauCeti.DavisKahan.halmosTargetDefect
TauCeti.DavisKahan.nonacuteDirectRotation,TauCeti.DavisKahan.spectraCanonicalPolarFactor
TauCeti.DavisKahan.norm_angleCosSeq_le,TauCeti.DavisKahan.angleCosSeq
TauCeti.DavisKahan.norm_angleSinSeq_le,TauCeti.DavisKahan.angleSinSeq
TauCeti.DavisKahan.selfAdjointSpectralProjection,TauCeti.DavisKahan.DKClosedOperator
TauCeti.DavisKahan.selfAdjointSpectralProjection,TauCeti.DavisKahanExt.ClosedOperator.IsSelfAdjoint
TauCeti.DavisKahan.selfAdjointSpectralProjection,TauCeti.DavisKahanExt.ClosedOperator.toLinearPMap
TauCeti.DavisKahan.selfAdjointSpectralProjection,TauCeti.LinearPMap.specProjection
TauCeti.DavisKahan.selfAdjointSpectralRestriction,TauCeti.DavisKahan.DKClosedOperator
TauCeti.DavisKahan.selfAdjointSpectralRestriction,TauCeti.DavisKahan.closedOperatorOfSelfAdjointPMap
TauCeti.DavisKahan.selfAdjointSpectralRestriction,TauCeti.DavisKahan.selfAdjointSpectralSubspace
TauCeti.DavisKahan.selfAdjointSpectralRestriction,TauCeti.DavisKahanExt.ClosedOperator.IsSelfAdjoint
TauCeti.DavisKahan.selfAdjointSpectralRestriction,TauCeti.DavisKahanExt.ClosedOperator.toLinearPMap
TauCeti.DavisKahan.selfAdjointSpectralRestriction,TauCeti.LinearPMap.specRestrict
TauCeti.DavisKahan.selfAdjointSpectralSubspace,TauCeti.DavisKahan.DKClosedOperator
TauCeti.DavisKahan.selfAdjointSpectralSubspace,TauCeti.DavisKahanExt.ClosedOperator.IsSelfAdjoint
TauCeti.DavisKahan.selfAdjointSpectralSubspace,TauCeti.DavisKahanExt.ClosedOperator.toLinearPMap
TauCeti.DavisKahan.selfAdjointSpectralSubspace,TauCeti.LinearPMap.spectralPVM
TauCeti.DavisKahan.selfAdjointSpectralSubspace,TauCeti.pvmRangeSubspace
TauCeti.DavisKahan.selfAdjointSpectralSubspace_hasOrthogonalProjection,TauCeti.DavisKahan.DKClosedOperator
TauCeti.DavisKahan.selfAdjointSpectralSubspace_hasOrthogonalProjection,TauCeti.DavisKahan.selfAdjointSpectralSubspace
TauCeti.DavisKahan.selfAdjointSpectralSubspace_hasOrthogonalProjection,TauCeti.DavisKahanExt.ClosedOperator.IsSelfAdjoint
TauCeti.DavisKahan.sourceSubspace,TauCeti.DavisKahan.modelInl
TauCeti.DavisKahan.sourceToTargetDefect,TauCeti.DavisKahan.halmosSourceDefect
TauCeti.DavisKahan.sourceToTargetDefect,TauCeti.DavisKahan.halmosTargetDefect
TauCeti.DavisKahan.sourceToTargetDefect,TauCeti.DavisKahan.instHasOrthogonalProjectionHalmosSourceDefect
TauCeti.DavisKahan.spectraCanonicalIntertwiner,TauCeti.DavisKahan.complementaryProjection
TauCeti.DavisKahan.spectraCanonicalIntertwiner,TauCeti.DavisKahan.projection
TauCeti.DavisKahan.spectraCanonicalPolarFactor,TauCeti.DavisKahan.spectraCanonicalIntertwiner
TauCeti.DavisKahan.spectraCanonicalPolarFactor,TauCeti.DavisKahan.spectraPolarIsometry
TauCeti.DavisKahan.spectraDirectRotation,TauCeti.DavisKahan.IsUniformlyAcute
TauCeti.DavisKahan.spectraDirectRotation,TauCeti.DavisKahan.spectraCanonicalPolarFactor
TauCeti.DavisKahan.spectraPolarIsometry,ContinuousLinearMap.polarPartial
TauCeti.DavisKahan.spectraReflectionProduct,Submodule.reflectionOperator
TauCeti.DavisKahan.subspaceGap,Submodule.projectionGap
TauCeti.DavisKahan.swapCrossedDefectEquiv,TauCeti.DavisKahan.halmosSourceDefect
TauCeti.DavisKahan.swapCrossedDefectEquiv,TauCeti.DavisKahan.halmosTargetDefect
TauCeti.DavisKahan.targetToSourceDefect,TauCeti.DavisKahan.halmosSourceDefect
TauCeti.DavisKahan.targetToSourceDefect,TauCeti.DavisKahan.halmosTargetDefect
TauCeti.DavisKahan.targetToSourceDefect,TauCeti.DavisKahan.instHasOrthogonalProjectionHalmosTargetDefect
TauCeti.DavisKahan1970.Corollary4_1_compact_nonacute,TauCeti.DavisKahan.ExactSinTheta.KyFanDominantIdealFamily
TauCeti.DavisKahan1970.Corollary4_1_compact_nonacute,TauCeti.DavisKahan.ExactSinTheta.KyFanDominantIdealFamily.Mem
TauCeti.DavisKahan1970.Corollary4_1_compact_nonacute,TauCeti.DavisKahan.ExactSinTheta.KyFanDominantIdealFamily.gauge
TauCeti.DavisKahan1970.Corollary4_1_compact_nonacute,TauCeti.DavisKahan.halmosSourceDefect
TauCeti.DavisKahan1970.Corollary4_1_compact_nonacute,TauCeti.DavisKahan.halmosTargetDefect
TauCeti.DavisKahan1970.Corollary4_1_compact_nonacute,TauCeti.DavisKahan.nonacuteDirectRotation
TauCeti.DavisKahan1970.Corollary4_1_compact_nonacute,TauCeti.DavisKahan.projection
TauCeti.DavisKahan1970.Corollary4_1_compact_nonacute,TauCeti.principalSineOperator
TauCeti.DavisKahan1970.Corollary4_1_compact_nonacute_real,ContinuousLinearMap.instContinuousFunctionalCalculusRealIsSelfAdjoint
TauCeti.DavisKahan1970.Corollary4_1_compact_nonacute_real,TauCeti.DavisKahan.ExactSinTheta.KyFanDominantIdealFamily
TauCeti.DavisKahan1970.Corollary4_1_compact_nonacute_real,TauCeti.DavisKahan.ExactSinTheta.KyFanDominantIdealFamily.Mem
TauCeti.DavisKahan1970.Corollary4_1_compact_nonacute_real,TauCeti.DavisKahan.ExactSinTheta.KyFanDominantIdealFamily.gauge
TauCeti.DavisKahan1970.Corollary4_1_compact_nonacute_real,TauCeti.DavisKahan.halmosSourceDefect
TauCeti.DavisKahan1970.Corollary4_1_compact_nonacute_real,TauCeti.DavisKahan.halmosTargetDefect
TauCeti.DavisKahan1970.Corollary4_1_compact_nonacute_real,TauCeti.DavisKahan.nonacuteDirectRotation
TauCeti.DavisKahan1970.Corollary4_1_compact_nonacute_real,TauCeti.DavisKahan.projection
TauCeti.DavisKahan1970.Corollary4_1_compact_nonacute_real,TauCeti.principalSineOperator
TauCeti.DavisKahan1970.Corollary4_1_infiniteDimensional_nonacute,TauCeti.DavisKahan.ExactSinTheta.KyFanDominantIdealFamily
TauCeti.DavisKahan1970.Corollary4_1_infiniteDimensional_nonacute,TauCeti.DavisKahan.ExactSinTheta.KyFanDominantIdealFamily.Mem
TauCeti.DavisKahan1970.Corollary4_1_infiniteDimensional_nonacute,TauCeti.DavisKahan.ExactSinTheta.KyFanDominantIdealFamily.gauge
TauCeti.DavisKahan1970.Corollary4_1_infiniteDimensional_nonacute,TauCeti.DavisKahan.halmosSourceDefect
TauCeti.DavisKahan1970.Corollary4_1_infiniteDimensional_nonacute,TauCeti.DavisKahan.halmosTargetDefect
TauCeti.DavisKahan1970.Corollary4_1_infiniteDimensional_nonacute,TauCeti.DavisKahan.nonacuteDirectRotation
TauCeti.DavisKahan1970.Corollary4_1_infiniteDimensional_nonacute,TauCeti.DavisKahan.projection
TauCeti.DavisKahan1970.HasTheorem63DirectedTangentApproximationNumbersInfiniteReal,TauCeti.ApproximationNumber.approximationSingularValue
TauCeti.DavisKahan1970.HasTheorem63DirectedTangentApproximationNumbersInfiniteReal,TauCeti.DavisKahan1970.theorem63DirectedSineBlockReal
TauCeti.DavisKahan1970.IsRealPrincipalUnitarySquareRoot,TauCeti.DavisKahan.Foundation.RealComplexification.complexifySubmodule
TauCeti.DavisKahan1970.IsRealPrincipalUnitarySquareRoot,TauCeti.DavisKahan.Foundation.RealComplexification.instHasOrthogonalProjectionComplexifySubmodule
TauCeti.DavisKahan1970.IsRealPrincipalUnitarySquareRoot,TauCeti.DavisKahan.Frontier.Section3.IsPrincipalUnitarySquareRoot
TauCeti.DavisKahan1970.IsRealPrincipalUnitarySquareRoot,TauCeti.DavisKahan.spectraReflectionProduct
TauCeti.DavisKahan1970.IsRealPrincipalUnitarySquareRoot,TauCeti.RealComplexification
TauCeti.DavisKahan1970.IsRealPrincipalUnitarySquareRoot,TauCeti.RealComplexification.complexify
TauCeti.DavisKahan1970.IsRealPrincipalUnitarySquareRoot,TauCeti.RealComplexification.instCompleteSpace
TauCeti.DavisKahan1970.IsRealPrincipalUnitarySquareRoot,TauCeti.RealComplexification.instInnerProductSpaceComplex
TauCeti.DavisKahan1970.IsRealPrincipalUnitarySquareRoot,TauCeti.RealComplexification.instNormedAddCommGroup
TauCeti.DavisKahan1970.Lemma5_1,TauCeti.ApproximationNumber.IsOrthogonalProjectionMap
TauCeti.DavisKahan1970.Lemma5_1,TauCeti.ApproximationNumber.StronglyTendsto
TauCeti.DavisKahan1970.Lemma5_1,TauCeti.ApproximationNumber.approximationSingularValue
TauCeti.DavisKahan1970.Lemma5_1,TauCeti.DavisKahan.ExactSinTheta.HasApproximationNumberStrongCutoff
TauCeti.DavisKahan1970.Proposition4_1_compact_nonacute,ContinuousLinearMap.approximationNumber
TauCeti.DavisKahan1970.Proposition4_1_compact_nonacute,TauCeti.DavisKahan.halmosSourceDefect
TauCeti.DavisKahan1970.Proposition4_1_compact_nonacute,TauCeti.DavisKahan.halmosTargetDefect
TauCeti.DavisKahan1970.Proposition4_1_compact_nonacute,TauCeti.DavisKahan.nonacuteDirectRotation
TauCeti.DavisKahan1970.Proposition4_1_compact_nonacute,TauCeti.DavisKahan.projection
TauCeti.DavisKahan1970.Proposition4_1_compact_nonacute,TauCeti.principalAngleSequence
TauCeti.DavisKahan1970.Proposition4_1_compact_nonacute,TauCeti.principalSineOperator
TauCeti.DavisKahan1970.Proposition4_1_compact_nonacute,TauCeti.principalSineSequence
TauCeti.DavisKahan1970.Proposition4_1_compact_nonacute,TauCeti.vectorAngle
TauCeti.DavisKahan1970.Proposition4_1_compact_nonacute_directRotationValues,ContinuousLinearMap.approximationNumber
TauCeti.DavisKahan1970.Proposition4_1_compact_nonacute_directRotationValues,TauCeti.DavisKahan.halmosSourceDefect
TauCeti.DavisKahan1970.Proposition4_1_compact_nonacute_directRotationValues,TauCeti.DavisKahan.halmosTargetDefect
TauCeti.DavisKahan1970.Proposition4_1_compact_nonacute_directRotationValues,TauCeti.DavisKahan.nonacuteDirectRotation
TauCeti.DavisKahan1970.Proposition4_1_compact_nonacute_directRotationValues,TauCeti.DavisKahan.projection
TauCeti.DavisKahan1970.Proposition4_1_compact_nonacute_directRotationValues,TauCeti.principalAngleSequence
TauCeti.DavisKahan1970.Proposition4_1_compact_nonacute_directRotationValues,TauCeti.principalSineOperator
TauCeti.DavisKahan1970.Proposition4_1_compact_nonacute_directRotationValues_real,ContinuousLinearMap.approximationNumber
TauCeti.DavisKahan1970.Proposition4_1_compact_nonacute_directRotationValues_real,ContinuousLinearMap.instContinuousFunctionalCalculusRealIsSelfAdjoint
TauCeti.DavisKahan1970.Proposition4_1_compact_nonacute_directRotationValues_real,TauCeti.DavisKahan.halmosSourceDefect
TauCeti.DavisKahan1970.Proposition4_1_compact_nonacute_directRotationValues_real,TauCeti.DavisKahan.halmosTargetDefect
TauCeti.DavisKahan1970.Proposition4_1_compact_nonacute_directRotationValues_real,TauCeti.DavisKahan.nonacuteDirectRotation
TauCeti.DavisKahan1970.Proposition4_1_compact_nonacute_directRotationValues_real,TauCeti.DavisKahan.projection
TauCeti.DavisKahan1970.Proposition4_1_compact_nonacute_directRotationValues_real,TauCeti.principalAngleSequence
TauCeti.DavisKahan1970.Proposition4_1_compact_nonacute_directRotationValues_real,TauCeti.principalSineOperator
TauCeti.DavisKahan1970.Proposition4_1_compact_nonacute_real,ContinuousLinearMap.approximationNumber
TauCeti.DavisKahan1970.Proposition4_1_compact_nonacute_real,ContinuousLinearMap.instContinuousFunctionalCalculusRealIsSelfAdjoint
TauCeti.DavisKahan1970.Proposition4_1_compact_nonacute_real,TauCeti.DavisKahan.halmosSourceDefect
TauCeti.DavisKahan1970.Proposition4_1_compact_nonacute_real,TauCeti.DavisKahan.halmosTargetDefect
TauCeti.DavisKahan1970.Proposition4_1_compact_nonacute_real,TauCeti.DavisKahan.nonacuteDirectRotation
TauCeti.DavisKahan1970.Proposition4_1_compact_nonacute_real,TauCeti.DavisKahan.projection
TauCeti.DavisKahan1970.Proposition4_1_compact_nonacute_real,TauCeti.principalAngleSequence
TauCeti.DavisKahan1970.Proposition4_1_compact_nonacute_real,TauCeti.principalSineOperator
TauCeti.DavisKahan1970.Proposition4_1_compact_nonacute_real,TauCeti.principalSineSequence
TauCeti.DavisKahan1970.Proposition4_1_compact_nonacute_real,TauCeti.vectorAngle
TauCeti.DavisKahan1970.Proposition4_2_infiniteDimensional,TauCeti.DavisKahan.Section4.displacementAngleSineSq
TauCeti.DavisKahan1970.Proposition4_2_infiniteDimensional,TauCeti.DavisKahan.projection
TauCeti.DavisKahan1970.Proposition4_2_infiniteDimensional,TauCeti.principalAngleSequence
TauCeti.DavisKahan1970.Proposition4_3_compact_nonacute_idealGauge,TauCeti.DavisKahan.ExactSinTheta.KyFanDominantIdealFamily
TauCeti.DavisKahan1970.Proposition4_3_compact_nonacute_idealGauge,TauCeti.DavisKahan.ExactSinTheta.KyFanDominantIdealFamily.Mem
TauCeti.DavisKahan1970.Proposition4_3_compact_nonacute_idealGauge,TauCeti.DavisKahan.ExactSinTheta.KyFanDominantIdealFamily.gauge
TauCeti.DavisKahan1970.Proposition4_3_compact_nonacute_idealGauge,TauCeti.DavisKahan.halmosSourceDefect
TauCeti.DavisKahan1970.Proposition4_3_compact_nonacute_idealGauge,TauCeti.DavisKahan.halmosTargetDefect
TauCeti.DavisKahan1970.Proposition4_3_compact_nonacute_idealGauge,TauCeti.DavisKahan.nonacuteDirectRotation
TauCeti.DavisKahan1970.Proposition4_3_compact_nonacute_idealGauge,TauCeti.DavisKahan.projection
TauCeti.DavisKahan1970.Proposition4_3_compact_nonacute_idealGauge,TauCeti.principalSineOperator
TauCeti.DavisKahan1970.Proposition4_3_compact_nonacute_real_idealGauge,ContinuousLinearMap.instContinuousFunctionalCalculusRealIsSelfAdjoint
TauCeti.DavisKahan1970.Proposition4_3_compact_nonacute_real_idealGauge,TauCeti.DavisKahan.ExactSinTheta.KyFanDominantIdealFamily
TauCeti.DavisKahan1970.Proposition4_3_compact_nonacute_real_idealGauge,TauCeti.DavisKahan.ExactSinTheta.KyFanDominantIdealFamily.Mem
TauCeti.DavisKahan1970.Proposition4_3_compact_nonacute_real_idealGauge,TauCeti.DavisKahan.ExactSinTheta.KyFanDominantIdealFamily.gauge
TauCeti.DavisKahan1970.Proposition4_3_compact_nonacute_real_idealGauge,TauCeti.DavisKahan.halmosSourceDefect
TauCeti.DavisKahan1970.Proposition4_3_compact_nonacute_real_idealGauge,TauCeti.DavisKahan.halmosTargetDefect
TauCeti.DavisKahan1970.Proposition4_3_compact_nonacute_real_idealGauge,TauCeti.DavisKahan.nonacuteDirectRotation
TauCeti.DavisKahan1970.Proposition4_3_compact_nonacute_real_idealGauge,TauCeti.DavisKahan.projection
TauCeti.DavisKahan1970.Proposition4_3_compact_nonacute_real_idealGauge,TauCeti.principalSineOperator
TauCeti.DavisKahan1970.Proposition6_1,TauCeti.DavisKahan.ExactSinTheta.PaperSymmetricSinThetaProblem
TauCeti.DavisKahan1970.Proposition6_1,TauCeti.DavisKahan.ExactSinTheta.PaperSymmetricSinThetaProblem.U
TauCeti.DavisKahan1970.Proposition6_1,TauCeti.DavisKahan.ExactSinTheta.PaperSymmetricSinThetaProblem.V
TauCeti.DavisKahan1970.Proposition6_1,TauCeti.DavisKahan.ExactSinTheta.PaperSymmetricSinThetaProblem.gap
TauCeti.DavisKahan1970.Proposition6_1,TauCeti.DavisKahan.ExactSinTheta.PaperSymmetricSinThetaProblem.perturbation
TauCeti.DavisKahan1970.Proposition6_1,TauCeti.DavisKahan.ExactSinTheta.PaperSymmetricSinThetaProblem.proj_U
TauCeti.DavisKahan1970.Proposition6_1,TauCeti.DavisKahan.ExactSinTheta.PaperSymmetricSinThetaProblem.proj_V
TauCeti.DavisKahan1970.Proposition6_1,TauCeti.DavisKahan.ExactSinTheta.PaperUnitaryInvariantNorm
TauCeti.DavisKahan1970.Proposition6_1,TauCeti.DavisKahan.ExactSinTheta.PaperUnitaryInvariantNorm.Mem
TauCeti.DavisKahan1970.Proposition6_1,TauCeti.DavisKahan.ExactSinTheta.PaperUnitaryInvariantNorm.gauge
TauCeti.DavisKahan1970.Proposition6_1,TauCeti.DavisKahanExt.paperSinAngleOperatorC
TauCeti.DavisKahan1970.Proposition6_1_real,TauCeti.DavisKahan.ExactSinTheta.PaperRealSymmetricSinThetaProblem
TauCeti.DavisKahan1970.Proposition6_1_real,TauCeti.DavisKahan.ExactSinTheta.PaperRealSymmetricSinThetaProblem.U
TauCeti.DavisKahan1970.Proposition6_1_real,TauCeti.DavisKahan.ExactSinTheta.PaperRealSymmetricSinThetaProblem.V
TauCeti.DavisKahan1970.Proposition6_1_real,TauCeti.DavisKahan.ExactSinTheta.PaperRealSymmetricSinThetaProblem.gap
TauCeti.DavisKahan1970.Proposition6_1_real,TauCeti.DavisKahan.ExactSinTheta.PaperRealSymmetricSinThetaProblem.perturbation
TauCeti.DavisKahan1970.Proposition6_1_real,TauCeti.DavisKahan.ExactSinTheta.PaperRealSymmetricSinThetaProblem.proj_U
TauCeti.DavisKahan1970.Proposition6_1_real,TauCeti.DavisKahan.ExactSinTheta.PaperRealSymmetricSinThetaProblem.proj_V
TauCeti.DavisKahan1970.Proposition6_1_real,TauCeti.DavisKahan.ExactSinTheta.PaperUnitaryInvariantNorm
TauCeti.DavisKahan1970.Proposition6_1_real,TauCeti.DavisKahan.ExactSinTheta.PaperUnitaryInvariantNorm.Mem
TauCeti.DavisKahan1970.Proposition6_1_real,TauCeti.DavisKahan.ExactSinTheta.PaperUnitaryInvariantNorm.gauge
TauCeti.DavisKahan1970.Proposition6_1_real,TauCeti.DavisKahan.ExactSinTheta.paperCrossSineSum
TauCeti.DavisKahan1970.Section8.approximationNumber_eq_eigenvalues_of_isPositive,ContinuousLinearMap.approximationNumber
TauCeti.DavisKahan1970.Section8.canonicalLowBranch,TauCeti.DavisKahan.IsSelfAdjointOperator
TauCeti.DavisKahan1970.Section8.canonicalLowBranch,TauCeti.DavisKahanExt.boundedSelfAdjointSpectralSubspace
TauCeti.DavisKahan1970.Section8.canonicalLowBranchReal,TauCeti.DavisKahan.Foundation.RealComplexification.realBoundedSpectralSubspaceIicOfGap
TauCeti.DavisKahan1970.Section8.canonicalLowBranchReal,TauCeti.DavisKahan1970.Section8.theorem8_1_spectralRepulsion_real
TauCeti.DavisKahan1970.Section8.canonicalLowBranchReal_hasOrthogonalProjection,TauCeti.DavisKahan1970.Section8.canonicalLowBranchReal
TauCeti.DavisKahan1970.Section8.canonicalLowBranch_hasOrthogonalProjection,TauCeti.DavisKahan.IsSelfAdjointOperator
TauCeti.DavisKahan1970.Section8.canonicalLowBranch_hasOrthogonalProjection,TauCeti.DavisKahan1970.Section8.canonicalLowBranch
TauCeti.DavisKahan1970.Section8.theorem8_1_canonicalBranch,TauCeti.DavisKahan1970.Section8.Theorem81Conclusion
TauCeti.DavisKahan1970.Section8.theorem8_1_canonicalBranch,TauCeti.DavisKahan1970.Section8.canonicalLowBranch
TauCeti.DavisKahan1970.Section8.theorem8_1_canonicalBranch,TauCeti.DavisKahan1970.Section8.canonicalLowBranch_hasOrthogonalProjection
TauCeti.DavisKahan1970.Section8.theorem8_1_canonicalBranch_real,TauCeti.DavisKahan1970.Section8.Theorem81ConclusionReal
TauCeti.DavisKahan1970.Section8.theorem8_1_lowerApproximationRepulsion_real,ContinuousLinearMap.approximationNumber
TauCeti.DavisKahan1970.Section8.theorem8_1_lowerApproximationRepulsion_real,TauCeti.DavisKahan1970.Section8.canonicalLowBranchReal
TauCeti.DavisKahan1970.Section8.theorem8_1_lowerApproximationRepulsion_real,TauCeti.DavisKahan1970.Section8.canonicalLowBranchReal_hasOrthogonalProjection
TauCeti.DavisKahan1970.Section8.theorem8_1_lowerApproximationRepulsion_real,TauCeti.DavisKahan1970.Section8.lowerBlockShift
TauCeti.DavisKahan1970.Section8.theorem8_1_lowerApproximationRepulsion_real,TauCeti.DavisKahan1970.Section8.lowerCosineBlock
TauCeti.DavisKahan1970.Section8.theorem8_1_lowerApproximationRepulsion_source,ContinuousLinearMap.approximationNumber
TauCeti.DavisKahan1970.Section8.theorem8_1_lowerApproximationRepulsion_source,TauCeti.DavisKahan1970.Section8.canonicalLowBranch
TauCeti.DavisKahan1970.Section8.theorem8_1_lowerApproximationRepulsion_source,TauCeti.DavisKahan1970.Section8.canonicalLowBranch_hasOrthogonalProjection
TauCeti.DavisKahan1970.Section8.theorem8_1_lowerApproximationRepulsion_source,TauCeti.DavisKahan1970.Section8.lowerBlockShift
TauCeti.DavisKahan1970.Section8.theorem8_1_lowerApproximationRepulsion_source,TauCeti.DavisKahan1970.Section8.lowerCosineBlock
TauCeti.DavisKahan1970.Section8.theorem8_1_lowerCompressionRepulsion_real,TauCeti.DavisKahan1970.Section8.canonicalLowBranchReal
TauCeti.DavisKahan1970.Section8.theorem8_1_lowerCompressionRepulsion_real,TauCeti.DavisKahan1970.Section8.canonicalLowBranchReal_hasOrthogonalProjection
TauCeti.DavisKahan1970.Section8.theorem8_1_lowerCompressionRepulsion_source,TauCeti.DavisKahan1970.Section8.canonicalLowBranch
TauCeti.DavisKahan1970.Section8.theorem8_1_lowerCompressionRepulsion_source,TauCeti.DavisKahan1970.Section8.canonicalLowBranch_hasOrthogonalProjection
TauCeti.DavisKahan1970.Section8.theorem8_1_lowerSymmetricGaugeRepulsion_angle_rev_real,ContinuousLinearMap.approximationNumber
TauCeti.DavisKahan1970.Section8.theorem8_1_lowerSymmetricGaugeRepulsion_angle_rev_real,TauCeti.DavisKahan1970.Section8.canonicalLowBranchReal
TauCeti.DavisKahan1970.Section8.theorem8_1_lowerSymmetricGaugeRepulsion_angle_rev_real,TauCeti.DavisKahan1970.Section8.canonicalLowBranchReal_hasOrthogonalProjection
TauCeti.DavisKahan1970.Section8.theorem8_1_lowerSymmetricGaugeRepulsion_angle_rev_real,TauCeti.DavisKahan1970.Section8.lowerBlockShift
TauCeti.DavisKahan1970.Section8.theorem8_1_lowerSymmetricGaugeRepulsion_angle_rev_real,TauCeti.FiniteSymmetricGauge
TauCeti.DavisKahan1970.Section8.theorem8_1_lowerSymmetricGaugeRepulsion_angle_rev_real,TauCeti.FiniteSymmetricGauge.toFun
TauCeti.DavisKahan1970.Section8.theorem8_1_lowerSymmetricGaugeRepulsion_angle_rev_real,TauCeti.principalCosines
TauCeti.DavisKahan1970.Section8.theorem8_1_lowerSymmetricGaugeRepulsion_angle_rev_source,ContinuousLinearMap.approximationNumber
TauCeti.DavisKahan1970.Section8.theorem8_1_lowerSymmetricGaugeRepulsion_angle_rev_source,TauCeti.DavisKahan1970.Section8.canonicalLowBranch
TauCeti.DavisKahan1970.Section8.theorem8_1_lowerSymmetricGaugeRepulsion_angle_rev_source,TauCeti.DavisKahan1970.Section8.canonicalLowBranch_hasOrthogonalProjection
TauCeti.DavisKahan1970.Section8.theorem8_1_lowerSymmetricGaugeRepulsion_angle_rev_source,TauCeti.DavisKahan1970.Section8.lowerBlockShift
TauCeti.DavisKahan1970.Section8.theorem8_1_lowerSymmetricGaugeRepulsion_angle_rev_source,TauCeti.FiniteSymmetricGauge
TauCeti.DavisKahan1970.Section8.theorem8_1_lowerSymmetricGaugeRepulsion_angle_rev_source,TauCeti.FiniteSymmetricGauge.toFun
TauCeti.DavisKahan1970.Section8.theorem8_1_lowerSymmetricGaugeRepulsion_angle_rev_source,TauCeti.principalCosines
TauCeti.DavisKahan1970.Section8.theorem8_1_maximalAngle_le_iff_spectrumIn,ContinuousLinearMap.Reduces
TauCeti.DavisKahan1970.Section8.theorem8_1_maximalAngle_le_iff_spectrumIn,TauCeti.DavisKahan.Foundation.SpectrumIn
TauCeti.DavisKahan1970.Section8.theorem8_1_maximalAngle_le_iff_spectrumIn,TauCeti.DavisKahanExt.maximalAngle
TauCeti.DavisKahan1970.Section8.theorem8_1_maximalAngle_le_iff_spectrumIn_real,ContinuousLinearMap.Reduces
TauCeti.DavisKahan1970.Section8.theorem8_1_maximalAngle_le_iff_spectrumIn_real,TauCeti.DavisKahan.Foundation.SpectrumIn
TauCeti.DavisKahan1970.Section8.theorem8_1_maximalAngle_le_iff_spectrumIn_real,TauCeti.DavisKahanExt.maximalAngle
TauCeti.DavisKahan1970.Section8.theorem8_1_spectralRepulsion_real,TauCeti.DavisKahan.Foundation.realSpectrum
TauCeti.DavisKahan1970.Section8.theorem8_1_upperApproximationRepulsion_real,ContinuousLinearMap.approximationNumber
TauCeti.DavisKahan1970.Section8.theorem8_1_upperApproximationRepulsion_real,TauCeti.DavisKahan1970.Section8.canonicalLowBranchReal
TauCeti.DavisKahan1970.Section8.theorem8_1_upperApproximationRepulsion_real,TauCeti.DavisKahan1970.Section8.canonicalLowBranchReal_hasOrthogonalProjection
TauCeti.DavisKahan1970.Section8.theorem8_1_upperApproximationRepulsion_real,TauCeti.DavisKahan1970.Section8.cosineBlock
TauCeti.DavisKahan1970.Section8.theorem8_1_upperApproximationRepulsion_real,TauCeti.DavisKahan1970.Section8.upperBlockShift
TauCeti.DavisKahan1970.Section8.theorem8_1_upperApproximationRepulsion_source,ContinuousLinearMap.approximationNumber
TauCeti.DavisKahan1970.Section8.theorem8_1_upperApproximationRepulsion_source,TauCeti.DavisKahan1970.Section8.canonicalLowBranch
TauCeti.DavisKahan1970.Section8.theorem8_1_upperApproximationRepulsion_source,TauCeti.DavisKahan1970.Section8.canonicalLowBranch_hasOrthogonalProjection
TauCeti.DavisKahan1970.Section8.theorem8_1_upperApproximationRepulsion_source,TauCeti.DavisKahan1970.Section8.cosineBlock
TauCeti.DavisKahan1970.Section8.theorem8_1_upperApproximationRepulsion_source,TauCeti.DavisKahan1970.Section8.upperBlockShift
TauCeti.DavisKahan1970.Section8.theorem8_1_upperCompressionRepulsion_real,TauCeti.DavisKahan1970.Section8.canonicalLowBranchReal
TauCeti.DavisKahan1970.Section8.theorem8_1_upperCompressionRepulsion_real,TauCeti.DavisKahan1970.Section8.canonicalLowBranchReal_hasOrthogonalProjection
TauCeti.DavisKahan1970.Section8.theorem8_1_upperCompressionRepulsion_source,TauCeti.DavisKahan1970.Section8.canonicalLowBranch
TauCeti.DavisKahan1970.Section8.theorem8_1_upperCompressionRepulsion_source,TauCeti.DavisKahan1970.Section8.canonicalLowBranch_hasOrthogonalProjection
TauCeti.DavisKahan1970.Section8.theorem8_1_upperSymmetricGaugeRepulsion_angle_rev_real,ContinuousLinearMap.approximationNumber
TauCeti.DavisKahan1970.Section8.theorem8_1_upperSymmetricGaugeRepulsion_angle_rev_real,TauCeti.DavisKahan1970.Section8.canonicalLowBranchReal
TauCeti.DavisKahan1970.Section8.theorem8_1_upperSymmetricGaugeRepulsion_angle_rev_real,TauCeti.DavisKahan1970.Section8.canonicalLowBranchReal_hasOrthogonalProjection
TauCeti.DavisKahan1970.Section8.theorem8_1_upperSymmetricGaugeRepulsion_angle_rev_real,TauCeti.DavisKahan1970.Section8.upperBlockShift
TauCeti.DavisKahan1970.Section8.theorem8_1_upperSymmetricGaugeRepulsion_angle_rev_real,TauCeti.FiniteSymmetricGauge
TauCeti.DavisKahan1970.Section8.theorem8_1_upperSymmetricGaugeRepulsion_angle_rev_real,TauCeti.FiniteSymmetricGauge.toFun
TauCeti.DavisKahan1970.Section8.theorem8_1_upperSymmetricGaugeRepulsion_angle_rev_real,TauCeti.principalCosines
TauCeti.DavisKahan1970.Section8.theorem8_1_upperSymmetricGaugeRepulsion_angle_rev_source,ContinuousLinearMap.approximationNumber
TauCeti.DavisKahan1970.Section8.theorem8_1_upperSymmetricGaugeRepulsion_angle_rev_source,TauCeti.DavisKahan1970.Section8.canonicalLowBranch
TauCeti.DavisKahan1970.Section8.theorem8_1_upperSymmetricGaugeRepulsion_angle_rev_source,TauCeti.DavisKahan1970.Section8.canonicalLowBranch_hasOrthogonalProjection
TauCeti.DavisKahan1970.Section8.theorem8_1_upperSymmetricGaugeRepulsion_angle_rev_source,TauCeti.DavisKahan1970.Section8.upperBlockShift
TauCeti.DavisKahan1970.Section8.theorem8_1_upperSymmetricGaugeRepulsion_angle_rev_source,TauCeti.FiniteSymmetricGauge
TauCeti.DavisKahan1970.Section8.theorem8_1_upperSymmetricGaugeRepulsion_angle_rev_source,TauCeti.FiniteSymmetricGauge.toFun
TauCeti.DavisKahan1970.Section8.theorem8_1_upperSymmetricGaugeRepulsion_angle_rev_source,TauCeti.principalCosines
TauCeti.DavisKahan1970.Section8.theorem8_2_branch_source_directed,ContinuousLinearMap.Reduces
TauCeti.DavisKahan1970.Section8.theorem8_2_branch_source_directed,TauCeti.DavisKahan.Foundation.SpectrumIn
TauCeti.DavisKahan1970.Section8.theorem8_2_branch_source_directed,TauCeti.DavisKahan.Frontier.Section8.gapExterior
TauCeti.DavisKahan1970.Section8.theorem8_2_branch_source_directed,TauCeti.DavisKahan.IsSelfAdjointOperator
TauCeti.DavisKahan1970.Section8.theorem8_2_branch_source_directed,TauCeti.DavisKahan.directedGap
TauCeti.DavisKahan1970.Section8.theorem8_2_branch_source_directed,TauCeti.DavisKahan.residual
TauCeti.DavisKahan1970.Section8.theorem8_2_branch_source_directed,TauCeti.DavisKahanExt.compressOperator
TauCeti.DavisKahan1970.Section8.theorem8_2_branch_source_directed_real,ContinuousLinearMap.Reduces
TauCeti.DavisKahan1970.Section8.theorem8_2_branch_source_directed_real,TauCeti.DavisKahan.Foundation.SpectrumIn
TauCeti.DavisKahan1970.Section8.theorem8_2_branch_source_directed_real,TauCeti.DavisKahan.Frontier.Section8.gapExterior
TauCeti.DavisKahan1970.Section8.theorem8_2_branch_source_directed_real,TauCeti.DavisKahan.IsSelfAdjointOperator
TauCeti.DavisKahan1970.Section8.theorem8_2_branch_source_directed_real,TauCeti.DavisKahan.directedGap
TauCeti.DavisKahan1970.Section8.theorem8_2_branch_source_directed_real,TauCeti.DavisKahan.residual
TauCeti.DavisKahan1970.Section8.theorem8_2_branch_source_directed_real,TauCeti.DavisKahanExt.compressOperator
TauCeti.DavisKahan1970.Section8.theorem8_2_branch_source_maximalAngle_lt_of_crossedDefects,ContinuousLinearMap.Reduces
TauCeti.DavisKahan1970.Section8.theorem8_2_branch_source_maximalAngle_lt_of_crossedDefects,TauCeti.DavisKahan.Foundation.SpectrumIn
TauCeti.DavisKahan1970.Section8.theorem8_2_branch_source_maximalAngle_lt_of_crossedDefects,TauCeti.DavisKahan.Frontier.CrossedDefectsEquivalent
TauCeti.DavisKahan1970.Section8.theorem8_2_branch_source_maximalAngle_lt_of_crossedDefects,TauCeti.DavisKahan.Frontier.Section8.gapExterior
TauCeti.DavisKahan1970.Section8.theorem8_2_branch_source_maximalAngle_lt_of_crossedDefects,TauCeti.DavisKahan.IsSelfAdjointOperator
TauCeti.DavisKahan1970.Section8.theorem8_2_branch_source_maximalAngle_lt_of_crossedDefects,TauCeti.DavisKahan.residual
TauCeti.DavisKahan1970.Section8.theorem8_2_branch_source_maximalAngle_lt_of_crossedDefects,TauCeti.DavisKahanExt.compressOperator
TauCeti.DavisKahan1970.Section8.theorem8_2_branch_source_maximalAngle_lt_of_crossedDefects,TauCeti.DavisKahanExt.maximalAngle
TauCeti.DavisKahan1970.Section8.theorem8_2_branch_source_real_maximalAngle_lt_of_crossedDefects,ContinuousLinearMap.Reduces
TauCeti.DavisKahan1970.Section8.theorem8_2_branch_source_real_maximalAngle_lt_of_crossedDefects,TauCeti.DavisKahan.Foundation.SpectrumIn
TauCeti.DavisKahan1970.Section8.theorem8_2_branch_source_real_maximalAngle_lt_of_crossedDefects,TauCeti.DavisKahan.Frontier.CrossedDefectsEquivalent
TauCeti.DavisKahan1970.Section8.theorem8_2_branch_source_real_maximalAngle_lt_of_crossedDefects,TauCeti.DavisKahan.Frontier.Section8.gapExterior
TauCeti.DavisKahan1970.Section8.theorem8_2_branch_source_real_maximalAngle_lt_of_crossedDefects,TauCeti.DavisKahan.IsSelfAdjointOperator
TauCeti.DavisKahan1970.Section8.theorem8_2_branch_source_real_maximalAngle_lt_of_crossedDefects,TauCeti.DavisKahan.residual
TauCeti.DavisKahan1970.Section8.theorem8_2_branch_source_real_maximalAngle_lt_of_crossedDefects,TauCeti.DavisKahanExt.compressOperator
TauCeti.DavisKahan1970.Section8.theorem8_2_branch_source_real_maximalAngle_lt_of_crossedDefects,TauCeti.DavisKahanExt.maximalAngle
TauCeti.DavisKahan1970.Section8.theorem8_2_sinTwoTheta_perturbation_source_paperUINorm,ContinuousLinearMap.Reduces
TauCeti.DavisKahan1970.Section8.theorem8_2_sinTwoTheta_perturbation_source_paperUINorm,TauCeti.DavisKahan.ExactSinTheta.PaperUnitaryInvariantNorm
TauCeti.DavisKahan1970.Section8.theorem8_2_sinTwoTheta_perturbation_source_paperUINorm,TauCeti.DavisKahan.ExactSinTheta.PaperUnitaryInvariantNorm.Mem
TauCeti.DavisKahan1970.Section8.theorem8_2_sinTwoTheta_perturbation_source_paperUINorm,TauCeti.DavisKahan.ExactSinTheta.PaperUnitaryInvariantNorm.gauge
TauCeti.DavisKahan1970.Section8.theorem8_2_sinTwoTheta_perturbation_source_paperUINorm,TauCeti.DavisKahan.Foundation.SpectrumIn
TauCeti.DavisKahan1970.Section8.theorem8_2_sinTwoTheta_perturbation_source_paperUINorm,TauCeti.DavisKahan.Frontier.Section8.gapExterior
TauCeti.DavisKahan1970.Section8.theorem8_2_sinTwoTheta_perturbation_source_paperUINorm,TauCeti.DavisKahan.IsSelfAdjointOperator
TauCeti.DavisKahan1970.Section8.theorem8_2_sinTwoTheta_perturbation_source_paperUINorm,TauCeti.DavisKahanExt.paperSinTwoAngleOperatorC
TauCeti.DavisKahan1970.Section8.theorem8_2_sinTwoTheta_perturbation_source_real_paperUINorm,ContinuousLinearMap.Reduces
TauCeti.DavisKahan1970.Section8.theorem8_2_sinTwoTheta_perturbation_source_real_paperUINorm,TauCeti.DavisKahan.ExactSinTheta.PaperUnitaryInvariantNorm
TauCeti.DavisKahan1970.Section8.theorem8_2_sinTwoTheta_perturbation_source_real_paperUINorm,TauCeti.DavisKahan.ExactSinTheta.PaperUnitaryInvariantNorm.Mem
TauCeti.DavisKahan1970.Section8.theorem8_2_sinTwoTheta_perturbation_source_real_paperUINorm,TauCeti.DavisKahan.ExactSinTheta.PaperUnitaryInvariantNorm.gauge
TauCeti.DavisKahan1970.Section8.theorem8_2_sinTwoTheta_perturbation_source_real_paperUINorm,TauCeti.DavisKahan.Foundation.SpectrumIn
TauCeti.DavisKahan1970.Section8.theorem8_2_sinTwoTheta_perturbation_source_real_paperUINorm,TauCeti.DavisKahan.Frontier.Section8.gapExterior
TauCeti.DavisKahan1970.Section8.theorem8_2_sinTwoTheta_perturbation_source_real_paperUINorm,TauCeti.DavisKahan.IsSelfAdjointOperator
TauCeti.DavisKahan1970.Section8.theorem8_2_sinTwoTheta_perturbation_source_real_paperUINorm,TauCeti.DavisKahanExt.paperSinTwoAngleOperatorR
TauCeti.DavisKahan1970.Section8.theorem8_2_sinTwoTheta_residual_source_paperUINorm,ContinuousLinearMap.Reduces
TauCeti.DavisKahan1970.Section8.theorem8_2_sinTwoTheta_residual_source_paperUINorm,TauCeti.DavisKahan.ExactSinTheta.PaperUnitaryInvariantNorm
TauCeti.DavisKahan1970.Section8.theorem8_2_sinTwoTheta_residual_source_paperUINorm,TauCeti.DavisKahan.ExactSinTheta.PaperUnitaryInvariantNorm.Mem
TauCeti.DavisKahan1970.Section8.theorem8_2_sinTwoTheta_residual_source_paperUINorm,TauCeti.DavisKahan.ExactSinTheta.PaperUnitaryInvariantNorm.gauge
TauCeti.DavisKahan1970.Section8.theorem8_2_sinTwoTheta_residual_source_paperUINorm,TauCeti.DavisKahan.Foundation.SpectrumIn
TauCeti.DavisKahan1970.Section8.theorem8_2_sinTwoTheta_residual_source_paperUINorm,TauCeti.DavisKahan.Frontier.Section8.gapExterior
TauCeti.DavisKahan1970.Section8.theorem8_2_sinTwoTheta_residual_source_paperUINorm,TauCeti.DavisKahan.Frontier.Section8.instCompleteSpaceCoeOfHasOrthogonalProjectionSection8Source
TauCeti.DavisKahan1970.Section8.theorem8_2_sinTwoTheta_residual_source_paperUINorm,TauCeti.DavisKahan.IsSelfAdjointOperator
TauCeti.DavisKahan1970.Section8.theorem8_2_sinTwoTheta_residual_source_paperUINorm,TauCeti.DavisKahan.residual
TauCeti.DavisKahan1970.Section8.theorem8_2_sinTwoTheta_residual_source_paperUINorm,TauCeti.DavisKahan.sinTwoThetaIdealBlock
TauCeti.DavisKahan1970.Section8.theorem8_2_sinTwoTheta_residual_source_paperUINorm,TauCeti.DavisKahanExt.compressOperator
TauCeti.DavisKahan1970.Theorem5_2,TauCeti.DavisKahan.ExactSinTheta.HasClosedSylvesterEquation
TauCeti.DavisKahan1970.Theorem5_2,TauCeti.DavisKahan.ExactSinTheta.KyFanDominantIdealFamily
TauCeti.DavisKahan1970.Theorem5_2,TauCeti.DavisKahan.ExactSinTheta.KyFanDominantIdealFamily.Mem
TauCeti.DavisKahan1970.Theorem5_2,TauCeti.DavisKahan.ExactSinTheta.KyFanDominantIdealFamily.gauge
TauCeti.DavisKahan1970.Theorem5_2,TauCeti.DavisKahan.ExactSinTheta.SemiboundedAbove
TauCeti.DavisKahan1970.Theorem5_2,TauCeti.DavisKahan.ExactSinTheta.SemiboundedBelow
TauCeti.DavisKahan1970.Theorem5_2,TauCeti.DavisKahanExt.ClosedOperator
TauCeti.DavisKahan1970.Theorem5_2,TauCeti.DavisKahanExt.ClosedOperator.IsSelfAdjoint
TauCeti.DavisKahan1970.Theorem6_1,TauCeti.DavisKahan.ExactSinTheta.PaperSinThetaRepresentativeAcross
TauCeti.DavisKahan1970.Theorem6_1,TauCeti.DavisKahan.ExactSinTheta.PaperSinThetaRepresentativeAcross.operator
TauCeti.DavisKahan1970.Theorem6_1,TauCeti.DavisKahan.ExactSinTheta.PaperTheorem61Data
TauCeti.DavisKahan1970.Theorem6_1,TauCeti.DavisKahan.ExactSinTheta.PaperTheorem61Data.canonicalSinTheta
TauCeti.DavisKahan1970.Theorem6_1,TauCeti.DavisKahan.ExactSinTheta.PaperTheorem61Data.data
TauCeti.DavisKahan1970.Theorem6_1,TauCeti.DavisKahan.ExactSinTheta.PaperTheorem61Data.frameLowerBound
TauCeti.DavisKahan1970.Theorem6_1,TauCeti.DavisKahan.ExactSinTheta.PaperTheorem61Data.gap
TauCeti.DavisKahan1970.Theorem6_1,TauCeti.DavisKahan.ExactSinTheta.PaperUnitaryInvariantNorm
TauCeti.DavisKahan1970.Theorem6_1,TauCeti.DavisKahan.ExactSinTheta.PaperUnitaryInvariantNorm.Mem
TauCeti.DavisKahan1970.Theorem6_1,TauCeti.DavisKahan.ExactSinTheta.PaperUnitaryInvariantNorm.gauge
TauCeti.DavisKahan1970.Theorem6_1,TauCeti.DavisKahan.ExactSinTheta.UnboundedSinThetaData.residual
TauCeti.DavisKahan1970.Theorem6_1_real,TauCeti.DavisKahan.ExactSinTheta.PaperRealTheorem61Data
TauCeti.DavisKahan1970.Theorem6_1_real,TauCeti.DavisKahan.ExactSinTheta.PaperRealTheorem61Data.canonicalSinTheta
TauCeti.DavisKahan1970.Theorem6_1_real,TauCeti.DavisKahan.ExactSinTheta.PaperRealTheorem61Data.data
TauCeti.DavisKahan1970.Theorem6_1_real,TauCeti.DavisKahan.ExactSinTheta.PaperRealTheorem61Data.frameLowerBound
TauCeti.DavisKahan1970.Theorem6_1_real,TauCeti.DavisKahan.ExactSinTheta.PaperRealTheorem61Data.gap
TauCeti.DavisKahan1970.Theorem6_1_real,TauCeti.DavisKahan.ExactSinTheta.PaperSinThetaRepresentativeAcross
TauCeti.DavisKahan1970.Theorem6_1_real,TauCeti.DavisKahan.ExactSinTheta.PaperSinThetaRepresentativeAcross.operator
TauCeti.DavisKahan1970.Theorem6_1_real,TauCeti.DavisKahan.ExactSinTheta.PaperUnitaryInvariantNorm
TauCeti.DavisKahan1970.Theorem6_1_real,TauCeti.DavisKahan.ExactSinTheta.PaperUnitaryInvariantNorm.Mem
TauCeti.DavisKahan1970.Theorem6_1_real,TauCeti.DavisKahan.ExactSinTheta.PaperUnitaryInvariantNorm.gauge
TauCeti.DavisKahan1970.Theorem6_1_real,TauCeti.DavisKahan.ExactSinTheta.UnboundedSinThetaData.residual
TauCeti.DavisKahan1970.Theorem6_1_real_commonCore,TauCeti.DavisKahan.ExactSinTheta.PaperCommonCoreSinThetaData.R
TauCeti.DavisKahan1970.Theorem6_1_real_commonCore,TauCeti.DavisKahan.ExactSinTheta.PaperRealCommonCoreTheorem61Data
TauCeti.DavisKahan1970.Theorem6_1_real_commonCore,TauCeti.DavisKahan.ExactSinTheta.PaperRealCommonCoreTheorem61Data.epsilon
TauCeti.DavisKahan1970.Theorem6_1_real_commonCore,TauCeti.DavisKahan.ExactSinTheta.PaperRealCommonCoreTheorem61Data.gap
TauCeti.DavisKahan1970.Theorem6_1_real_commonCore,TauCeti.DavisKahan.ExactSinTheta.PaperRealCommonCoreTheorem61Data.source
TauCeti.DavisKahan1970.Theorem6_1_real_commonCore,TauCeti.DavisKahan.ExactSinTheta.PaperRealCommonCoreTheorem61Data.toPaperRealTheorem61Data
TauCeti.DavisKahan1970.Theorem6_1_real_commonCore,TauCeti.DavisKahan.ExactSinTheta.PaperRealTheorem61Data.canonicalSinTheta
TauCeti.DavisKahan1970.Theorem6_1_real_commonCore,TauCeti.DavisKahan.ExactSinTheta.PaperSinThetaRepresentativeAcross
TauCeti.DavisKahan1970.Theorem6_1_real_commonCore,TauCeti.DavisKahan.ExactSinTheta.PaperSinThetaRepresentativeAcross.operator
TauCeti.DavisKahan1970.Theorem6_1_real_commonCore,TauCeti.DavisKahan.ExactSinTheta.PaperUnitaryInvariantNorm
TauCeti.DavisKahan1970.Theorem6_1_real_commonCore,TauCeti.DavisKahan.ExactSinTheta.PaperUnitaryInvariantNorm.Mem
TauCeti.DavisKahan1970.Theorem6_1_real_commonCore,TauCeti.DavisKahan.ExactSinTheta.PaperUnitaryInvariantNorm.gauge
TauCeti.DavisKahan1970.Theorem6_1_real_commonDomain,TauCeti.DavisKahan.ExactSinTheta.PaperCommonDomainSinThetaData.R
TauCeti.DavisKahan1970.Theorem6_1_real_commonDomain,TauCeti.DavisKahan.ExactSinTheta.PaperRealCommonDomainTheorem61Data
TauCeti.DavisKahan1970.Theorem6_1_real_commonDomain,TauCeti.DavisKahan.ExactSinTheta.PaperRealCommonDomainTheorem61Data.epsilon
TauCeti.DavisKahan1970.Theorem6_1_real_commonDomain,TauCeti.DavisKahan.ExactSinTheta.PaperRealCommonDomainTheorem61Data.gap
TauCeti.DavisKahan1970.Theorem6_1_real_commonDomain,TauCeti.DavisKahan.ExactSinTheta.PaperRealCommonDomainTheorem61Data.source
TauCeti.DavisKahan1970.Theorem6_1_real_commonDomain,TauCeti.DavisKahan.ExactSinTheta.PaperRealCommonDomainTheorem61Data.toPaperTheorem61Data
TauCeti.DavisKahan1970.Theorem6_1_real_commonDomain,TauCeti.DavisKahan.ExactSinTheta.PaperRealTheorem61Data.canonicalSinTheta
TauCeti.DavisKahan1970.Theorem6_1_real_commonDomain,TauCeti.DavisKahan.ExactSinTheta.PaperSinThetaRepresentativeAcross
TauCeti.DavisKahan1970.Theorem6_1_real_commonDomain,TauCeti.DavisKahan.ExactSinTheta.PaperSinThetaRepresentativeAcross.operator
TauCeti.DavisKahan1970.Theorem6_1_real_commonDomain,TauCeti.DavisKahan.ExactSinTheta.PaperUnitaryInvariantNorm
TauCeti.DavisKahan1970.Theorem6_1_real_commonDomain,TauCeti.DavisKahan.ExactSinTheta.PaperUnitaryInvariantNorm.Mem
TauCeti.DavisKahan1970.Theorem6_1_real_commonDomain,TauCeti.DavisKahan.ExactSinTheta.PaperUnitaryInvariantNorm.gauge
TauCeti.DavisKahan1970.Theorem6_2,TauCeti.DavisKahan.ExactSinTheta.IsPaperHilbertSchmidt
TauCeti.DavisKahan1970.Theorem6_2,TauCeti.DavisKahan.ExactSinTheta.PaperSinThetaRepresentativeAcross
TauCeti.DavisKahan1970.Theorem6_2,TauCeti.DavisKahan.ExactSinTheta.PaperSinThetaRepresentativeAcross.operator
TauCeti.DavisKahan1970.Theorem6_2,TauCeti.DavisKahan.ExactSinTheta.PaperTheorem62Data
TauCeti.DavisKahan1970.Theorem6_2,TauCeti.DavisKahan.ExactSinTheta.PaperTheorem62Data.canonicalSinTheta
TauCeti.DavisKahan1970.Theorem6_2,TauCeti.DavisKahan.ExactSinTheta.PaperTheorem62Data.data
TauCeti.DavisKahan1970.Theorem6_2,TauCeti.DavisKahan.ExactSinTheta.PaperTheorem62Data.frameLowerBound
TauCeti.DavisKahan1970.Theorem6_2,TauCeti.DavisKahan.ExactSinTheta.PaperTheorem62Data.gap
TauCeti.DavisKahan1970.Theorem6_2,TauCeti.DavisKahan.ExactSinTheta.UnboundedSinThetaData.residual
TauCeti.DavisKahan1970.Theorem6_2,TauCeti.DavisKahan.ExactSinTheta.paperHilbertSchmidtNorm
TauCeti.DavisKahan1970.Theorem6_2_real,TauCeti.DavisKahan.ExactSinTheta.IsPaperHilbertSchmidt
TauCeti.DavisKahan1970.Theorem6_2_real,TauCeti.DavisKahan.ExactSinTheta.PaperRealTheorem62Data
TauCeti.DavisKahan1970.Theorem6_2_real,TauCeti.DavisKahan.ExactSinTheta.PaperRealTheorem62Data.canonicalSinTheta
TauCeti.DavisKahan1970.Theorem6_2_real,TauCeti.DavisKahan.ExactSinTheta.PaperRealTheorem62Data.data
TauCeti.DavisKahan1970.Theorem6_2_real,TauCeti.DavisKahan.ExactSinTheta.PaperRealTheorem62Data.frameLowerBound
TauCeti.DavisKahan1970.Theorem6_2_real,TauCeti.DavisKahan.ExactSinTheta.PaperRealTheorem62Data.gap
TauCeti.DavisKahan1970.Theorem6_2_real,TauCeti.DavisKahan.ExactSinTheta.PaperSinThetaRepresentativeAcross
TauCeti.DavisKahan1970.Theorem6_2_real,TauCeti.DavisKahan.ExactSinTheta.PaperSinThetaRepresentativeAcross.operator
TauCeti.DavisKahan1970.Theorem6_2_real,TauCeti.DavisKahan.ExactSinTheta.UnboundedSinThetaData.residual
TauCeti.DavisKahan1970.Theorem6_2_real,TauCeti.DavisKahan.ExactSinTheta.paperHilbertSchmidtNorm
TauCeti.DavisKahan1970.UnitaryInvariantNorm,TauCeti.DavisKahan.ExactSinTheta.PaperUnitaryInvariantNorm
TauCeti.DavisKahan1970.acute_directRotation,TauCeti.DavisKahan.spectraCanonicalPolarFactor
TauCeti.DavisKahan1970.banach_sylvester_lower_bound_exact,TauCeti.DavisKahan.Frontier.RemainingSourceSurface.CompatibleCrossOperatorNorm
TauCeti.DavisKahan1970.banach_sylvester_lower_bound_exact,TauCeti.DavisKahan.Frontier.RemainingSourceSurface.CompatibleCrossOperatorNorm.toFun
TauCeti.DavisKahan1970.complex_directRotation_reversal,TauCeti.DavisKahan.IsUniformlyAcute
TauCeti.DavisKahan1970.complex_directRotation_reversal,TauCeti.DavisKahan.IsUniformlyAcute.symm
TauCeti.DavisKahan1970.complex_directRotation_reversal,TauCeti.DavisKahan.spectraDirectRotation
TauCeti.DavisKahan1970.corollary3_2_nonacute_directRotation_resolution,TauCeti.DavisKahan.Proposition35.section3CosAngleOperator
TauCeti.DavisKahan1970.corollary3_2_nonacute_directRotation_resolution,TauCeti.DavisKahan.Proposition35.section3SinAngleOperator
TauCeti.DavisKahan1970.corollary3_2_nonacute_directRotation_resolution,TauCeti.DavisKahan.halmosSourceDefect
TauCeti.DavisKahan1970.corollary3_2_nonacute_directRotation_resolution,TauCeti.DavisKahan.halmosTargetDefect
TauCeti.DavisKahan1970.corollary3_2_nonacute_directRotation_resolution,TauCeti.DavisKahan.nonacuteDirectRotation
TauCeti.DavisKahan1970.corollary3_2_nonacute_directRotation_resolution,TauCeti.DavisKahan1970.corollary3_2_paperQuarterTurn
TauCeti.DavisKahan1970.corollary3_2_paperQuarterTurn,TauCeti.DavisKahan.Proposition35.section3NonacuteQuarterTurn
TauCeti.DavisKahan1970.corollary3_2_paperQuarterTurn,TauCeti.DavisKahan.halmosSourceDefect
TauCeti.DavisKahan1970.corollary3_2_paperQuarterTurn,TauCeti.DavisKahan.halmosTargetDefect
TauCeti.DavisKahan1970.corollary3_2_paperQuarterTurn_symm,TauCeti.DavisKahan.halmosSourceDefect
TauCeti.DavisKahan1970.corollary3_2_paperQuarterTurn_symm,TauCeti.DavisKahan.halmosTargetDefect
TauCeti.DavisKahan1970.corollary3_2_paperQuarterTurn_symm,TauCeti.DavisKahan.swapCrossedDefectEquiv
TauCeti.DavisKahan1970.corollary3_2_paperQuarterTurn_symm,TauCeti.DavisKahan1970.corollary3_2_paperQuarterTurn
TauCeti.DavisKahan1970.corollary3_2_source,TauCeti.DavisKahan.halmosSourceDefect
TauCeti.DavisKahan1970.corollary3_2_source,TauCeti.DavisKahan.halmosTargetDefect
TauCeti.DavisKahan1970.corollary3_2_source,TauCeti.DavisKahan.nonacuteDirectRotation
TauCeti.DavisKahan1970.corollary3_2_source,TauCeti.DavisKahan.swapCrossedDefectEquiv
TauCeti.DavisKahan1970.corollary3_2_source,TauCeti.DavisKahan1970.corollary3_2_paperQuarterTurn
TauCeti.DavisKahan1970.corollary3_2_source,TauCeti.DavisKahan1970.proposition3_5_angleOperator
TauCeti.DavisKahan1970.generalizedSinTheta,TauCeti.DavisKahan.ExactSinTheta.FormBoundedGeneralSinThetaProblem
TauCeti.DavisKahan1970.generalizedSinTheta,TauCeti.DavisKahan.ExactSinTheta.FormBoundedGeneralSinThetaProblem.data
TauCeti.DavisKahan1970.generalizedSinTheta,TauCeti.DavisKahan.ExactSinTheta.FormBoundedGeneralSinThetaProblem.exactMap
TauCeti.DavisKahan1970.generalizedSinTheta,TauCeti.DavisKahan.ExactSinTheta.FormBoundedGeneralSinThetaProblem.frameLowerBound
TauCeti.DavisKahan1970.generalizedSinTheta,TauCeti.DavisKahan.ExactSinTheta.FormBoundedGeneralSinThetaProblem.frameLowerBound_pos
TauCeti.DavisKahan1970.generalizedSinTheta,TauCeti.DavisKahan.ExactSinTheta.FormBoundedGeneralSinThetaProblem.gap
TauCeti.DavisKahan1970.generalizedSinTheta,TauCeti.DavisKahan.ExactSinTheta.FormBoundedGeneralSinThetaProblem.lowerFrame
TauCeti.DavisKahan1970.generalizedSinTheta,TauCeti.DavisKahan.ExactSinTheta.KyFanDominantIdealFamily
TauCeti.DavisKahan1970.generalizedSinTheta,TauCeti.DavisKahan.ExactSinTheta.KyFanDominantIdealFamily.Mem
TauCeti.DavisKahan1970.generalizedSinTheta,TauCeti.DavisKahan.ExactSinTheta.KyFanDominantIdealFamily.gauge
TauCeti.DavisKahan1970.generalizedSinTheta,TauCeti.DavisKahan.ExactSinTheta.UnboundedSinThetaData.X
TauCeti.DavisKahan1970.generalizedSinTheta,TauCeti.DavisKahan.ExactSinTheta.UnboundedSinThetaData.residual
TauCeti.DavisKahan1970.generalizedSinTheta,TauCeti.DavisKahan.ExactSinTheta.directedSinThetaOperator
TauCeti.DavisKahan1970.generalizedSinTheta_real_exactPaper,TauCeti.DavisKahan.ExactSinTheta.PaperRealTheorem61Data
TauCeti.DavisKahan1970.generalizedSinTheta_real_exactPaper,TauCeti.DavisKahan.ExactSinTheta.PaperRealTheorem61Data.canonicalSinTheta
TauCeti.DavisKahan1970.generalizedSinTheta_real_exactPaper,TauCeti.DavisKahan.ExactSinTheta.PaperRealTheorem61Data.data
TauCeti.DavisKahan1970.generalizedSinTheta_real_exactPaper,TauCeti.DavisKahan.ExactSinTheta.PaperRealTheorem61Data.frameLowerBound
TauCeti.DavisKahan1970.generalizedSinTheta_real_exactPaper,TauCeti.DavisKahan.ExactSinTheta.PaperRealTheorem61Data.gap
TauCeti.DavisKahan1970.generalizedSinTheta_real_exactPaper,TauCeti.DavisKahan.ExactSinTheta.PaperSinThetaRepresentativeAcross
TauCeti.DavisKahan1970.generalizedSinTheta_real_exactPaper,TauCeti.DavisKahan.ExactSinTheta.PaperSinThetaRepresentativeAcross.operator
TauCeti.DavisKahan1970.generalizedSinTheta_real_exactPaper,TauCeti.DavisKahan.ExactSinTheta.PaperUnitaryInvariantNorm
TauCeti.DavisKahan1970.generalizedSinTheta_real_exactPaper,TauCeti.DavisKahan.ExactSinTheta.PaperUnitaryInvariantNorm.Mem
TauCeti.DavisKahan1970.generalizedSinTheta_real_exactPaper,TauCeti.DavisKahan.ExactSinTheta.PaperUnitaryInvariantNorm.gauge
TauCeti.DavisKahan1970.generalizedSinTheta_real_exactPaper,TauCeti.DavisKahan.ExactSinTheta.UnboundedSinThetaData.residual
TauCeti.DavisKahan1970.lemma6_1,ContinuousLinearMap.HasMinMaxLowerBoundEverywhere
TauCeti.DavisKahan1970.lemma6_1,TauCeti.ApproximationNumber.kyFanApproximationGauge
TauCeti.DavisKahan1970.lemma6_1,TauCeti.DavisKahan.ExactSinTheta.PaperUnitaryInvariantNorm
TauCeti.DavisKahan1970.lemma6_1,TauCeti.DavisKahan.ExactSinTheta.PaperUnitaryInvariantNorm.extendedGauge
TauCeti.DavisKahan1970.lemma6_1,TauCeti.DavisKahan.ExactSinTheta.paperProjectionBlock
TauCeti.DavisKahan1970.lemma6_1_converse,ContinuousLinearMap.HasMinMaxLowerBoundEverywhere
TauCeti.DavisKahan1970.lemma6_1_converse,TauCeti.ApproximationNumber.kyFanApproximationGauge
TauCeti.DavisKahan1970.lemma6_1_converse,TauCeti.DavisKahan.ExactSinTheta.SameApproximationSingularValues
TauCeti.DavisKahan1970.lemma6_1_converse,TauCeti.DavisKahan.ExactSinTheta.paperProjectionBlock
TauCeti.DavisKahan1970.lemma6_2,ContinuousLinearMap.HasMinMaxLowerBoundEverywhere
TauCeti.DavisKahan1970.lemma6_2,TauCeti.DavisKahan.ExactSinTheta.PaperUnitaryInvariantNorm
TauCeti.DavisKahan1970.lemma6_2,TauCeti.DavisKahan.ExactSinTheta.PaperUnitaryInvariantNorm.Mem
TauCeti.DavisKahan1970.lemma6_2,TauCeti.DavisKahan.ExactSinTheta.PaperUnitaryInvariantNorm.gauge
TauCeti.DavisKahan1970.lemma6_2,TauCeti.DavisKahan.ExactSinTheta.paperDiagonalPair
TauCeti.DavisKahan1970.paperDoubleSecant,TauCeti.DavisKahan1970.paperProjectorDifference
TauCeti.DavisKahan1970.paperTanTwoDirectedCornerR,TauCeti.DavisKahan.ExactSinTheta.paperProjectionBlock
TauCeti.DavisKahan1970.paperTanTwoDirectedCornerR,TauCeti.DavisKahan.Foundation.RealComplexification.complexifySubmodule
TauCeti.DavisKahan1970.paperTanTwoDirectedCornerR,TauCeti.DavisKahan.Foundation.RealComplexification.instHasOrthogonalProjectionComplexifySubmodule
TauCeti.DavisKahan1970.paperTanTwoDirectedCornerR,TauCeti.DavisKahan1970.paperDoubleSecant
TauCeti.DavisKahan1970.paperTanTwoDirectedCornerR,TauCeti.DavisKahan1970.paperProjectorDifference
TauCeti.DavisKahan1970.paperTanTwoDirectedCornerR,TauCeti.RealComplexification
TauCeti.DavisKahan1970.paperTanTwoDirectedCornerR,TauCeti.RealComplexification.instAddCommGroup
TauCeti.DavisKahan1970.paperTanTwoDirectedCornerR,TauCeti.RealComplexification.instInnerProductSpaceComplex
TauCeti.DavisKahan1970.paperTanTwoDirectedCornerR,TauCeti.RealComplexification.instModuleComplex
TauCeti.DavisKahan1970.paperTanTwoDirectedCornerR,TauCeti.RealComplexification.instNormedAddCommGroup
TauCeti.DavisKahan1970.proposition3_1_source,TauCeti.DavisKahan1970.acute_directRotation
TauCeti.DavisKahan1970.proposition3_1_source,TauCeti.IsAcute
TauCeti.DavisKahan1970.proposition3_3_complex_converse_source,TauCeti.DavisKahan.Frontier.Section3.IsPrincipalUnitarySquareRoot
TauCeti.DavisKahan1970.proposition3_3_complex_converse_source,TauCeti.DavisKahan.halmosSourceDefect
TauCeti.DavisKahan1970.proposition3_3_complex_converse_source,TauCeti.DavisKahan.halmosTargetDefect
TauCeti.DavisKahan1970.proposition3_3_complex_converse_source,TauCeti.DavisKahan.spectraReflectionProduct
TauCeti.DavisKahan1970.proposition3_3_complex_forward_source,TauCeti.DavisKahan.Frontier.Section3.IsPrincipalUnitarySquareRoot
TauCeti.DavisKahan1970.proposition3_3_complex_forward_source,TauCeti.DavisKahan.spectraReflectionProduct
TauCeti.DavisKahan1970.proposition3_3_real_converse_source,TauCeti.DavisKahan.halmosSourceDefect
TauCeti.DavisKahan1970.proposition3_3_real_converse_source,TauCeti.DavisKahan.halmosTargetDefect
TauCeti.DavisKahan1970.proposition3_3_real_converse_source,TauCeti.DavisKahan1970.IsRealPrincipalUnitarySquareRoot
TauCeti.DavisKahan1970.proposition3_3_real_forward_source,TauCeti.DavisKahan1970.IsRealPrincipalUnitarySquareRoot
TauCeti.DavisKahan1970.proposition3_4_source_full_complex,TauCeti.DavisKahanExt.reflectedSubspace
TauCeti.DavisKahan1970.proposition3_4_source_full_complex,TauCeti.DavisKahanExt.reflectedSubspace_hasOrthogonalProjection
TauCeti.DavisKahan1970.proposition3_4_source_full_real,TauCeti.DavisKahanExt.reflectedSubspace
TauCeti.DavisKahan1970.proposition3_4_source_full_real,TauCeti.DavisKahanExt.reflectedSubspace_hasOrthogonalProjection
TauCeti.DavisKahan1970.proposition3_5_angleEigenspace,TauCeti.DavisKahan.Proposition35.section3AngleEigenspace
TauCeti.DavisKahan1970.proposition3_5_angleEigenspace_eq_fixedCosineSubspace,TauCeti.DavisKahan.Frontier.Section3.fixedCosineSubspace
TauCeti.DavisKahan1970.proposition3_5_angleEigenspace_eq_fixedCosineSubspace,TauCeti.DavisKahan1970.proposition3_5_angleEigenspace
TauCeti.DavisKahan1970.proposition3_5_angleEigenspace_eq_fixedCosineSubspace,TauCeti.DavisKahan1970.proposition3_5_angleOperator
TauCeti.DavisKahan1970.proposition3_5_angleEigenspace_eq_fixedCosineSubspace,TauCeti.IsAcute
TauCeti.DavisKahan1970.proposition3_5_angleEigenspace_uniqueMaximal,TauCeti.DavisKahan.Frontier.Section3.IsPrintedFixedCosineReducingSubspace
TauCeti.DavisKahan1970.proposition3_5_angleEigenspace_uniqueMaximal,TauCeti.DavisKahan1970.proposition3_5_angleEigenspace
TauCeti.DavisKahan1970.proposition3_5_angleEigenspace_uniqueMaximal,TauCeti.DavisKahan1970.proposition3_5_angleOperator
TauCeti.DavisKahan1970.proposition3_5_angleEigenspace_uniqueMaximal,TauCeti.IsAcute
TauCeti.DavisKahan1970.proposition3_5_angleOperator,TauCeti.DavisKahan.Proposition35.section3AngleOperator
TauCeti.DavisKahan1970.proposition3_5_commutations,TauCeti.DavisKahan.halmosSourceDefect
TauCeti.DavisKahan1970.proposition3_5_commutations,TauCeti.DavisKahan.halmosTargetDefect
TauCeti.DavisKahan1970.proposition3_5_commutations,TauCeti.DavisKahan.nonacuteDirectRotation
TauCeti.DavisKahan1970.proposition3_5_commutations,TauCeti.DavisKahan.projection
TauCeti.DavisKahan1970.proposition3_5_commutations,TauCeti.DavisKahan1970.corollary3_2_paperQuarterTurn
TauCeti.DavisKahan1970.proposition3_5_commutations,TauCeti.DavisKahan1970.proposition3_5_angleOperator
TauCeti.DavisKahan1970.proposition3_5_commutations_acute,TauCeti.DavisKahan.projection
TauCeti.DavisKahan1970.proposition3_5_commutations_acute,TauCeti.DavisKahan1970.proposition3_5_angleOperator
TauCeti.DavisKahan1970.proposition3_5_commutations_acute,TauCeti.DavisKahan1970.proposition3_5_directRotation
TauCeti.DavisKahan1970.proposition3_5_commutations_acute,TauCeti.DavisKahan1970.proposition3_5_quarterTurn
TauCeti.DavisKahan1970.proposition3_5_commutations_acute,TauCeti.IsAcute
TauCeti.DavisKahan1970.proposition3_5_directRotation,TauCeti.DavisKahan.Proposition35.section3DirectRotation
TauCeti.DavisKahan1970.proposition3_5_eigenvector_angle,TauCeti.DavisKahan.halmosSourceDefect
TauCeti.DavisKahan1970.proposition3_5_eigenvector_angle,TauCeti.DavisKahan.halmosTargetDefect
TauCeti.DavisKahan1970.proposition3_5_eigenvector_angle,TauCeti.DavisKahan.nonacuteDirectRotation
TauCeti.DavisKahan1970.proposition3_5_eigenvector_angle,TauCeti.DavisKahan1970.proposition3_5_angleOperator
TauCeti.DavisKahan1970.proposition3_5_eigenvector_angle,TauCeti.vectorAngle
TauCeti.DavisKahan1970.proposition3_5_eigenvector_angle_acute,TauCeti.DavisKahan1970.proposition3_5_angleOperator
TauCeti.DavisKahan1970.proposition3_5_eigenvector_angle_acute,TauCeti.DavisKahan1970.proposition3_5_directRotation
TauCeti.DavisKahan1970.proposition3_5_eigenvector_angle_acute,TauCeti.IsAcute
TauCeti.DavisKahan1970.proposition3_5_eigenvector_angle_acute,TauCeti.vectorAngle
TauCeti.DavisKahan1970.proposition3_5_quarterTurn,TauCeti.DavisKahan.Proposition35.section3QuarterTurn
TauCeti.DavisKahan1970.real_directRotation_reversal,TauCeti.DavisKahan.IsUniformlyAcute
TauCeti.DavisKahan1970.real_directRotation_reversal,TauCeti.DavisKahan.IsUniformlyAcuteReal.symm
TauCeti.DavisKahan1970.real_directRotation_reversal,TauCeti.DavisKahan.directRotationR
TauCeti.DavisKahan1970.reflectionResidualCorner,TauCeti.DavisKahan.ExactSinTheta.paperBlockCompression
TauCeti.DavisKahan1970.reflectionTangentCorner,TauCeti.DavisKahan.ExactSinTheta.paperBlockCompression
TauCeti.DavisKahan1970.reflectionTangentCorner,TauCeti.DavisKahan1970.unboundedReflectionTangent
TauCeti.DavisKahan1970.sinTheta,TauCeti.DavisKahan.ExactSinTheta.FormBoundedIsometricSinThetaProblem
TauCeti.DavisKahan1970.sinTheta,TauCeti.DavisKahan.ExactSinTheta.FormBoundedIsometricSinThetaProblem.data
TauCeti.DavisKahan1970.sinTheta,TauCeti.DavisKahan.ExactSinTheta.FormBoundedIsometricSinThetaProblem.exactMap
TauCeti.DavisKahan1970.sinTheta,TauCeti.DavisKahan.ExactSinTheta.FormBoundedIsometricSinThetaProblem.gap
TauCeti.DavisKahan1970.sinTheta,TauCeti.DavisKahan.ExactSinTheta.KyFanDominantIdealFamily
TauCeti.DavisKahan1970.sinTheta,TauCeti.DavisKahan.ExactSinTheta.KyFanDominantIdealFamily.Mem
TauCeti.DavisKahan1970.sinTheta,TauCeti.DavisKahan.ExactSinTheta.KyFanDominantIdealFamily.gauge
TauCeti.DavisKahan1970.sinTheta,TauCeti.DavisKahan.ExactSinTheta.UnboundedSinThetaData.X
TauCeti.DavisKahan1970.sinTheta,TauCeti.DavisKahan.ExactSinTheta.UnboundedSinThetaData.residual
TauCeti.DavisKahan1970.sinTheta_headline_generic,ContinuousLinearMap.HasMinMaxLowerBoundEverywhere
TauCeti.DavisKahan1970.sinTheta_headline_generic,TauCeti.DavisKahan.ExactSinTheta.HasUnboundedSylvesterKyFan
TauCeti.DavisKahan1970.sinTheta_headline_generic,TauCeti.DavisKahan.ExactSinTheta.PaperUnitaryInvariantNorm
TauCeti.DavisKahan1970.sinTheta_headline_generic,TauCeti.DavisKahan.ExactSinTheta.PaperUnitaryInvariantNorm.Mem
TauCeti.DavisKahan1970.sinTheta_headline_generic,TauCeti.DavisKahan.ExactSinTheta.PaperUnitaryInvariantNorm.gauge
TauCeti.DavisKahan1970.sinTheta_headline_generic,TauCeti.DavisKahan.IsometricEmbedding
TauCeti.DavisKahan1970.sinTheta_headline_generic,TauCeti.DavisKahanExt.ClosedOperator
TauCeti.DavisKahan1970.sinTheta_headline_generic,TauCeti.DavisKahanExt.ClosedOperator.IsSelfAdjoint
TauCeti.DavisKahan1970.sinTheta_headline_generic,TauCeti.DavisKahanExt.ClosedOperator.domain
TauCeti.DavisKahan1970.sinTheta_headline_generic,TauCeti.DavisKahanExt.ClosedOperator.toLinearMap
TauCeti.DavisKahan1970.sinTheta_headline_generic,TauCeti.DavisKahanExt.ClosedOperator.toLinearPMap
TauCeti.DavisKahan1970.sinTheta_headline_generic,TauCeti.LinearPMap.realSpectrum
TauCeti.DavisKahan1970.sinTheta_real_exactPaper,TauCeti.DavisKahan.ExactSinTheta.PaperRealIsometricTheoremData
TauCeti.DavisKahan1970.sinTheta_real_exactPaper,TauCeti.DavisKahan.ExactSinTheta.PaperRealIsometricTheoremData.canonicalSinTheta
TauCeti.DavisKahan1970.sinTheta_real_exactPaper,TauCeti.DavisKahan.ExactSinTheta.PaperRealIsometricTheoremData.data
TauCeti.DavisKahan1970.sinTheta_real_exactPaper,TauCeti.DavisKahan.ExactSinTheta.PaperRealIsometricTheoremData.gap
TauCeti.DavisKahan1970.sinTheta_real_exactPaper,TauCeti.DavisKahan.ExactSinTheta.PaperSinThetaRepresentativeAcross
TauCeti.DavisKahan1970.sinTheta_real_exactPaper,TauCeti.DavisKahan.ExactSinTheta.PaperSinThetaRepresentativeAcross.operator
TauCeti.DavisKahan1970.sinTheta_real_exactPaper,TauCeti.DavisKahan.ExactSinTheta.PaperUnitaryInvariantNorm
TauCeti.DavisKahan1970.sinTheta_real_exactPaper,TauCeti.DavisKahan.ExactSinTheta.PaperUnitaryInvariantNorm.Mem
TauCeti.DavisKahan1970.sinTheta_real_exactPaper,TauCeti.DavisKahan.ExactSinTheta.PaperUnitaryInvariantNorm.gauge
TauCeti.DavisKahan1970.sinTheta_real_exactPaper,TauCeti.DavisKahan.ExactSinTheta.UnboundedSinThetaData.residual
TauCeti.DavisKahan1970.sinTwoTheta_headline_generic_directed,TauCeti.DavisKahan.ExactSinTheta.PaperUnitaryInvariantNorm
TauCeti.DavisKahan1970.sinTwoTheta_headline_generic_directed,TauCeti.DavisKahan.ExactSinTheta.PaperUnitaryInvariantNorm.Mem
TauCeti.DavisKahan1970.sinTwoTheta_headline_generic_directed,TauCeti.DavisKahan.ExactSinTheta.PaperUnitaryInvariantNorm.gauge
TauCeti.DavisKahan1970.sinTwoTheta_headline_generic_directed,TauCeti.DavisKahan1970.headlineCompleteF
TauCeti.DavisKahan1970.sinTwoTheta_headline_generic_directed,TauCeti.DavisKahanTheory.sinTwoThetaEmbedding
TauCeti.DavisKahan1970.sinTwoTheta_headline_generic_directed,TauCeti.IsInvariant
TauCeti.DavisKahan1970.sinTwoTheta_headline_generic_directed,TauCeti.SpectrumIn
TauCeti.DavisKahan1970.sinTwoTheta_headline_generic_directed,TauCeti.residual
TauCeti.DavisKahan1970.sinTwoTheta_unbounded_directedResidual_paperUINorm,TauCeti.DavisKahan.DKClosedOperator
TauCeti.DavisKahan1970.sinTwoTheta_unbounded_directedResidual_paperUINorm,TauCeti.DavisKahan.ExactSinTheta.PaperUnitaryInvariantNorm
TauCeti.DavisKahan1970.sinTwoTheta_unbounded_directedResidual_paperUINorm,TauCeti.DavisKahan.ExactSinTheta.PaperUnitaryInvariantNorm.Mem
TauCeti.DavisKahan1970.sinTwoTheta_unbounded_directedResidual_paperUINorm,TauCeti.DavisKahan.ExactSinTheta.PaperUnitaryInvariantNorm.gauge
TauCeti.DavisKahan1970.sinTwoTheta_unbounded_directedResidual_paperUINorm,TauCeti.DavisKahan.ExactSinTheta.SemiboundedAbove
TauCeti.DavisKahan1970.sinTwoTheta_unbounded_directedResidual_paperUINorm,TauCeti.DavisKahan.ExactSinTheta.SemiboundedBelow
TauCeti.DavisKahan1970.sinTwoTheta_unbounded_directedResidual_paperUINorm,TauCeti.DavisKahan.selfAdjointSpectralRestriction
TauCeti.DavisKahan1970.sinTwoTheta_unbounded_directedResidual_paperUINorm,TauCeti.DavisKahan.selfAdjointSpectralSubspace
TauCeti.DavisKahan1970.sinTwoTheta_unbounded_directedResidual_paperUINorm,TauCeti.DavisKahan.selfAdjointSpectralSubspace_hasOrthogonalProjection
TauCeti.DavisKahan1970.sinTwoTheta_unbounded_directedResidual_paperUINorm,TauCeti.DavisKahan.sinTwoThetaIdealBlock
TauCeti.DavisKahan1970.sinTwoTheta_unbounded_directedResidual_paperUINorm,TauCeti.DavisKahan1970.instCompleteSpaceCoeOfHasOrthogonalProjectionDirectedResidual
TauCeti.DavisKahan1970.sinTwoTheta_unbounded_directedResidual_paperUINorm,TauCeti.DavisKahanExt.ClosedOperator.IsSelfAdjoint
TauCeti.DavisKahan1970.sinTwoTheta_unbounded_directedResidual_paperUINorm,TauCeti.DavisKahanExt.ClosedOperator.domain
TauCeti.DavisKahan1970.sinTwoTheta_unbounded_directedResidual_paperUINorm,TauCeti.DavisKahanExt.ClosedOperator.toLinearMap
TauCeti.DavisKahan1970.sinTwoTheta_unbounded_directedResidual_paperUINorm,TauCeti.DavisKahanExt.ClosedOperator.toLinearPMap
TauCeti.DavisKahan1970.sinTwoTheta_unbounded_directedResidual_paperUINorm,TauCeti.LinearPMap.spectrum
TauCeti.DavisKahan1970.sinTwoTheta_unbounded_directedResidual_paperUINorm_real,TauCeti.DavisKahan.ExactSinTheta.FormBoundedSylvesterGap
TauCeti.DavisKahan1970.sinTwoTheta_unbounded_directedResidual_paperUINorm_real,TauCeti.DavisKahan.ExactSinTheta.PaperUnitaryInvariantNorm
TauCeti.DavisKahan1970.sinTwoTheta_unbounded_directedResidual_paperUINorm_real,TauCeti.DavisKahan.ExactSinTheta.PaperUnitaryInvariantNorm.Mem
TauCeti.DavisKahan1970.sinTwoTheta_unbounded_directedResidual_paperUINorm_real,TauCeti.DavisKahan.ExactSinTheta.PaperUnitaryInvariantNorm.gauge
TauCeti.DavisKahan1970.sinTwoTheta_unbounded_directedResidual_paperUINorm_real,TauCeti.DavisKahan.RealSpectralRestriction.realSelfAdjointSpectralRestriction
TauCeti.DavisKahan1970.sinTwoTheta_unbounded_directedResidual_paperUINorm_real,TauCeti.DavisKahan.RealSpectralRestriction.realSelfAdjointSpectralSubspace
TauCeti.DavisKahan1970.sinTwoTheta_unbounded_directedResidual_paperUINorm_real,TauCeti.DavisKahan.RealSpectralRestriction.realSelfAdjointSpectralSubspace_hasOrthogonalProjection
TauCeti.DavisKahan1970.sinTwoTheta_unbounded_directedResidual_paperUINorm_real,TauCeti.DavisKahan.sinTwoThetaIdealBlock
TauCeti.DavisKahan1970.sinTwoTheta_unbounded_directedResidual_paperUINorm_real,TauCeti.DavisKahan1970.instCompleteSpaceCoeOfHasOrthogonalProjectionDirectedResidualReal
TauCeti.DavisKahan1970.sinTwoTheta_unbounded_directedResidual_paperUINorm_real,TauCeti.DavisKahanExt.ClosedOperator
TauCeti.DavisKahan1970.sinTwoTheta_unbounded_directedResidual_paperUINorm_real,TauCeti.DavisKahanExt.ClosedOperator.IsSelfAdjoint
TauCeti.DavisKahan1970.sinTwoTheta_unbounded_directedResidual_paperUINorm_real,TauCeti.DavisKahanExt.ClosedOperator.domain
TauCeti.DavisKahan1970.sinTwoTheta_unbounded_directedResidual_paperUINorm_real,TauCeti.DavisKahanExt.ClosedOperator.toLinearMap
TauCeti.DavisKahan1970.sinTwoTheta_unbounded_directedResidual_paperUINorm_real_of_intervalExterior,TauCeti.DavisKahan.ExactSinTheta.PaperUnitaryInvariantNorm
TauCeti.DavisKahan1970.sinTwoTheta_unbounded_directedResidual_paperUINorm_real_of_intervalExterior,TauCeti.DavisKahan.ExactSinTheta.PaperUnitaryInvariantNorm.Mem
TauCeti.DavisKahan1970.sinTwoTheta_unbounded_directedResidual_paperUINorm_real_of_intervalExterior,TauCeti.DavisKahan.ExactSinTheta.PaperUnitaryInvariantNorm.gauge
TauCeti.DavisKahan1970.sinTwoTheta_unbounded_directedResidual_paperUINorm_real_of_intervalExterior,TauCeti.DavisKahan.ExactSinTheta.RealSpectrumIntervalExteriorGap
TauCeti.DavisKahan1970.sinTwoTheta_unbounded_directedResidual_paperUINorm_real_of_intervalExterior,TauCeti.DavisKahan.RealSpectralRestriction.realSelfAdjointSpectralRestriction
TauCeti.DavisKahan1970.sinTwoTheta_unbounded_directedResidual_paperUINorm_real_of_intervalExterior,TauCeti.DavisKahan.RealSpectralRestriction.realSelfAdjointSpectralSubspace
TauCeti.DavisKahan1970.sinTwoTheta_unbounded_directedResidual_paperUINorm_real_of_intervalExterior,TauCeti.DavisKahan.RealSpectralRestriction.realSelfAdjointSpectralSubspace_hasOrthogonalProjection
TauCeti.DavisKahan1970.sinTwoTheta_unbounded_directedResidual_paperUINorm_real_of_intervalExterior,TauCeti.DavisKahan.sinTwoThetaIdealBlock
TauCeti.DavisKahan1970.sinTwoTheta_unbounded_directedResidual_paperUINorm_real_of_intervalExterior,TauCeti.DavisKahan1970.instCompleteSpaceCoeOfHasOrthogonalProjectionDirectedResidualReal
TauCeti.DavisKahan1970.sinTwoTheta_unbounded_directedResidual_paperUINorm_real_of_intervalExterior,TauCeti.DavisKahanExt.ClosedOperator
TauCeti.DavisKahan1970.sinTwoTheta_unbounded_directedResidual_paperUINorm_real_of_intervalExterior,TauCeti.DavisKahanExt.ClosedOperator.IsSelfAdjoint
TauCeti.DavisKahan1970.sinTwoTheta_unbounded_directedResidual_paperUINorm_real_of_intervalExterior,TauCeti.DavisKahanExt.ClosedOperator.domain
TauCeti.DavisKahan1970.sinTwoTheta_unbounded_directedResidual_paperUINorm_real_of_intervalExterior,TauCeti.DavisKahanExt.ClosedOperator.toLinearMap
TauCeti.DavisKahan1970.sinTwoTheta_wholeSpace_paperUINorm,ContinuousLinearMap.Reduces
TauCeti.DavisKahan1970.sinTwoTheta_wholeSpace_paperUINorm,TauCeti.DavisKahan.ExactSinTheta.PaperUnitaryInvariantNorm
TauCeti.DavisKahan1970.sinTwoTheta_wholeSpace_paperUINorm,TauCeti.DavisKahan.ExactSinTheta.PaperUnitaryInvariantNorm.Mem
TauCeti.DavisKahan1970.sinTwoTheta_wholeSpace_paperUINorm,TauCeti.DavisKahan.ExactSinTheta.PaperUnitaryInvariantNorm.gauge
TauCeti.DavisKahan1970.sinTwoTheta_wholeSpace_paperUINorm,TauCeti.DavisKahanExt.compressOperator
TauCeti.DavisKahan1970.sinTwoTheta_wholeSpace_paperUINorm,TauCeti.DavisKahanExt.paperSinTwoAngleOperatorC
TauCeti.DavisKahan1970.sinTwoTheta_wholeSpace_paperUINorm_real,ContinuousLinearMap.Reduces
TauCeti.DavisKahan1970.sinTwoTheta_wholeSpace_paperUINorm_real,TauCeti.DavisKahan.ExactSinTheta.PaperUnitaryInvariantNorm
TauCeti.DavisKahan1970.sinTwoTheta_wholeSpace_paperUINorm_real,TauCeti.DavisKahan.ExactSinTheta.PaperUnitaryInvariantNorm.Mem
TauCeti.DavisKahan1970.sinTwoTheta_wholeSpace_paperUINorm_real,TauCeti.DavisKahan.ExactSinTheta.PaperUnitaryInvariantNorm.gauge
TauCeti.DavisKahan1970.sinTwoTheta_wholeSpace_paperUINorm_real,TauCeti.DavisKahan1970.compressOperatorReal
TauCeti.DavisKahan1970.sinTwoTheta_wholeSpace_paperUINorm_real,TauCeti.DavisKahanExt.paperSinTwoAngleOperatorR
TauCeti.DavisKahan1970.tanTheta_directed_paperUINorm_real_spectral,ContinuousLinearMap.Reduces
TauCeti.DavisKahan1970.tanTheta_directed_paperUINorm_real_spectral,TauCeti.DavisKahan.ExactSinTheta.PaperUnitaryInvariantNorm
TauCeti.DavisKahan1970.tanTheta_directed_paperUINorm_real_spectral,TauCeti.DavisKahan.ExactSinTheta.PaperUnitaryInvariantNorm.Mem
TauCeti.DavisKahan1970.tanTheta_directed_paperUINorm_real_spectral,TauCeti.DavisKahan.ExactSinTheta.PaperUnitaryInvariantNorm.gauge
TauCeti.DavisKahan1970.tanTheta_directed_paperUINorm_real_spectral,TauCeti.DavisKahan1970.HasTheorem63DirectedTangentApproximationNumbersInfiniteReal
TauCeti.DavisKahan1970.tanTheta_directed_paperUINorm_real_spectral,TauCeti.DavisKahan1970.compressOperatorReal
TauCeti.DavisKahan1970.tanTheta_directed_paperUINorm_real_spectral,TauCeti.DavisKahan1970.instCompleteSpaceCoeOfHasOrthogonalProjectionDirectedReal
TauCeti.DavisKahan1970.tanTheta_directed_paperUINorm_real_spectral,TauCeti.DavisKahan1970.theorem63ResidualReal
TauCeti.DavisKahan1970.tanTheta_directed_paperUINorm_spectral,ContinuousLinearMap.Reduces
TauCeti.DavisKahan1970.tanTheta_directed_paperUINorm_spectral,ContinuousLinearMap.Reduces.orthogonalComplement
TauCeti.DavisKahan1970.tanTheta_directed_paperUINorm_spectral,TauCeti.DavisKahan.ExactSinTheta.PaperUnitaryInvariantNorm
TauCeti.DavisKahan1970.tanTheta_directed_paperUINorm_spectral,TauCeti.DavisKahan.ExactSinTheta.PaperUnitaryInvariantNorm.Mem
TauCeti.DavisKahan1970.tanTheta_directed_paperUINorm_spectral,TauCeti.DavisKahan.ExactSinTheta.PaperUnitaryInvariantNorm.gauge
TauCeti.DavisKahan1970.tanTheta_directed_paperUINorm_spectral,TauCeti.DavisKahan.ExactTanTheta.HasTheorem63DirectedTangentApproximationNumbersInfinite
TauCeti.DavisKahan1970.tanTheta_directed_paperUINorm_spectral,TauCeti.DavisKahan.ExactTanTheta.theorem63Compression
TauCeti.DavisKahan1970.tanTheta_directed_paperUINorm_spectral,TauCeti.DavisKahan.ExactTanTheta.theorem63Residual
TauCeti.DavisKahan1970.tanTheta_headline_generic_directed,TauCeti.DavisKahan.ExactSinTheta.PaperUnitaryInvariantNorm
TauCeti.DavisKahan1970.tanTheta_headline_generic_directed,TauCeti.DavisKahan.ExactSinTheta.PaperUnitaryInvariantNorm.Mem
TauCeti.DavisKahan1970.tanTheta_headline_generic_directed,TauCeti.DavisKahan.ExactSinTheta.PaperUnitaryInvariantNorm.gauge
TauCeti.DavisKahan1970.tanTheta_headline_generic_directed,TauCeti.DavisKahan1970.headlineCompleteF
TauCeti.DavisKahan1970.tanTheta_headline_generic_directed,TauCeti.IsInvariant
TauCeti.DavisKahan1970.tanTheta_headline_generic_directed,TauCeti.SpectrumIn
TauCeti.DavisKahan1970.tanTheta_headline_generic_directed,TauCeti.approximateSubspace
TauCeti.DavisKahan1970.tanTheta_headline_generic_directed,TauCeti.compression
TauCeti.DavisKahan1970.tanTheta_headline_generic_directed,TauCeti.principalTangents
TauCeti.DavisKahan1970.tanTheta_headline_generic_directed,TauCeti.ritzResidual
TauCeti.DavisKahan1970.tanTheta_unboundedCompression_ambient_paperUINorm_exact,TauCeti.DavisKahan.DKClosedOperator
TauCeti.DavisKahan1970.tanTheta_unboundedCompression_ambient_paperUINorm_exact,TauCeti.DavisKahan.ExactSinTheta.PaperUnitaryInvariantNorm
TauCeti.DavisKahan1970.tanTheta_unboundedCompression_ambient_paperUINorm_exact,TauCeti.DavisKahan.ExactSinTheta.PaperUnitaryInvariantNorm.Mem
TauCeti.DavisKahan1970.tanTheta_unboundedCompression_ambient_paperUINorm_exact,TauCeti.DavisKahan.ExactSinTheta.PaperUnitaryInvariantNorm.gauge
TauCeti.DavisKahan1970.tanTheta_unboundedCompression_ambient_paperUINorm_exact,TauCeti.DavisKahan.ExactSinTheta.SemiboundedAbove
TauCeti.DavisKahan1970.tanTheta_unboundedCompression_ambient_paperUINorm_exact,TauCeti.DavisKahan.ExactTanTheta.UnboundedCompressionTrialData
TauCeti.DavisKahan1970.tanTheta_unboundedCompression_ambient_paperUINorm_exact,TauCeti.DavisKahan.ExactTanTheta.UnboundedCompressionTrialData.action
TauCeti.DavisKahan1970.tanTheta_unboundedCompression_ambient_paperUINorm_exact,TauCeti.DavisKahan.ExactTanTheta.UnboundedCompressionTrialData.compression
TauCeti.DavisKahan1970.tanTheta_unboundedCompression_ambient_paperUINorm_exact,TauCeti.DavisKahan.ExactTanTheta.UnboundedCompressionTrialData.residual
TauCeti.DavisKahan1970.tanTheta_unboundedCompression_ambient_paperUINorm_exact,TauCeti.DavisKahan.Frontier.CrossedDefectsEquivalent
TauCeti.DavisKahan1970.tanTheta_unboundedCompression_ambient_paperUINorm_exact,TauCeti.DavisKahan1970.instCompleteSpaceCoeOfHasOrthogonalProjectionTanThetaUnboundedAmbient
TauCeti.DavisKahan1970.tanTheta_unboundedCompression_ambient_paperUINorm_exact,TauCeti.DavisKahanExt.ClosedOperator.domain
TauCeti.DavisKahan1970.tanTheta_unboundedCompression_ambient_paperUINorm_exact,TauCeti.DavisKahanExt.ClosedOperator.toLinearMap
TauCeti.DavisKahan1970.tanTheta_unboundedCompression_ambient_paperUINorm_exact,TauCeti.DavisKahanExt.paperTanAngleOperatorC
TauCeti.DavisKahan1970.tanTheta_unboundedCompression_ambient_paperUINorm_real_exact,TauCeti.DavisKahan.ExactSinTheta.PaperUnitaryInvariantNorm
TauCeti.DavisKahan1970.tanTheta_unboundedCompression_ambient_paperUINorm_real_exact,TauCeti.DavisKahan.ExactSinTheta.PaperUnitaryInvariantNorm.Mem
TauCeti.DavisKahan1970.tanTheta_unboundedCompression_ambient_paperUINorm_real_exact,TauCeti.DavisKahan.ExactSinTheta.PaperUnitaryInvariantNorm.gauge
TauCeti.DavisKahan1970.tanTheta_unboundedCompression_ambient_paperUINorm_real_exact,TauCeti.DavisKahan.ExactSinTheta.SemiboundedAbove
TauCeti.DavisKahan1970.tanTheta_unboundedCompression_ambient_paperUINorm_real_exact,TauCeti.DavisKahan.ExactTanTheta.UnboundedCompressionTrialData
TauCeti.DavisKahan1970.tanTheta_unboundedCompression_ambient_paperUINorm_real_exact,TauCeti.DavisKahan.ExactTanTheta.UnboundedCompressionTrialData.action
TauCeti.DavisKahan1970.tanTheta_unboundedCompression_ambient_paperUINorm_real_exact,TauCeti.DavisKahan.ExactTanTheta.UnboundedCompressionTrialData.compression
TauCeti.DavisKahan1970.tanTheta_unboundedCompression_ambient_paperUINorm_real_exact,TauCeti.DavisKahan.ExactTanTheta.UnboundedCompressionTrialData.residual
TauCeti.DavisKahan1970.tanTheta_unboundedCompression_ambient_paperUINorm_real_exact,TauCeti.DavisKahan.Frontier.CrossedDefectsEquivalent
TauCeti.DavisKahan1970.tanTheta_unboundedCompression_ambient_paperUINorm_real_exact,TauCeti.DavisKahan1970.instCompleteSpaceCoeOfHasOrthogonalProjectionUnboundedAmbientReal
TauCeti.DavisKahan1970.tanTheta_unboundedCompression_ambient_paperUINorm_real_exact,TauCeti.DavisKahanExt.ClosedOperator
TauCeti.DavisKahan1970.tanTheta_unboundedCompression_ambient_paperUINorm_real_exact,TauCeti.DavisKahanExt.ClosedOperator.domain
TauCeti.DavisKahan1970.tanTheta_unboundedCompression_ambient_paperUINorm_real_exact,TauCeti.DavisKahanExt.ClosedOperator.toLinearMap
TauCeti.DavisKahan1970.tanTheta_unboundedCompression_ambient_paperUINorm_real_exact,TauCeti.DavisKahanExt.paperTanAngleOperatorR
TauCeti.DavisKahan1970.tanTheta_unbounded_ambient_paperUINorm_exact,TauCeti.DavisKahan.DKClosedOperator
TauCeti.DavisKahan1970.tanTheta_unbounded_ambient_paperUINorm_exact,TauCeti.DavisKahan.ExactSinTheta.PaperUnitaryInvariantNorm
TauCeti.DavisKahan1970.tanTheta_unbounded_ambient_paperUINorm_exact,TauCeti.DavisKahan.ExactSinTheta.PaperUnitaryInvariantNorm.Mem
TauCeti.DavisKahan1970.tanTheta_unbounded_ambient_paperUINorm_exact,TauCeti.DavisKahan.ExactSinTheta.PaperUnitaryInvariantNorm.gauge
TauCeti.DavisKahan1970.tanTheta_unbounded_ambient_paperUINorm_exact,TauCeti.DavisKahan.Frontier.CrossedDefectsEquivalent
TauCeti.DavisKahan1970.tanTheta_unbounded_ambient_paperUINorm_exact,TauCeti.DavisKahan.TanTheta.UnboundedTrialBlock
TauCeti.DavisKahan1970.tanTheta_unbounded_ambient_paperUINorm_exact,TauCeti.DavisKahan.TanTheta.UnboundedTrialBlock.operator
TauCeti.DavisKahan1970.tanTheta_unbounded_ambient_paperUINorm_exact,TauCeti.DavisKahan.TanTheta.UnboundedTrialBlock.residual
TauCeti.DavisKahan1970.tanTheta_unbounded_ambient_paperUINorm_exact,TauCeti.DavisKahan1970.instCompleteSpaceCoeOfHasOrthogonalProjectionTanThetaUnboundedAmbient
TauCeti.DavisKahan1970.tanTheta_unbounded_ambient_paperUINorm_exact,TauCeti.DavisKahanExt.ClosedOperator.domain
TauCeti.DavisKahan1970.tanTheta_unbounded_ambient_paperUINorm_exact,TauCeti.DavisKahanExt.ClosedOperator.toLinearMap
TauCeti.DavisKahan1970.tanTheta_unbounded_ambient_paperUINorm_exact,TauCeti.DavisKahanExt.paperTanAngleOperatorC
TauCeti.DavisKahan1970.tanTheta_unbounded_ambient_paperUINorm_real_exact,TauCeti.DavisKahan.ExactSinTheta.PaperUnitaryInvariantNorm
TauCeti.DavisKahan1970.tanTheta_unbounded_ambient_paperUINorm_real_exact,TauCeti.DavisKahan.ExactSinTheta.PaperUnitaryInvariantNorm.Mem
TauCeti.DavisKahan1970.tanTheta_unbounded_ambient_paperUINorm_real_exact,TauCeti.DavisKahan.ExactSinTheta.PaperUnitaryInvariantNorm.gauge
TauCeti.DavisKahan1970.tanTheta_unbounded_ambient_paperUINorm_real_exact,TauCeti.DavisKahan.Frontier.CrossedDefectsEquivalent
TauCeti.DavisKahan1970.tanTheta_unbounded_ambient_paperUINorm_real_exact,TauCeti.DavisKahan.TanTheta.UnboundedTrialBlock
TauCeti.DavisKahan1970.tanTheta_unbounded_ambient_paperUINorm_real_exact,TauCeti.DavisKahan.TanTheta.UnboundedTrialBlock.operator
TauCeti.DavisKahan1970.tanTheta_unbounded_ambient_paperUINorm_real_exact,TauCeti.DavisKahan.TanTheta.UnboundedTrialBlock.residual
TauCeti.DavisKahan1970.tanTheta_unbounded_ambient_paperUINorm_real_exact,TauCeti.DavisKahan1970.instCompleteSpaceCoeOfHasOrthogonalProjectionUnboundedAmbientReal
TauCeti.DavisKahan1970.tanTheta_unbounded_ambient_paperUINorm_real_exact,TauCeti.DavisKahanExt.ClosedOperator
TauCeti.DavisKahan1970.tanTheta_unbounded_ambient_paperUINorm_real_exact,TauCeti.DavisKahanExt.ClosedOperator.domain
TauCeti.DavisKahan1970.tanTheta_unbounded_ambient_paperUINorm_real_exact,TauCeti.DavisKahanExt.ClosedOperator.toLinearMap
TauCeti.DavisKahan1970.tanTheta_unbounded_ambient_paperUINorm_real_exact,TauCeti.DavisKahanExt.paperTanAngleOperatorR
TauCeti.DavisKahan1970.tanTheta_wholeSpace_paperUINorm,ContinuousLinearMap.Reduces
TauCeti.DavisKahan1970.tanTheta_wholeSpace_paperUINorm,TauCeti.DavisKahan.ExactSinTheta.PaperUnitaryInvariantNorm
TauCeti.DavisKahan1970.tanTheta_wholeSpace_paperUINorm,TauCeti.DavisKahan.ExactSinTheta.PaperUnitaryInvariantNorm.Mem
TauCeti.DavisKahan1970.tanTheta_wholeSpace_paperUINorm,TauCeti.DavisKahan.ExactSinTheta.PaperUnitaryInvariantNorm.gauge
TauCeti.DavisKahan1970.tanTheta_wholeSpace_paperUINorm,TauCeti.DavisKahan.ExactTanTheta.theorem63Compression
TauCeti.DavisKahan1970.tanTheta_wholeSpace_paperUINorm,TauCeti.DavisKahanExt.paperTanAngleOperatorC
TauCeti.DavisKahan1970.tanTheta_wholeSpace_paperUINorm,TauCeti.DavisKahanExt.sinAngleOperatorC
TauCeti.DavisKahan1970.tanTheta_wholeSpace_paperUINorm_of_crossedDefectsEquivalent,ContinuousLinearMap.Reduces
TauCeti.DavisKahan1970.tanTheta_wholeSpace_paperUINorm_of_crossedDefectsEquivalent,TauCeti.DavisKahan.ExactSinTheta.PaperUnitaryInvariantNorm
TauCeti.DavisKahan1970.tanTheta_wholeSpace_paperUINorm_of_crossedDefectsEquivalent,TauCeti.DavisKahan.ExactSinTheta.PaperUnitaryInvariantNorm.Mem
TauCeti.DavisKahan1970.tanTheta_wholeSpace_paperUINorm_of_crossedDefectsEquivalent,TauCeti.DavisKahan.ExactSinTheta.PaperUnitaryInvariantNorm.gauge
TauCeti.DavisKahan1970.tanTheta_wholeSpace_paperUINorm_of_crossedDefectsEquivalent,TauCeti.DavisKahan.ExactTanTheta.theorem63Compression
TauCeti.DavisKahan1970.tanTheta_wholeSpace_paperUINorm_of_crossedDefectsEquivalent,TauCeti.DavisKahan.Frontier.CrossedDefectsEquivalent
TauCeti.DavisKahan1970.tanTheta_wholeSpace_paperUINorm_of_crossedDefectsEquivalent,TauCeti.DavisKahanExt.paperTanAngleOperatorC
TauCeti.DavisKahan1970.tanTheta_wholeSpace_paperUINorm_real,ContinuousLinearMap.Reduces
TauCeti.DavisKahan1970.tanTheta_wholeSpace_paperUINorm_real,TauCeti.DavisKahan.ExactSinTheta.PaperUnitaryInvariantNorm
TauCeti.DavisKahan1970.tanTheta_wholeSpace_paperUINorm_real,TauCeti.DavisKahan.ExactSinTheta.PaperUnitaryInvariantNorm.Mem
TauCeti.DavisKahan1970.tanTheta_wholeSpace_paperUINorm_real,TauCeti.DavisKahan.ExactSinTheta.PaperUnitaryInvariantNorm.gauge
TauCeti.DavisKahan1970.tanTheta_wholeSpace_paperUINorm_real,TauCeti.DavisKahan1970.compressOperatorReal
TauCeti.DavisKahan1970.tanTheta_wholeSpace_paperUINorm_real,TauCeti.DavisKahanExt.paperSinAngleOperatorR
TauCeti.DavisKahan1970.tanTheta_wholeSpace_paperUINorm_real,TauCeti.DavisKahanExt.paperTanAngleOperatorR
TauCeti.DavisKahan1970.tanTheta_wholeSpace_paperUINorm_real_of_crossedDefectsEquivalent,ContinuousLinearMap.Reduces
TauCeti.DavisKahan1970.tanTheta_wholeSpace_paperUINorm_real_of_crossedDefectsEquivalent,TauCeti.DavisKahan.ExactSinTheta.PaperUnitaryInvariantNorm
TauCeti.DavisKahan1970.tanTheta_wholeSpace_paperUINorm_real_of_crossedDefectsEquivalent,TauCeti.DavisKahan.ExactSinTheta.PaperUnitaryInvariantNorm.Mem
TauCeti.DavisKahan1970.tanTheta_wholeSpace_paperUINorm_real_of_crossedDefectsEquivalent,TauCeti.DavisKahan.ExactSinTheta.PaperUnitaryInvariantNorm.gauge
TauCeti.DavisKahan1970.tanTheta_wholeSpace_paperUINorm_real_of_crossedDefectsEquivalent,TauCeti.DavisKahan.Frontier.CrossedDefectsEquivalent
TauCeti.DavisKahan1970.tanTheta_wholeSpace_paperUINorm_real_of_crossedDefectsEquivalent,TauCeti.DavisKahan1970.compressOperatorReal
TauCeti.DavisKahan1970.tanTheta_wholeSpace_paperUINorm_real_of_crossedDefectsEquivalent,TauCeti.DavisKahanExt.paperTanAngleOperatorR
TauCeti.DavisKahan1970.tanTwoTheta_directedCorner_residual_paperUINorm_exact,TauCeti.DavisKahan.ExactSinTheta.PaperUnitaryInvariantNorm
TauCeti.DavisKahan1970.tanTwoTheta_directedCorner_residual_paperUINorm_exact,TauCeti.DavisKahan.ExactSinTheta.PaperUnitaryInvariantNorm.Mem
TauCeti.DavisKahan1970.tanTwoTheta_directedCorner_residual_paperUINorm_exact,TauCeti.DavisKahan.ExactSinTheta.PaperUnitaryInvariantNorm.gauge
TauCeti.DavisKahan1970.tanTwoTheta_directedCorner_residual_paperUINorm_exact,TauCeti.DavisKahan.ExactSinTheta.paperProjectionBlock
TauCeti.DavisKahan1970.tanTwoTheta_directedCorner_residual_paperUINorm_exact,TauCeti.DavisKahan1970.paperDoubleSecant
TauCeti.DavisKahan1970.tanTwoTheta_directedCorner_residual_paperUINorm_exact,TauCeti.DavisKahan1970.paperProjectorDifference
TauCeti.DavisKahan1970.tanTwoTheta_directedCorner_residual_paperUINorm_exact,TauCeti.DavisKahanExt.compressOperator
TauCeti.DavisKahan1970.tanTwoTheta_directedCorner_residual_paperUINorm_real_exact,TauCeti.DavisKahan.ExactSinTheta.PaperUnitaryInvariantNorm
TauCeti.DavisKahan1970.tanTwoTheta_directedCorner_residual_paperUINorm_real_exact,TauCeti.DavisKahan.ExactSinTheta.PaperUnitaryInvariantNorm.Mem
TauCeti.DavisKahan1970.tanTwoTheta_directedCorner_residual_paperUINorm_real_exact,TauCeti.DavisKahan.ExactSinTheta.PaperUnitaryInvariantNorm.gauge
TauCeti.DavisKahan1970.tanTwoTheta_directedCorner_residual_paperUINorm_real_exact,TauCeti.DavisKahan.ExactSinTheta.paperProjectionBlock
TauCeti.DavisKahan1970.tanTwoTheta_directedCorner_residual_paperUINorm_real_exact,TauCeti.DavisKahan1970.compressOperatorReal
TauCeti.DavisKahan1970.tanTwoTheta_directedCorner_residual_paperUINorm_real_exact,TauCeti.DavisKahan1970.paperTanTwoDirectedCornerR
TauCeti.DavisKahan1970.tanTwoTheta_directedCorner_residual_paperUINorm_real_exact,TauCeti.RealComplexification
TauCeti.DavisKahan1970.tanTwoTheta_directedCorner_residual_paperUINorm_real_exact,TauCeti.RealComplexification.instCompleteSpace
TauCeti.DavisKahan1970.tanTwoTheta_directedCorner_residual_paperUINorm_real_exact,TauCeti.RealComplexification.instInnerProductSpaceComplex
TauCeti.DavisKahan1970.tanTwoTheta_directedCorner_residual_paperUINorm_real_exact,TauCeti.RealComplexification.instNormedAddCommGroup
TauCeti.DavisKahan1970.tanTwoTheta_headline_generic,TauCeti.ApproximationNumber.approximationSingularValue
TauCeti.DavisKahan1970.tanTwoTheta_headline_generic,TauCeti.DavisKahan.ExactSinTheta.PaperUnitaryInvariantNorm
TauCeti.DavisKahan1970.tanTwoTheta_headline_generic,TauCeti.DavisKahan.ExactSinTheta.PaperUnitaryInvariantNorm.Mem
TauCeti.DavisKahan1970.tanTwoTheta_headline_generic,TauCeti.DavisKahan.ExactSinTheta.PaperUnitaryInvariantNorm.gauge
TauCeti.DavisKahan1970.tanTwoTheta_headline_generic,TauCeti.DavisKahanTheory.absDoubleAngleTangent
TauCeti.DavisKahan1970.tanTwoTheta_unbounded_ambient_paperUINorm_exact,Submodule.diagonalPart
TauCeti.DavisKahan1970.tanTwoTheta_unbounded_ambient_paperUINorm_exact,TauCeti.DavisKahan.ExactSinTheta.PaperUnitaryInvariantNorm
TauCeti.DavisKahan1970.tanTwoTheta_unbounded_ambient_paperUINorm_exact,TauCeti.DavisKahan.ExactSinTheta.PaperUnitaryInvariantNorm.Mem
TauCeti.DavisKahan1970.tanTwoTheta_unbounded_ambient_paperUINorm_exact,TauCeti.DavisKahan.ExactSinTheta.PaperUnitaryInvariantNorm.gauge
TauCeti.DavisKahan1970.tanTwoTheta_unbounded_ambient_paperUINorm_exact,TauCeti.DavisKahan1970.unboundedReflectionTangent
TauCeti.DavisKahan1970.tanTwoTheta_unbounded_ambient_paperUINorm_exact,TauCeti.IsOddFor
TauCeti.DavisKahan1970.tanTwoTheta_unbounded_ambient_paperUINorm_exact,TauCeti.LinearPMap.MapsDomainTo
TauCeti.DavisKahan1970.tanTwoTheta_unbounded_ambient_paperUINorm_exact,TauCeti.LinearPMap.instHasOrthogonalProjection_specRange
TauCeti.DavisKahan1970.tanTwoTheta_unbounded_ambient_paperUINorm_exact,TauCeti.LinearPMap.specRange
TauCeti.DavisKahan1970.tanTwoTheta_unbounded_ambient_paperUINorm_real_exact,Submodule.diagonalPart
TauCeti.DavisKahan1970.tanTwoTheta_unbounded_ambient_paperUINorm_real_exact,TauCeti.DavisKahan.ExactSinTheta.PaperUnitaryInvariantNorm
TauCeti.DavisKahan1970.tanTwoTheta_unbounded_ambient_paperUINorm_real_exact,TauCeti.DavisKahan.ExactSinTheta.PaperUnitaryInvariantNorm.Mem
TauCeti.DavisKahan1970.tanTwoTheta_unbounded_ambient_paperUINorm_real_exact,TauCeti.DavisKahan.ExactSinTheta.PaperUnitaryInvariantNorm.gauge
TauCeti.DavisKahan1970.tanTwoTheta_unbounded_ambient_paperUINorm_real_exact,TauCeti.DavisKahan1970.unboundedReflectionTangent
TauCeti.DavisKahan1970.tanTwoTheta_unbounded_ambient_paperUINorm_real_exact,TauCeti.IsOddFor
TauCeti.DavisKahan1970.tanTwoTheta_unbounded_ambient_paperUINorm_real_exact,TauCeti.LinearPMap.MapsDomainTo
TauCeti.DavisKahan1970.tanTwoTheta_unbounded_ambient_paperUINorm_real_exact,TauCeti.LinearPMap.instHasOrthogonalProjection_realSpecRange
TauCeti.DavisKahan1970.tanTwoTheta_unbounded_ambient_paperUINorm_real_exact,TauCeti.LinearPMap.realSpecRange
TauCeti.DavisKahan1970.tanTwoTheta_unbounded_directedResidual_paperUINorm_exact,Submodule.diagonalPart
TauCeti.DavisKahan1970.tanTwoTheta_unbounded_directedResidual_paperUINorm_exact,TauCeti.DavisKahan.ExactSinTheta.PaperUnitaryInvariantNorm
TauCeti.DavisKahan1970.tanTwoTheta_unbounded_directedResidual_paperUINorm_exact,TauCeti.DavisKahan.ExactSinTheta.PaperUnitaryInvariantNorm.Mem
TauCeti.DavisKahan1970.tanTwoTheta_unbounded_directedResidual_paperUINorm_exact,TauCeti.DavisKahan.ExactSinTheta.PaperUnitaryInvariantNorm.gauge
TauCeti.DavisKahan1970.tanTwoTheta_unbounded_directedResidual_paperUINorm_exact,TauCeti.DavisKahan.ExactSinTheta.paperBlockCompression
TauCeti.DavisKahan1970.tanTwoTheta_unbounded_directedResidual_paperUINorm_exact,TauCeti.DavisKahan1970.instCompleteSpaceCoeOfHasOrthogonalProjectionUnboundedExact
TauCeti.DavisKahan1970.tanTwoTheta_unbounded_directedResidual_paperUINorm_exact,TauCeti.DavisKahan1970.reflectionTangentCorner
TauCeti.DavisKahan1970.tanTwoTheta_unbounded_directedResidual_paperUINorm_exact,TauCeti.IsOddFor
TauCeti.DavisKahan1970.tanTwoTheta_unbounded_directedResidual_paperUINorm_exact,TauCeti.LinearPMap.MapsDomainTo
TauCeti.DavisKahan1970.tanTwoTheta_unbounded_directedResidual_paperUINorm_exact,TauCeti.LinearPMap.instCompleteSpace_specRange
TauCeti.DavisKahan1970.tanTwoTheta_unbounded_directedResidual_paperUINorm_exact,TauCeti.LinearPMap.instHasOrthogonalProjection_specRange
TauCeti.DavisKahan1970.tanTwoTheta_unbounded_directedResidual_paperUINorm_exact,TauCeti.LinearPMap.specRange
TauCeti.DavisKahan1970.tanTwoTheta_unbounded_directedResidual_paperUINorm_real_exact,Submodule.diagonalPart
TauCeti.DavisKahan1970.tanTwoTheta_unbounded_directedResidual_paperUINorm_real_exact,TauCeti.DavisKahan.ExactSinTheta.PaperUnitaryInvariantNorm
TauCeti.DavisKahan1970.tanTwoTheta_unbounded_directedResidual_paperUINorm_real_exact,TauCeti.DavisKahan.ExactSinTheta.PaperUnitaryInvariantNorm.Mem
TauCeti.DavisKahan1970.tanTwoTheta_unbounded_directedResidual_paperUINorm_real_exact,TauCeti.DavisKahan.ExactSinTheta.PaperUnitaryInvariantNorm.gauge
TauCeti.DavisKahan1970.tanTwoTheta_unbounded_directedResidual_paperUINorm_real_exact,TauCeti.DavisKahan1970.reflectionResidualCorner
TauCeti.DavisKahan1970.tanTwoTheta_unbounded_directedResidual_paperUINorm_real_exact,TauCeti.DavisKahan1970.reflectionTangentCorner
TauCeti.DavisKahan1970.tanTwoTheta_unbounded_directedResidual_paperUINorm_real_exact,TauCeti.IsOddFor
TauCeti.DavisKahan1970.tanTwoTheta_unbounded_directedResidual_paperUINorm_real_exact,TauCeti.LinearPMap.MapsDomainTo
TauCeti.DavisKahan1970.tanTwoTheta_unbounded_directedResidual_paperUINorm_real_exact,TauCeti.LinearPMap.instCompleteSpace_realSpecRange
TauCeti.DavisKahan1970.tanTwoTheta_unbounded_directedResidual_paperUINorm_real_exact,TauCeti.LinearPMap.instHasOrthogonalProjection_realSpecRange
TauCeti.DavisKahan1970.tanTwoTheta_unbounded_directedResidual_paperUINorm_real_exact,TauCeti.LinearPMap.realSpecRange
TauCeti.DavisKahan1970.tanTwoTheta_wholeSpace_paperUINorm_exact,TauCeti.DavisKahan.ExactSinTheta.PaperUnitaryInvariantNorm
TauCeti.DavisKahan1970.tanTwoTheta_wholeSpace_paperUINorm_exact,TauCeti.DavisKahan.ExactSinTheta.PaperUnitaryInvariantNorm.Mem
TauCeti.DavisKahan1970.tanTwoTheta_wholeSpace_paperUINorm_exact,TauCeti.DavisKahan.ExactSinTheta.PaperUnitaryInvariantNorm.gauge
TauCeti.DavisKahan1970.tanTwoTheta_wholeSpace_paperUINorm_exact,TauCeti.DavisKahanExt.compressOperator
TauCeti.DavisKahan1970.tanTwoTheta_wholeSpace_paperUINorm_exact,TauCeti.DavisKahanExt.paperTanTwoAngleOperatorC
TauCeti.DavisKahan1970.tanTwoTheta_wholeSpace_paperUINorm_real_exact,TauCeti.DavisKahan.ExactSinTheta.PaperUnitaryInvariantNorm
TauCeti.DavisKahan1970.tanTwoTheta_wholeSpace_paperUINorm_real_exact,TauCeti.DavisKahan.ExactSinTheta.PaperUnitaryInvariantNorm.Mem
TauCeti.DavisKahan1970.tanTwoTheta_wholeSpace_paperUINorm_real_exact,TauCeti.DavisKahan.ExactSinTheta.PaperUnitaryInvariantNorm.gauge
TauCeti.DavisKahan1970.tanTwoTheta_wholeSpace_paperUINorm_real_exact,TauCeti.DavisKahan1970.compressOperatorReal
TauCeti.DavisKahan1970.tanTwoTheta_wholeSpace_paperUINorm_real_exact,TauCeti.DavisKahanExt.paperTanTwoAngleOperatorR
TauCeti.DavisKahan1970.theorem6_3_unbounded_infiniteTrial_ideal_exists_real,TauCeti.DavisKahan.ExactSinTheta.KyFanDominantIdealFamily
TauCeti.DavisKahan1970.theorem6_3_unbounded_infiniteTrial_ideal_exists_real,TauCeti.DavisKahan.ExactSinTheta.KyFanDominantIdealFamily.Mem
TauCeti.DavisKahan1970.theorem6_3_unbounded_infiniteTrial_ideal_exists_real,TauCeti.DavisKahan.ExactSinTheta.KyFanDominantIdealFamily.gauge
TauCeti.DavisKahan1970.theorem6_3_unbounded_infiniteTrial_ideal_exists_real,TauCeti.DavisKahan.RealSpectralRestriction.realSelfAdjointSpectralProjection
TauCeti.DavisKahan1970.theorem6_3_unbounded_infiniteTrial_ideal_exists_real,TauCeti.DavisKahan.RealSpectralRestriction.realSelfAdjointSpectralSubspace
TauCeti.DavisKahan1970.theorem6_3_unbounded_infiniteTrial_ideal_exists_real,TauCeti.DavisKahan.RealSpectralRestriction.realSelfAdjointSpectralSubspace_hasOrthogonalProjection
TauCeti.DavisKahan1970.theorem6_3_unbounded_infiniteTrial_ideal_exists_real,TauCeti.DavisKahan.TanTheta.UnboundedTrialBlock
TauCeti.DavisKahan1970.theorem6_3_unbounded_infiniteTrial_ideal_exists_real,TauCeti.DavisKahan.TanTheta.UnboundedTrialBlock.operator
TauCeti.DavisKahan1970.theorem6_3_unbounded_infiniteTrial_ideal_exists_real,TauCeti.DavisKahan.TanTheta.UnboundedTrialBlock.residual
TauCeti.DavisKahan1970.theorem6_3_unbounded_infiniteTrial_ideal_exists_real,TauCeti.DavisKahan1970.HasTheorem63DirectedTangentApproximationNumbersInfiniteReal
TauCeti.DavisKahan1970.theorem6_3_unbounded_infiniteTrial_ideal_exists_real,TauCeti.DavisKahanExt.ClosedOperator
TauCeti.DavisKahan1970.theorem6_3_unbounded_infiniteTrial_ideal_exists_real,TauCeti.DavisKahanExt.ClosedOperator.IsSelfAdjoint
TauCeti.DavisKahan1970.tsum_displacementAngleSineSqR_ge_tsum_sq_sin_principalAngleSequence,TauCeti.DavisKahan.projection
TauCeti.DavisKahan1970.tsum_displacementAngleSineSqR_ge_tsum_sq_sin_principalAngleSequence,TauCeti.DavisKahan1970.displacementAngleSineSqR
TauCeti.DavisKahan1970.tsum_displacementAngleSineSqR_ge_tsum_sq_sin_principalAngleSequence,TauCeti.principalAngleSequence
TauCeti.DavisKahan1970.unboundedReflectionTangent,Submodule.diagonalPart
TauCeti.DavisKahan1970.unboundedReflectionTangent,Submodule.offDiagonalPart
TauCeti.DavisKahan1970.unbounded_sinTwoTheta_residual_uiNorm_representative,Submodule.reflectionOperator
TauCeti.DavisKahan1970.unbounded_sinTwoTheta_residual_uiNorm_representative,TauCeti.DavisKahan.DKClosedOperator
TauCeti.DavisKahan1970.unbounded_sinTwoTheta_residual_uiNorm_representative,TauCeti.DavisKahan.ExactSinTheta.KyFanDominantIdealFamily
TauCeti.DavisKahan1970.unbounded_sinTwoTheta_residual_uiNorm_representative,TauCeti.DavisKahan.ExactSinTheta.KyFanDominantIdealFamily.Mem
TauCeti.DavisKahan1970.unbounded_sinTwoTheta_residual_uiNorm_representative,TauCeti.DavisKahan.ExactSinTheta.KyFanDominantIdealFamily.gauge
TauCeti.DavisKahan1970.unbounded_sinTwoTheta_residual_uiNorm_representative,TauCeti.DavisKahan.ExactSinTheta.PaperSinThetaRepresentative
TauCeti.DavisKahan1970.unbounded_sinTwoTheta_residual_uiNorm_representative,TauCeti.DavisKahan.ExactSinTheta.PaperSinThetaRepresentative.operator
TauCeti.DavisKahan1970.unbounded_sinTwoTheta_residual_uiNorm_representative,TauCeti.DavisKahan.ExactSinTheta.SemiboundedAbove
TauCeti.DavisKahan1970.unbounded_sinTwoTheta_residual_uiNorm_representative,TauCeti.DavisKahan.ExactSinTheta.SemiboundedBelow
TauCeti.DavisKahan1970.unbounded_sinTwoTheta_residual_uiNorm_representative,TauCeti.DavisKahan.IsSelfAdjointOperator
TauCeti.DavisKahan1970.unbounded_sinTwoTheta_residual_uiNorm_representative,TauCeti.DavisKahan.selfAdjointSpectralRestriction
TauCeti.DavisKahan1970.unbounded_sinTwoTheta_residual_uiNorm_representative,TauCeti.DavisKahan.selfAdjointSpectralSubspace
TauCeti.DavisKahan1970.unbounded_sinTwoTheta_residual_uiNorm_representative,TauCeti.DavisKahan.selfAdjointSpectralSubspace_hasOrthogonalProjection
TauCeti.DavisKahan1970.unbounded_sinTwoTheta_residual_uiNorm_representative,TauCeti.DavisKahan.sinTwoThetaIdealBlock
TauCeti.DavisKahan1970.unbounded_sinTwoTheta_residual_uiNorm_representative,TauCeti.DavisKahanExt.ClosedOperator.IsSelfAdjoint
TauCeti.DavisKahan1970.unbounded_sinTwoTheta_residual_uiNorm_representative,TauCeti.DavisKahanExt.ClosedOperator.addBounded
TauCeti.DavisKahan1970.unbounded_sinTwoTheta_residual_uiNorm_representative,TauCeti.DavisKahanExt.ClosedOperator.domain
TauCeti.DavisKahan1970.unbounded_sinTwoTheta_residual_uiNorm_representative,TauCeti.DavisKahanExt.ClosedOperator.toLinearMap
TauCeti.DavisKahan1970.unbounded_sinTwoTheta_residual_uiNorm_representative,TauCeti.DavisKahanExt.ClosedOperator.toLinearPMap
TauCeti.DavisKahan1970.unbounded_sinTwoTheta_residual_uiNorm_representative,TauCeti.LinearPMap.spectrum
TauCeti.DavisKahan1970.unbounded_sinTwoTheta_residual_uiNorm_representative_real,Submodule.reflectionOperator
TauCeti.DavisKahan1970.unbounded_sinTwoTheta_residual_uiNorm_representative_real,TauCeti.DavisKahan.ExactSinTheta.FormBoundedSylvesterGap
TauCeti.DavisKahan1970.unbounded_sinTwoTheta_residual_uiNorm_representative_real,TauCeti.DavisKahan.ExactSinTheta.KyFanDominantIdealFamily
TauCeti.DavisKahan1970.unbounded_sinTwoTheta_residual_uiNorm_representative_real,TauCeti.DavisKahan.ExactSinTheta.KyFanDominantIdealFamily.Mem
TauCeti.DavisKahan1970.unbounded_sinTwoTheta_residual_uiNorm_representative_real,TauCeti.DavisKahan.ExactSinTheta.KyFanDominantIdealFamily.gauge
TauCeti.DavisKahan1970.unbounded_sinTwoTheta_residual_uiNorm_representative_real,TauCeti.DavisKahan.ExactSinTheta.PaperSinThetaRepresentative
TauCeti.DavisKahan1970.unbounded_sinTwoTheta_residual_uiNorm_representative_real,TauCeti.DavisKahan.ExactSinTheta.PaperSinThetaRepresentative.operator
TauCeti.DavisKahan1970.unbounded_sinTwoTheta_residual_uiNorm_representative_real,TauCeti.DavisKahan.IsSelfAdjointOperator
TauCeti.DavisKahan1970.unbounded_sinTwoTheta_residual_uiNorm_representative_real,TauCeti.DavisKahan.RealSpectralRestriction.realSelfAdjointSpectralRestriction
TauCeti.DavisKahan1970.unbounded_sinTwoTheta_residual_uiNorm_representative_real,TauCeti.DavisKahan.RealSpectralRestriction.realSelfAdjointSpectralSubspace
TauCeti.DavisKahan1970.unbounded_sinTwoTheta_residual_uiNorm_representative_real,TauCeti.DavisKahan.RealSpectralRestriction.realSelfAdjointSpectralSubspace_hasOrthogonalProjection
TauCeti.DavisKahan1970.unbounded_sinTwoTheta_residual_uiNorm_representative_real,TauCeti.DavisKahan.sinTwoThetaIdealBlock
TauCeti.DavisKahan1970.unbounded_sinTwoTheta_residual_uiNorm_representative_real,TauCeti.DavisKahanExt.ClosedOperator
TauCeti.DavisKahan1970.unbounded_sinTwoTheta_residual_uiNorm_representative_real,TauCeti.DavisKahanExt.ClosedOperator.IsSelfAdjoint
TauCeti.DavisKahan1970.unbounded_sinTwoTheta_residual_uiNorm_representative_real,TauCeti.DavisKahanExt.ClosedOperator.addBounded
TauCeti.DavisKahan1970.unbounded_sinTwoTheta_residual_uiNorm_representative_real,TauCeti.DavisKahanExt.ClosedOperator.domain
TauCeti.DavisKahan1970.unbounded_sinTwoTheta_residual_uiNorm_representative_real,TauCeti.DavisKahanExt.ClosedOperator.toLinearMap
TauCeti.DavisKahan1970.unbounded_sinTwoTheta_uiNorm_representative,TauCeti.DavisKahan.DKClosedOperator
TauCeti.DavisKahan1970.unbounded_sinTwoTheta_uiNorm_representative,TauCeti.DavisKahan.ExactSinTheta.KyFanDominantIdealFamily
TauCeti.DavisKahan1970.unbounded_sinTwoTheta_uiNorm_representative,TauCeti.DavisKahan.ExactSinTheta.KyFanDominantIdealFamily.Mem
TauCeti.DavisKahan1970.unbounded_sinTwoTheta_uiNorm_representative,TauCeti.DavisKahan.ExactSinTheta.KyFanDominantIdealFamily.gauge
TauCeti.DavisKahan1970.unbounded_sinTwoTheta_uiNorm_representative,TauCeti.DavisKahan.ExactSinTheta.PaperSinThetaRepresentative
TauCeti.DavisKahan1970.unbounded_sinTwoTheta_uiNorm_representative,TauCeti.DavisKahan.ExactSinTheta.PaperSinThetaRepresentative.operator
TauCeti.DavisKahan1970.unbounded_sinTwoTheta_uiNorm_representative,TauCeti.DavisKahan.ExactSinTheta.SemiboundedAbove
TauCeti.DavisKahan1970.unbounded_sinTwoTheta_uiNorm_representative,TauCeti.DavisKahan.ExactSinTheta.SemiboundedBelow
TauCeti.DavisKahan1970.unbounded_sinTwoTheta_uiNorm_representative,TauCeti.DavisKahan.IsSelfAdjointOperator
TauCeti.DavisKahan1970.unbounded_sinTwoTheta_uiNorm_representative,TauCeti.DavisKahan.addBounded_isSelfAdjoint
TauCeti.DavisKahan1970.unbounded_sinTwoTheta_uiNorm_representative,TauCeti.DavisKahan.selfAdjointSpectralRestriction
TauCeti.DavisKahan1970.unbounded_sinTwoTheta_uiNorm_representative,TauCeti.DavisKahan.selfAdjointSpectralSubspace
TauCeti.DavisKahan1970.unbounded_sinTwoTheta_uiNorm_representative,TauCeti.DavisKahan.selfAdjointSpectralSubspace_hasOrthogonalProjection
TauCeti.DavisKahan1970.unbounded_sinTwoTheta_uiNorm_representative,TauCeti.DavisKahan.sinTwoThetaIdealBlock
TauCeti.DavisKahan1970.unbounded_sinTwoTheta_uiNorm_representative,TauCeti.DavisKahanExt.ClosedOperator.IsSelfAdjoint
TauCeti.DavisKahan1970.unbounded_sinTwoTheta_uiNorm_representative,TauCeti.DavisKahanExt.ClosedOperator.addBounded
TauCeti.DavisKahan1970.unbounded_sinTwoTheta_uiNorm_representative,TauCeti.DavisKahanExt.ClosedOperator.toLinearPMap
TauCeti.DavisKahan1970.unbounded_sinTwoTheta_uiNorm_representative,TauCeti.LinearPMap.spectrum
TauCeti.DavisKahan1970.unbounded_sinTwoTheta_uiNorm_representative_real,TauCeti.DavisKahan.ExactSinTheta.FormBoundedSylvesterGap
TauCeti.DavisKahan1970.unbounded_sinTwoTheta_uiNorm_representative_real,TauCeti.DavisKahan.ExactSinTheta.KyFanDominantIdealFamily
TauCeti.DavisKahan1970.unbounded_sinTwoTheta_uiNorm_representative_real,TauCeti.DavisKahan.ExactSinTheta.KyFanDominantIdealFamily.Mem
TauCeti.DavisKahan1970.unbounded_sinTwoTheta_uiNorm_representative_real,TauCeti.DavisKahan.ExactSinTheta.KyFanDominantIdealFamily.gauge
TauCeti.DavisKahan1970.unbounded_sinTwoTheta_uiNorm_representative_real,TauCeti.DavisKahan.ExactSinTheta.PaperSinThetaRepresentative
TauCeti.DavisKahan1970.unbounded_sinTwoTheta_uiNorm_representative_real,TauCeti.DavisKahan.ExactSinTheta.PaperSinThetaRepresentative.operator
TauCeti.DavisKahan1970.unbounded_sinTwoTheta_uiNorm_representative_real,TauCeti.DavisKahan.IsSelfAdjointOperator
TauCeti.DavisKahan1970.unbounded_sinTwoTheta_uiNorm_representative_real,TauCeti.DavisKahan.RealSpectralRestriction.realSelfAdjointSpectralRestriction
TauCeti.DavisKahan1970.unbounded_sinTwoTheta_uiNorm_representative_real,TauCeti.DavisKahan.RealSpectralRestriction.realSelfAdjointSpectralSubspace
TauCeti.DavisKahan1970.unbounded_sinTwoTheta_uiNorm_representative_real,TauCeti.DavisKahan.RealSpectralRestriction.realSelfAdjointSpectralSubspace_hasOrthogonalProjection
TauCeti.DavisKahan1970.unbounded_sinTwoTheta_uiNorm_representative_real,TauCeti.DavisKahan.addBounded_isSelfAdjoint
TauCeti.DavisKahan1970.unbounded_sinTwoTheta_uiNorm_representative_real,TauCeti.DavisKahan.sinTwoThetaIdealBlock
TauCeti.DavisKahan1970.unbounded_sinTwoTheta_uiNorm_representative_real,TauCeti.DavisKahanExt.ClosedOperator
TauCeti.DavisKahan1970.unbounded_sinTwoTheta_uiNorm_representative_real,TauCeti.DavisKahanExt.ClosedOperator.IsSelfAdjoint
TauCeti.DavisKahan1970.unbounded_sinTwoTheta_uiNorm_representative_real,TauCeti.DavisKahanExt.ClosedOperator.addBounded
TauCeti.DavisKahanExt.ClosedOperator.IsSelfAdjoint,TauCeti.DavisKahanExt.ClosedOperator
TauCeti.DavisKahanExt.ClosedOperator.IsSelfAdjoint,TauCeti.DavisKahanExt.ClosedOperator.toLinearPMap
TauCeti.DavisKahanExt.ClosedOperator.ReducesSubspace,TauCeti.DavisKahanExt.ClosedOperator
TauCeti.DavisKahanExt.ClosedOperator.ReducesSubspace,TauCeti.DavisKahanExt.ClosedOperator.toLinearPMap
TauCeti.DavisKahanExt.ClosedOperator.ReducesSubspace,TauCeti.LinearPMap.ReducesSubspace
TauCeti.DavisKahanExt.ClosedOperator.addBounded,TauCeti.DavisKahanExt.ClosedOperator
TauCeti.DavisKahanExt.ClosedOperator.addBounded,TauCeti.DavisKahanExt.ClosedOperator.dense_domain
TauCeti.DavisKahanExt.ClosedOperator.addBounded,TauCeti.DavisKahanExt.ClosedOperator.domain
TauCeti.DavisKahanExt.ClosedOperator.addBounded,TauCeti.DavisKahanExt.ClosedOperator.mk
TauCeti.DavisKahanExt.ClosedOperator.addBounded,TauCeti.DavisKahanExt.ClosedOperator.toLinearMap
TauCeti.DavisKahanExt.ClosedOperator.dense_domain,TauCeti.DavisKahanExt.ClosedOperator
TauCeti.DavisKahanExt.ClosedOperator.dense_domain,TauCeti.DavisKahanExt.ClosedOperator.domain
TauCeti.DavisKahanExt.ClosedOperator.domain,TauCeti.DavisKahanExt.ClosedOperator
TauCeti.DavisKahanExt.ClosedOperator.mk,TauCeti.DavisKahanExt.ClosedOperator
TauCeti.DavisKahanExt.ClosedOperator.reducingRestriction,TauCeti.DavisKahanExt.ClosedOperator
TauCeti.DavisKahanExt.ClosedOperator.reducingRestriction,TauCeti.DavisKahanExt.ClosedOperator.ReducesSubspace
TauCeti.DavisKahanExt.ClosedOperator.reducingRestriction,TauCeti.DavisKahanExt.ClosedOperator.mk
TauCeti.DavisKahanExt.ClosedOperator.reducingRestriction,TauCeti.DavisKahanExt.ClosedOperator.toLinearPMap
TauCeti.DavisKahanExt.ClosedOperator.reducingRestriction,TauCeti.LinearPMap.reducingRestriction
TauCeti.DavisKahanExt.ClosedOperator.toLinearMap,TauCeti.DavisKahanExt.ClosedOperator
TauCeti.DavisKahanExt.ClosedOperator.toLinearMap,TauCeti.DavisKahanExt.ClosedOperator.domain
TauCeti.DavisKahanExt.ClosedOperator.toLinearPMap,TauCeti.DavisKahanExt.ClosedOperator
TauCeti.DavisKahanExt.ClosedOperator.toLinearPMap,TauCeti.DavisKahanExt.ClosedOperator.domain
TauCeti.DavisKahanExt.ClosedOperator.toLinearPMap,TauCeti.DavisKahanExt.ClosedOperator.toLinearMap
TauCeti.DavisKahanExt.boundedSelfAdjointSpectralPVM,TauCeti.BorelCalculus.boundedPVM
TauCeti.DavisKahanExt.boundedSelfAdjointSpectralPVM,TauCeti.DavisKahan.IsSelfAdjointOperator
TauCeti.DavisKahanExt.boundedSelfAdjointSpectralPVM,TauCeti.ProjValMeasure
TauCeti.DavisKahanExt.boundedSelfAdjointSpectralProjection,TauCeti.DavisKahan.IsSelfAdjointOperator
TauCeti.DavisKahanExt.boundedSelfAdjointSpectralProjection,TauCeti.DavisKahanExt.boundedSelfAdjointSpectralPVM
TauCeti.DavisKahanExt.boundedSelfAdjointSpectralProjection,TauCeti.ProjValMeasure.proj
TauCeti.DavisKahanExt.boundedSelfAdjointSpectralSubspace,TauCeti.DavisKahan.IsSelfAdjointOperator
TauCeti.DavisKahanExt.boundedSelfAdjointSpectralSubspace,TauCeti.DavisKahanExt.boundedSelfAdjointSpectralProjection
TauCeti.DavisKahanExt.maximalAngle,TauCeti.DavisKahan.subspaceGap
TauCeti.DavisKahanExt.paperAngleOperatorC,TauCeti.DavisKahanExt.sinAngleOperatorC
TauCeti.DavisKahanExt.paperSinAngleOperatorC,TauCeti.DavisKahanExt.paperAngleOperatorC
TauCeti.DavisKahanExt.paperSinAngleOperatorR,TauCeti.DavisKahan.Foundation.RealComplexification.complexifySubmodule
TauCeti.DavisKahanExt.paperSinAngleOperatorR,TauCeti.DavisKahan.Foundation.RealComplexification.instHasOrthogonalProjectionComplexifySubmodule
TauCeti.DavisKahanExt.paperSinAngleOperatorR,TauCeti.DavisKahanExt.sinAngleOperatorC
TauCeti.DavisKahanExt.paperSinAngleOperatorR,TauCeti.RealComplexification
TauCeti.DavisKahanExt.paperSinAngleOperatorR,TauCeti.RealComplexification.instCompleteSpace
TauCeti.DavisKahanExt.paperSinAngleOperatorR,TauCeti.RealComplexification.instInnerProductSpaceComplex
TauCeti.DavisKahanExt.paperSinAngleOperatorR,TauCeti.RealComplexification.instNormedAddCommGroup
TauCeti.DavisKahanExt.paperSinAngleOperatorR,TauCeti.RealComplexification.realPartOperator
TauCeti.DavisKahanExt.paperSinTwoAngleOperatorC,TauCeti.DavisKahanExt.paperAngleOperatorC
TauCeti.DavisKahanExt.paperSinTwoAngleOperatorR,TauCeti.DavisKahan.Foundation.RealComplexification.complexifySubmodule
TauCeti.DavisKahanExt.paperSinTwoAngleOperatorR,TauCeti.DavisKahan.Foundation.RealComplexification.instHasOrthogonalProjectionComplexifySubmodule
TauCeti.DavisKahanExt.paperSinTwoAngleOperatorR,TauCeti.DavisKahanExt.paperSinTwoAngleOperatorC
TauCeti.DavisKahanExt.paperSinTwoAngleOperatorR,TauCeti.RealComplexification
TauCeti.DavisKahanExt.paperSinTwoAngleOperatorR,TauCeti.RealComplexification.instCompleteSpace
TauCeti.DavisKahanExt.paperSinTwoAngleOperatorR,TauCeti.RealComplexification.instInnerProductSpaceComplex
TauCeti.DavisKahanExt.paperSinTwoAngleOperatorR,TauCeti.RealComplexification.instNormedAddCommGroup
TauCeti.DavisKahanExt.paperSinTwoAngleOperatorR,TauCeti.RealComplexification.realPartOperator
TauCeti.DavisKahanExt.paperTanAngleOperatorC,TauCeti.DavisKahanExt.paperAngleOperatorC
TauCeti.DavisKahanExt.paperTanAngleOperatorR,TauCeti.DavisKahan.Foundation.RealComplexification.complexifySubmodule
TauCeti.DavisKahanExt.paperTanAngleOperatorR,TauCeti.DavisKahan.Foundation.RealComplexification.instHasOrthogonalProjectionComplexifySubmodule
TauCeti.DavisKahanExt.paperTanAngleOperatorR,TauCeti.DavisKahanExt.paperTanAngleOperatorC
TauCeti.DavisKahanExt.paperTanAngleOperatorR,TauCeti.RealComplexification
TauCeti.DavisKahanExt.paperTanAngleOperatorR,TauCeti.RealComplexification.instCompleteSpace
TauCeti.DavisKahanExt.paperTanAngleOperatorR,TauCeti.RealComplexification.instInnerProductSpaceComplex
TauCeti.DavisKahanExt.paperTanAngleOperatorR,TauCeti.RealComplexification.instNormedAddCommGroup
TauCeti.DavisKahanExt.paperTanAngleOperatorR,TauCeti.RealComplexification.realPartOperator
TauCeti.DavisKahanExt.paperTanTwoAngleOperatorC,TauCeti.DavisKahanExt.paperAngleOperatorC
TauCeti.DavisKahanExt.paperTanTwoAngleOperatorR,TauCeti.DavisKahan.Foundation.RealComplexification.complexifySubmodule
TauCeti.DavisKahanExt.paperTanTwoAngleOperatorR,TauCeti.DavisKahan.Foundation.RealComplexification.instHasOrthogonalProjectionComplexifySubmodule
TauCeti.DavisKahanExt.paperTanTwoAngleOperatorR,TauCeti.DavisKahanExt.paperTanTwoAngleOperatorC
TauCeti.DavisKahanExt.paperTanTwoAngleOperatorR,TauCeti.RealComplexification
TauCeti.DavisKahanExt.paperTanTwoAngleOperatorR,TauCeti.RealComplexification.instCompleteSpace
TauCeti.DavisKahanExt.paperTanTwoAngleOperatorR,TauCeti.RealComplexification.instInnerProductSpaceComplex
TauCeti.DavisKahanExt.paperTanTwoAngleOperatorR,TauCeti.RealComplexification.instNormedAddCommGroup
TauCeti.DavisKahanExt.paperTanTwoAngleOperatorR,TauCeti.RealComplexification.realPartOperator
TauCeti.DavisKahanExt.reflectedSubspace,Submodule.reflectionOperator
TauCeti.DavisKahanExt.reflectedSubspace_hasOrthogonalProjection,TauCeti.DavisKahanExt.reflectedSubspace
TauCeti.DavisKahanExt.sinAngleOperatorC,ContinuousLinearMap.modulus
TauCeti.DavisKahanTheory.DavisKahanProposition4_4_Finite,TauCeti.DavisKahanTheory.directRotation
TauCeti.DavisKahanTheory.DavisKahanProposition4_4_Finite,TauCeti.IsAcute
TauCeti.DavisKahanTheory.DavisKahanProposition4_4_Finite,TauCeti.UnitarilyInvariantSeminorm
TauCeti.DavisKahanTheory.DavisKahanProposition4_4_Finite,TauCeti.UnitarilyInvariantSeminorm.toFun
TauCeti.DavisKahanTheory.DavisKahanProposition4_4_Finite,TauCeti.principalAngles
TauCeti.DavisKahanTheory.TanThetaIntervalGap,TauCeti.SpectrumIn
TauCeti.DavisKahanTheory.TanThetaIntervalGap,TauCeti.compression
TauCeti.DavisKahanTheory.canonicalIntertwiner,TauCeti.complementaryProjection
TauCeti.DavisKahanTheory.canonicalIntertwiner,TauCeti.projection
TauCeti.DavisKahanTheory.canonicalIntertwiner_isUnit_of_acute,TauCeti.DavisKahanTheory.canonicalIntertwiner
TauCeti.DavisKahanTheory.canonicalIntertwiner_isUnit_of_acute,TauCeti.IsAcute
TauCeti.DavisKahanTheory.directRotation,TauCeti.DavisKahanTheory.canonicalIntertwiner
TauCeti.DavisKahanTheory.directRotation,TauCeti.DavisKahanTheory.canonicalIntertwiner_isUnit_of_acute
TauCeti.DavisKahanTheory.directRotation,TauCeti.IsAcute
TauCeti.DavisKahanTheory.directRotation,TauCeti.polarUnitaryEquiv
TauCeti.DavisKahanTheory.not_davisKahanProposition4_4_Finite,TauCeti.DavisKahanTheory.DavisKahanProposition4_4_Finite
TauCeti.DavisKahanTheory.partIII_tanTheta_ritzResidual_uiNorm,TauCeti.DavisKahanTheory.TanThetaIntervalGap
TauCeti.DavisKahanTheory.partIII_tanTheta_ritzResidual_uiNorm,TauCeti.IsInvariant
TauCeti.DavisKahanTheory.partIII_tanTheta_ritzResidual_uiNorm,TauCeti.RectangularUnitarilyInvariantSeminorm
TauCeti.DavisKahanTheory.partIII_tanTheta_ritzResidual_uiNorm,TauCeti.RectangularUnitarilyInvariantSeminorm.toFun
TauCeti.DavisKahanTheory.partIII_tanTheta_ritzResidual_uiNorm,TauCeti.approximateSubspace
TauCeti.DavisKahanTheory.partIII_tanTheta_ritzResidual_uiNorm,TauCeti.principalTangents
TauCeti.DavisKahanTheory.partIII_tanTheta_ritzResidual_uiNorm,TauCeti.ritzResidual
TauCeti.DavisKahanTheory.shortRotation_fullDisplacement_refuted,TauCeti.DavisKahanTheory.directRotation
TauCeti.DavisKahanTheory.shortRotation_fullDisplacement_refuted,TauCeti.IsAcute
TauCeti.DavisKahanTheory.shortRotation_fullDisplacement_refuted,TauCeti.kyFanSum
TauCeti.DavisKahanTheory.shortRotation_fullDisplacement_refuted,TauCeti.principalAngles
TauCeti.DavisKahanTheory.sinTwoThetaEmbedding,TauCeti.cosThetaMagnitude
TauCeti.DavisKahanTheory.sinTwoThetaEmbedding,TauCeti.sinThetaEmbedding
TauCeti.FiniteSymmetricGauge.toFun,TauCeti.FiniteSymmetricGauge
TauCeti.HybridGap,TauCeti.SpectraSeparated
TauCeti.InternalGap,TauCeti.SpectraSeparated
TauCeti.IntervalExteriorGap,TauCeti.SpectrumIn
TauCeti.IsOrderedEigenframe,TauCeti.IsEigenFamily
TauCeti.IsOrderedEigenframe.internalGap_span,TauCeti.InternalGap
TauCeti.IsOrderedEigenframe.internalGap_span,TauCeti.IsOrderedEigenframe
TauCeti.IsOrderedEigenframe.orthonormal,TauCeti.IsOrderedEigenframe
TauCeti.IsOrderedEigenframe.span_eq_spanIndices,OrthonormalBasis.spanIndices
TauCeti.IsOrderedEigenframe.span_eq_spanIndices,TauCeti.IsOrderedEigenframe
TauCeti.LinearPMap.ReducesSubspace,TauCeti.LinearPMap.InvariantSubspace
TauCeti.LinearPMap.cayley,TauCeti.LinearPMap.negI_mem_resolventSet
TauCeti.LinearPMap.cayley,TauCeti.LinearPMap.resolvent
TauCeti.LinearPMap.cayleyInv,TauCeti.LinearPMap.cayley
TauCeti.LinearPMap.complexificationDomain,TauCeti.RealComplexification
TauCeti.LinearPMap.complexificationDomain,TauCeti.RealComplexification.im
TauCeti.LinearPMap.complexificationDomain,TauCeti.RealComplexification.instAddCommGroup
TauCeti.LinearPMap.complexificationDomain,TauCeti.RealComplexification.instModuleComplex
TauCeti.LinearPMap.complexificationDomain,TauCeti.RealComplexification.re
TauCeti.LinearPMap.complexificationDomainIm,TauCeti.LinearPMap.complexificationDomain
TauCeti.LinearPMap.complexificationDomainIm,TauCeti.RealComplexification
TauCeti.LinearPMap.complexificationDomainIm,TauCeti.RealComplexification.im
TauCeti.LinearPMap.complexificationDomainIm,TauCeti.RealComplexification.instAddCommGroup
TauCeti.LinearPMap.complexificationDomainIm,TauCeti.RealComplexification.instModuleComplex
TauCeti.LinearPMap.complexificationDomainRe,TauCeti.LinearPMap.complexificationDomain
TauCeti.LinearPMap.complexificationDomainRe,TauCeti.RealComplexification
TauCeti.LinearPMap.complexificationDomainRe,TauCeti.RealComplexification.instAddCommGroup
TauCeti.LinearPMap.complexificationDomainRe,TauCeti.RealComplexification.instModuleComplex
TauCeti.LinearPMap.complexificationDomainRe,TauCeti.RealComplexification.re
TauCeti.LinearPMap.complexificationLinearMap,TauCeti.LinearPMap.complexificationDomain
TauCeti.LinearPMap.complexificationLinearMap,TauCeti.LinearPMap.complexificationDomainIm
TauCeti.LinearPMap.complexificationLinearMap,TauCeti.LinearPMap.complexificationDomainRe
TauCeti.LinearPMap.complexificationLinearMap,TauCeti.RealComplexification
TauCeti.LinearPMap.complexificationLinearMap,TauCeti.RealComplexification.instAddCommGroup
TauCeti.LinearPMap.complexificationLinearMap,TauCeti.RealComplexification.instModuleComplex
TauCeti.LinearPMap.complexificationLinearMap,TauCeti.RealComplexification.mk
TauCeti.LinearPMap.complexifyReal,TauCeti.LinearPMap.complexificationDomain
TauCeti.LinearPMap.complexifyReal,TauCeti.LinearPMap.complexificationLinearMap
TauCeti.LinearPMap.complexifyReal,TauCeti.RealComplexification
TauCeti.LinearPMap.complexifyReal,TauCeti.RealComplexification.instAddCommGroup
TauCeti.LinearPMap.complexifyReal,TauCeti.RealComplexification.instModuleComplex
TauCeti.LinearPMap.instCompleteSpace_realSpecRange,TauCeti.LinearPMap.realSpecRange
TauCeti.LinearPMap.instCompleteSpace_specRange,TauCeti.LinearPMap.specRange
TauCeti.LinearPMap.instHasOrthogonalProjection_realSpecRange,TauCeti.LinearPMap.realSpecRange
TauCeti.LinearPMap.instHasOrthogonalProjection_specRange,TauCeti.LinearPMap.specRange
TauCeti.LinearPMap.isSelfAdjoint_complexifyReal,TauCeti.LinearPMap.complexifyReal
TauCeti.LinearPMap.isSelfAdjoint_complexifyReal,TauCeti.RealComplexification
TauCeti.LinearPMap.isSelfAdjoint_complexifyReal,TauCeti.RealComplexification.instAddCommGroup
TauCeti.LinearPMap.isSelfAdjoint_complexifyReal,TauCeti.RealComplexification.instCompleteSpace
TauCeti.LinearPMap.isSelfAdjoint_complexifyReal,TauCeti.RealComplexification.instInnerProductSpaceComplex
TauCeti.LinearPMap.isSelfAdjoint_complexifyReal,TauCeti.RealComplexification.instModuleComplex
TauCeti.LinearPMap.isSelfAdjoint_complexifyReal,TauCeti.RealComplexification.instNormedAddCommGroup
TauCeti.LinearPMap.isStarNormal_cayley,TauCeti.LinearPMap.cayley
TauCeti.LinearPMap.measurable_cayleyInv,TauCeti.LinearPMap.cayley
TauCeti.LinearPMap.measurable_cayleyInv,TauCeti.LinearPMap.cayleyInv
TauCeti.LinearPMap.negI_mem_resolventSet,TauCeti.LinearPMap.resolventSet
TauCeti.LinearPMap.realSpecProjection,TauCeti.LinearPMap.complexifyReal
TauCeti.LinearPMap.realSpecProjection,TauCeti.LinearPMap.isSelfAdjoint_complexifyReal
TauCeti.LinearPMap.realSpecProjection,TauCeti.LinearPMap.specProjection
TauCeti.LinearPMap.realSpecProjection,TauCeti.RealComplexification
TauCeti.LinearPMap.realSpecProjection,TauCeti.RealComplexification.instCompleteSpace
TauCeti.LinearPMap.realSpecProjection,TauCeti.RealComplexification.instInnerProductSpaceComplex
TauCeti.LinearPMap.realSpecProjection,TauCeti.RealComplexification.instNormedAddCommGroup
TauCeti.LinearPMap.realSpecProjection,TauCeti.RealComplexification.realPartOperator
TauCeti.LinearPMap.realSpecRange,TauCeti.LinearPMap.realSpecProjection
TauCeti.LinearPMap.realSpectrum,TauCeti.LinearPMap.realResolventSet
TauCeti.LinearPMap.reducingRestriction,TauCeti.LinearPMap.ReducesSubspace
TauCeti.LinearPMap.reducingRestriction,TauCeti.LinearPMap.reducingRestrictionDomain
TauCeti.LinearPMap.reducingRestriction,TauCeti.LinearPMap.reducingRestrictionLinearMap
TauCeti.LinearPMap.reducingRestrictionDomainToAmbient,TauCeti.LinearPMap.reducingRestrictionDomain
TauCeti.LinearPMap.reducingRestrictionLinearMap,TauCeti.LinearPMap.ReducesSubspace
TauCeti.LinearPMap.reducingRestrictionLinearMap,TauCeti.LinearPMap.reducingRestrictionDomain
TauCeti.LinearPMap.reducingRestrictionLinearMap,TauCeti.LinearPMap.reducingRestrictionDomainToAmbient
TauCeti.LinearPMap.resolvent,TauCeti.LinearPMap.resolventSet
TauCeti.LinearPMap.specProjection,TauCeti.LinearPMap.spectralPVM
TauCeti.LinearPMap.specProjection,TauCeti.ProjValMeasure.proj
TauCeti.LinearPMap.specRange,TauCeti.LinearPMap.specProjection
TauCeti.LinearPMap.specRestrict,TauCeti.LinearPMap.specRange
TauCeti.LinearPMap.spectralPVM,TauCeti.BorelCalculus.toProjValMeasure
TauCeti.LinearPMap.spectralPVM,TauCeti.LinearPMap.cayley
TauCeti.LinearPMap.spectralPVM,TauCeti.LinearPMap.cayleyInv
TauCeti.LinearPMap.spectralPVM,TauCeti.LinearPMap.isStarNormal_cayley
TauCeti.LinearPMap.spectralPVM,TauCeti.LinearPMap.measurable_cayleyInv
TauCeti.LinearPMap.spectralPVM,TauCeti.ProjValMeasure
TauCeti.LinearPMap.spectrum,TauCeti.LinearPMap.resolventSet
TauCeti.MultiplicityDatum.base,TauCeti.MultiplicityDatum
TauCeti.MultiplicityDatum.bound,TauCeti.MultiplicityDatum
TauCeti.MultiplicityDatum.level,TauCeti.MultiplicityDatum
TauCeti.MultiplicityDatum.measure,TauCeti.MultiplicityDatum
TauCeti.MultiplicityDatum.measure,TauCeti.MultiplicityDatum.base
TauCeti.MultiplicityDatum.measure,TauCeti.MultiplicityDatum.level
TauCeti.MultiplicityDatum.measure,TauCeti.sliceSum
TauCeti.MultiplicityDatum.operator,TauCeti.MultiplicityDatum
TauCeti.MultiplicityDatum.operator,TauCeti.MultiplicityDatum.bound
TauCeti.MultiplicityDatum.operator,TauCeti.MultiplicityDatum.measure
TauCeti.MultiplicityDatum.operator,TauCeti.coordTruncField
TauCeti.MultiplicityDatum.operator,TauCeti.mulLpField
TauCeti.OperatorIdealFamily.gauge,TauCeti.OperatorIdealFamily
TauCeti.ProjValMeasure.mk,TauCeti.ProjValMeasure
TauCeti.ProjValMeasure.proj,TauCeti.ProjValMeasure
TauCeti.RealComplexification.complexOperatorRealAlgebra,TauCeti.RealComplexification
TauCeti.RealComplexification.complexOperatorRealAlgebra,TauCeti.RealComplexification.instAddCommGroup
TauCeti.RealComplexification.complexOperatorRealAlgebra,TauCeti.RealComplexification.instModuleComplex
TauCeti.RealComplexification.complexOperatorRealAlgebra,TauCeti.RealComplexification.instNormedAddCommGroup
TauCeti.RealComplexification.complexify,TauCeti.RealComplexification
TauCeti.RealComplexification.complexify,TauCeti.RealComplexification.im
TauCeti.RealComplexification.complexify,TauCeti.RealComplexification.instAddCommGroup
TauCeti.RealComplexification.complexify,TauCeti.RealComplexification.instModuleComplex
TauCeti.RealComplexification.complexify,TauCeti.RealComplexification.instNormedAddCommGroup
TauCeti.RealComplexification.complexify,TauCeti.RealComplexification.mk
TauCeti.RealComplexification.complexify,TauCeti.RealComplexification.re
TauCeti.RealComplexification.im,TauCeti.RealComplexification
TauCeti.RealComplexification.instAddCommGroup,TauCeti.RealComplexification
TauCeti.RealComplexification.instCompleteSpace,TauCeti.RealComplexification
TauCeti.RealComplexification.instCompleteSpace,TauCeti.RealComplexification.instNormedAddCommGroup
TauCeti.RealComplexification.instInnerProductSpaceComplex,TauCeti.RealComplexification
TauCeti.RealComplexification.instInnerProductSpaceComplex,TauCeti.RealComplexification.im
TauCeti.RealComplexification.instInnerProductSpaceComplex,TauCeti.RealComplexification.instNormedAddCommGroup
TauCeti.RealComplexification.instInnerProductSpaceComplex,TauCeti.RealComplexification.instNormedSpaceComplex
TauCeti.RealComplexification.instInnerProductSpaceComplex,TauCeti.RealComplexification.re
TauCeti.RealComplexification.instModuleComplex,TauCeti.RealComplexification
TauCeti.RealComplexification.instModuleComplex,TauCeti.RealComplexification.instAddCommGroup
TauCeti.RealComplexification.instModuleComplex,TauCeti.RealComplexification.instSMulComplex
TauCeti.RealComplexification.instModuleReal,TauCeti.RealComplexification
TauCeti.RealComplexification.instModuleReal,TauCeti.RealComplexification.instAddCommGroup
TauCeti.RealComplexification.instModuleReal,TauCeti.RealComplexification.instSMulReal
TauCeti.RealComplexification.instNormedAddCommGroup,TauCeti.RealComplexification
TauCeti.RealComplexification.instNormedAddCommGroup,TauCeti.RealComplexification.instAddCommGroup
TauCeti.RealComplexification.instNormedSpaceComplex,TauCeti.RealComplexification
TauCeti.RealComplexification.instNormedSpaceComplex,TauCeti.RealComplexification.instAddCommGroup
TauCeti.RealComplexification.instNormedSpaceComplex,TauCeti.RealComplexification.instModuleComplex
TauCeti.RealComplexification.instNormedSpaceComplex,TauCeti.RealComplexification.instNormedAddCommGroup
TauCeti.RealComplexification.instSMulComplex,TauCeti.RealComplexification
TauCeti.RealComplexification.instSMulComplex,TauCeti.RealComplexification.im
TauCeti.RealComplexification.instSMulComplex,TauCeti.RealComplexification.mk
TauCeti.RealComplexification.instSMulComplex,TauCeti.RealComplexification.re
TauCeti.RealComplexification.instSMulReal,TauCeti.RealComplexification
TauCeti.RealComplexification.mk,TauCeti.RealComplexification
TauCeti.RealComplexification.ofReal,TauCeti.RealComplexification
TauCeti.RealComplexification.ofReal,TauCeti.RealComplexification.instModuleReal
TauCeti.RealComplexification.ofReal,TauCeti.RealComplexification.instNormedAddCommGroup
TauCeti.RealComplexification.ofReal,TauCeti.RealComplexification.mk
TauCeti.RealComplexification.re,TauCeti.RealComplexification
TauCeti.RealComplexification.realContinuousFunctionalCalculus,TauCeti.RealComplexification
TauCeti.RealComplexification.realContinuousFunctionalCalculus,TauCeti.RealComplexification.complexOperatorRealAlgebra
TauCeti.RealComplexification.realContinuousFunctionalCalculus,TauCeti.RealComplexification.instAddCommGroup
TauCeti.RealComplexification.realContinuousFunctionalCalculus,TauCeti.RealComplexification.instCompleteSpace
TauCeti.RealComplexification.realContinuousFunctionalCalculus,TauCeti.RealComplexification.instInnerProductSpaceComplex
TauCeti.RealComplexification.realContinuousFunctionalCalculus,TauCeti.RealComplexification.instModuleComplex
TauCeti.RealComplexification.realContinuousFunctionalCalculus,TauCeti.RealComplexification.instNormedAddCommGroup
TauCeti.RealComplexification.realPartOperator,TauCeti.RealComplexification
TauCeti.RealComplexification.realPartOperator,TauCeti.RealComplexification.instAddCommGroup
TauCeti.RealComplexification.realPartOperator,TauCeti.RealComplexification.instModuleComplex
TauCeti.RealComplexification.realPartOperator,TauCeti.RealComplexification.instModuleReal
TauCeti.RealComplexification.realPartOperator,TauCeti.RealComplexification.instNormedAddCommGroup
TauCeti.RealComplexification.realPartOperator,TauCeti.RealComplexification.instNormedSpaceComplex
TauCeti.RealComplexification.realPartOperator,TauCeti.RealComplexification.ofReal
TauCeti.RealComplexification.realPartOperator,TauCeti.RealComplexification.re
TauCeti.RectangularUnitarilyInvariantSeminorm.frobenius,TauCeti.RectangularUnitarilyInvariantSeminorm
TauCeti.RectangularUnitarilyInvariantSeminorm.frobenius,TauCeti.RectangularUnitarilyInvariantSeminorm.mk
TauCeti.RectangularUnitarilyInvariantSeminorm.mk,TauCeti.RectangularUnitarilyInvariantSeminorm
TauCeti.RectangularUnitarilyInvariantSeminorm.toFun,TauCeti.RectangularUnitarilyInvariantSeminorm
TauCeti.SpectraSeparated,TauCeti.restrictedSpectrum
TauCeti.SpectrumIn,TauCeti.restrictedSpectrum
TauCeti.SymmetricOperatorIdealFamily.toOperatorIdealFamily,TauCeti.OperatorIdealFamily
TauCeti.SymmetricOperatorIdealFamily.toOperatorIdealFamily,TauCeti.SymmetricOperatorIdealFamily
TauCeti.UnitarilyInvariantSeminorm.frobenius,TauCeti.UnitarilyInvariantSeminorm
TauCeti.UnitarilyInvariantSeminorm.frobenius,TauCeti.UnitarilyInvariantSeminorm.mk
TauCeti.UnitarilyInvariantSeminorm.gauge,TauCeti.UnitarilyInvariantSeminorm
TauCeti.UnitarilyInvariantSeminorm.gauge,TauCeti.UnitarilyInvariantSeminorm.toFun
TauCeti.UnitarilyInvariantSeminorm.gauge,TauCeti.diagOp
TauCeti.UnitarilyInvariantSeminorm.mk,TauCeti.UnitarilyInvariantSeminorm
TauCeti.UnitarilyInvariantSeminorm.toFun,TauCeti.UnitarilyInvariantSeminorm
TauCeti.card_filter_lt_eigenvalues_basisDiagonal,TauCeti.basisDiagonal
TauCeti.card_filter_lt_eigenvalues_basisDiagonal,TauCeti.isSymmetric_basisDiagonal
TauCeti.complementaryProjection,TauCeti.projection
TauCeti.coordTruncField,TauCeti.coordTrunc
TauCeti.cosPrincipalAngles,TauCeti.overlapOp
TauCeti.cosThetaEmbedding,TauCeti.projection
TauCeti.cosThetaMagnitude,TauCeti.cosThetaEmbedding
TauCeti.cosThetaMagnitude,TauCeti.trialGramSqrt
TauCeti.cosThetaMap,TauCeti.projection
TauCeti.diagOpLp,TauCeti.diagCoord
TauCeti.eigenvalues_basisDiagonal_eq_of_card,TauCeti.basisDiagonal
TauCeti.eigenvalues_basisDiagonal_eq_of_card,TauCeti.isSymmetric_basisDiagonal
TauCeti.familyIsometry,TauCeti.familyMap
TauCeti.familyIsometry,TauCeti.familyMap_inner_map_map
TauCeti.familyMap_inner_map_map,TauCeti.familyMap
TauCeti.isSymmetric_basisDiagonal,TauCeti.basisDiagonal
TauCeti.isSymmetric_leftGram,TauCeti.leftGram
TauCeti.isSymmetric_rightGram,TauCeti.rightGram
TauCeti.isSymmetric_twoLevelOperator,TauCeti.twoLevelOperator
TauCeti.mulLpField,TauCeti.memLp_two_mul_field
TauCeti.mulLpField,TauCeti.norm_toLp_mul_field_le
TauCeti.norm_toLp_mul_field_le,TauCeti.memLp_two_mul_field
TauCeti.operatorAbs,LinearMap.IsPositive.sqrt
TauCeti.operatorAbsRestrict,TauCeti.operatorAbs
TauCeti.operatorAbsRestrict,TauCeti.operatorAbs_apply_mem_orthogonal_ker
TauCeti.operatorAbs_apply_mem_orthogonal_ker,TauCeti.operatorAbs
TauCeti.overlapOp,TauCeti.familyIsometry
TauCeti.polarFactor,TauCeti.operatorAbsRestrict
TauCeti.polarUnitaryEquiv,TauCeti.polarFactor
TauCeti.principalAngleSequence,TauCeti.principalSineSequence
TauCeti.principalAngles,TauCeti.principalSines
TauCeti.principalCosines,TauCeti.cosThetaMap
TauCeti.principalSineSequence,ContinuousLinearMap.approximationNumber
TauCeti.principalSineSequence,TauCeti.principalSineOperator
TauCeti.principalSines,TauCeti.sinThetaMap
TauCeti.principalTangents,TauCeti.principalAngles
TauCeti.pvmRangeSubspace,TauCeti.ProjValMeasure
TauCeti.pvmRangeSubspace,TauCeti.ProjValMeasure.proj
TauCeti.ritzResidual,TauCeti.compression
TauCeti.ritzResidual,TauCeti.residual
TauCeti.sinThetaEmbedding,TauCeti.complementaryProjection
TauCeti.sinThetaFrobenius,TauCeti.UnitarilyInvariantSeminorm.frobenius
TauCeti.sinThetaFrobenius,TauCeti.UnitarilyInvariantSeminorm.toFun
TauCeti.sinThetaFrobenius,TauCeti.sinThetaMap
TauCeti.sinThetaMap,TauCeti.complementaryProjection
TauCeti.sinThetaMap,TauCeti.projection
TauCeti.sinThetaSq,TauCeti.cosPrincipalAngles
TauCeti.singularValues_sinThetaMap,TauCeti.principalSines
TauCeti.singularValues_sinThetaMap,TauCeti.sinThetaMap
TauCeti.sliceSum,TauCeti.sliceMap
TauCeti.sq_gap_mul_sum_sq_norm_starProjection_orthogonal_le,TauCeti.InternalGap
TauCeti.sq_gap_mul_sum_sq_norm_starProjection_orthogonal_le,TauCeti.IsInvariant
TauCeti.sq_gap_mul_sum_sq_norm_starProjection_orthogonal_le,TauCeti.restrictedSpectrum
TauCeti.sum_sq_norm_aligned_le,TauCeti.choosePolarUnitary
TauCeti.sum_sq_norm_aligned_le,TauCeti.familyIsometry
TauCeti.sum_sq_norm_aligned_le,TauCeti.overlapOp
TauCeti.sum_sq_norm_aligned_le_sinThetaSq,TauCeti.choosePolarUnitary
TauCeti.sum_sq_norm_aligned_le_sinThetaSq,TauCeti.familyIsometry
TauCeti.sum_sq_norm_aligned_le_sinThetaSq,TauCeti.overlapOp
TauCeti.sum_sq_norm_aligned_le_sinThetaSq,TauCeti.sinThetaSq
TauCeti.trialGramSqrt,LinearMap.IsPositive.sqrt
TauCeti.twoLevelOperator,TauCeti.projection
YuWangSamworth2015.CorrespondingEigenblock,OrthonormalBasis.spanIndices
YuWangSamworth2015.DavisKahanTheory.CorrespondingLeftSingularBlock,TauCeti.isSymmetric_leftGram
YuWangSamworth2015.DavisKahanTheory.CorrespondingLeftSingularBlock,TauCeti.leftGram
YuWangSamworth2015.DavisKahanTheory.CorrespondingLeftSingularBlock,YuWangSamworth2015.CorrespondingEigenblock
YuWangSamworth2015.DavisKahanTheory.CorrespondingRightSingularBlock,TauCeti.isSymmetric_rightGram
YuWangSamworth2015.DavisKahanTheory.CorrespondingRightSingularBlock,TauCeti.rightGram
YuWangSamworth2015.DavisKahanTheory.CorrespondingRightSingularBlock,YuWangSamworth2015.CorrespondingEigenblock
YuWangSamworth2015.DavisKahanTheory.IsOrderedLeftSingularFrame,TauCeti.IsOrderedEigenframe
YuWangSamworth2015.DavisKahanTheory.IsOrderedLeftSingularFrame,TauCeti.isSymmetric_leftGram
YuWangSamworth2015.DavisKahanTheory.IsOrderedLeftSingularFrame,TauCeti.leftGram
YuWangSamworth2015.DavisKahanTheory.IsOrderedRightSingularFrame,TauCeti.IsOrderedEigenframe
YuWangSamworth2015.DavisKahanTheory.IsOrderedRightSingularFrame,TauCeti.isSymmetric_rightGram
YuWangSamworth2015.DavisKahanTheory.IsOrderedRightSingularFrame,TauCeti.rightGram
YuWangSamworth2015.DavisKahanTheory.LeftSingularInternalGap,TauCeti.InternalGap
YuWangSamworth2015.DavisKahanTheory.LeftSingularInternalGap,TauCeti.leftGram
YuWangSamworth2015.DavisKahanTheory.RightSingularInternalGap,TauCeti.InternalGap
YuWangSamworth2015.DavisKahanTheory.RightSingularInternalGap,TauCeti.rightGram
YuWangSamworth2015.DavisKahanTheory.card_middleSharpnessSample_level_three,YuWangSamworth2015.DavisKahanTheory.middleSharpnessSampleData
YuWangSamworth2015.DavisKahanTheory.correspondingEigenblock_middleSharpness,TauCeti.basisDiagonal
YuWangSamworth2015.DavisKahanTheory.correspondingEigenblock_middleSharpness,TauCeti.isSymmetric_basisDiagonal
YuWangSamworth2015.DavisKahanTheory.correspondingEigenblock_middleSharpness,YuWangSamworth2015.CorrespondingEigenblock
YuWangSamworth2015.DavisKahanTheory.correspondingEigenblock_middleSharpness,YuWangSamworth2015.DavisKahanTheory.middleSharpnessPopulation
YuWangSamworth2015.DavisKahanTheory.correspondingEigenblock_middleSharpness,YuWangSamworth2015.DavisKahanTheory.middleSharpnessPopulationData
YuWangSamworth2015.DavisKahanTheory.correspondingEigenblock_middleSharpness,YuWangSamworth2015.DavisKahanTheory.middleSharpnessSample
YuWangSamworth2015.DavisKahanTheory.correspondingEigenblock_middleSharpness,YuWangSamworth2015.DavisKahanTheory.middleSharpnessSampleData
YuWangSamworth2015.DavisKahanTheory.correspondingEigenblock_orthogonalSharpness,TauCeti.basisDiagonal
YuWangSamworth2015.DavisKahanTheory.correspondingEigenblock_orthogonalSharpness,TauCeti.isSymmetric_basisDiagonal
YuWangSamworth2015.DavisKahanTheory.correspondingEigenblock_orthogonalSharpness,YuWangSamworth2015.CorrespondingEigenblock
YuWangSamworth2015.DavisKahanTheory.correspondingEigenblock_orthogonalSharpness,YuWangSamworth2015.DavisKahanTheory.orthogonalSharpnessPopulation
YuWangSamworth2015.DavisKahanTheory.correspondingEigenblock_orthogonalSharpness,YuWangSamworth2015.DavisKahanTheory.orthogonalSharpnessPopulationData
YuWangSamworth2015.DavisKahanTheory.correspondingEigenblock_orthogonalSharpness,YuWangSamworth2015.DavisKahanTheory.orthogonalSharpnessSample
YuWangSamworth2015.DavisKahanTheory.correspondingEigenblock_orthogonalSharpness,YuWangSamworth2015.DavisKahanTheory.orthogonalSharpnessSampleData
YuWangSamworth2015.DavisKahanTheory.correspondingEigenblock_planarSharpness,TauCeti.isSymmetric_twoLevelOperator
YuWangSamworth2015.DavisKahanTheory.correspondingEigenblock_planarSharpness,TauCeti.twoLevelOperator
YuWangSamworth2015.DavisKahanTheory.correspondingEigenblock_planarSharpness,YuWangSamworth2015.CorrespondingEigenblock
YuWangSamworth2015.DavisKahanTheory.dist_middleSharpness_aligned,YuWangSamworth2015.DavisKahanTheory.middleSharpnessPopulation
YuWangSamworth2015.DavisKahanTheory.dist_middleSharpness_aligned,YuWangSamworth2015.DavisKahanTheory.middleSharpnessSample
YuWangSamworth2015.DavisKahanTheory.dist_orthogonalSharpness_aligned,YuWangSamworth2015.DavisKahanTheory.orthogonalSharpnessPopulation
YuWangSamworth2015.DavisKahanTheory.dist_orthogonalSharpness_aligned,YuWangSamworth2015.DavisKahanTheory.orthogonalSharpnessSample
YuWangSamworth2015.DavisKahanTheory.eigenvalues_scalarSamplePopulation_zero,TauCeti.basisDiagonal
YuWangSamworth2015.DavisKahanTheory.eigenvalues_scalarSamplePopulation_zero,TauCeti.isSymmetric_basisDiagonal
YuWangSamworth2015.DavisKahanTheory.eigenvalues_scalarSamplePopulation_zero,YuWangSamworth2015.DavisKahanTheory.scalarSamplePopulationData
YuWangSamworth2015.DavisKahanTheory.eigenvalues_scalarSampleSample,TauCeti.basisDiagonal
YuWangSamworth2015.DavisKahanTheory.eigenvalues_scalarSampleSample,TauCeti.isSymmetric_basisDiagonal
YuWangSamworth2015.DavisKahanTheory.frobenius_leftGram_sub_le,TauCeti.RectangularUnitarilyInvariantSeminorm.frobenius
YuWangSamworth2015.DavisKahanTheory.frobenius_leftGram_sub_le,TauCeti.RectangularUnitarilyInvariantSeminorm.toFun
YuWangSamworth2015.DavisKahanTheory.frobenius_leftGram_sub_le,TauCeti.UnitarilyInvariantSeminorm.frobenius
YuWangSamworth2015.DavisKahanTheory.frobenius_leftGram_sub_le,TauCeti.UnitarilyInvariantSeminorm.toFun
YuWangSamworth2015.DavisKahanTheory.frobenius_leftGram_sub_le,TauCeti.leftGram
YuWangSamworth2015.DavisKahanTheory.frobenius_leftGram_sub_le_paperCoefficient,TauCeti.RectangularUnitarilyInvariantSeminorm.frobenius
YuWangSamworth2015.DavisKahanTheory.frobenius_leftGram_sub_le_paperCoefficient,TauCeti.RectangularUnitarilyInvariantSeminorm.toFun
YuWangSamworth2015.DavisKahanTheory.frobenius_leftGram_sub_le_paperCoefficient,TauCeti.UnitarilyInvariantSeminorm.frobenius
YuWangSamworth2015.DavisKahanTheory.frobenius_leftGram_sub_le_paperCoefficient,TauCeti.UnitarilyInvariantSeminorm.toFun
YuWangSamworth2015.DavisKahanTheory.frobenius_leftGram_sub_le_paperCoefficient,TauCeti.leftGram
YuWangSamworth2015.DavisKahanTheory.frobenius_rightGram_sub_le,TauCeti.RectangularUnitarilyInvariantSeminorm.frobenius
YuWangSamworth2015.DavisKahanTheory.frobenius_rightGram_sub_le,TauCeti.RectangularUnitarilyInvariantSeminorm.toFun
YuWangSamworth2015.DavisKahanTheory.frobenius_rightGram_sub_le,TauCeti.UnitarilyInvariantSeminorm.frobenius
YuWangSamworth2015.DavisKahanTheory.frobenius_rightGram_sub_le,TauCeti.UnitarilyInvariantSeminorm.toFun
YuWangSamworth2015.DavisKahanTheory.frobenius_rightGram_sub_le,TauCeti.rightGram
YuWangSamworth2015.DavisKahanTheory.frobenius_rightGram_sub_le_paperCoefficient,TauCeti.RectangularUnitarilyInvariantSeminorm.frobenius
YuWangSamworth2015.DavisKahanTheory.frobenius_rightGram_sub_le_paperCoefficient,TauCeti.RectangularUnitarilyInvariantSeminorm.toFun
YuWangSamworth2015.DavisKahanTheory.frobenius_rightGram_sub_le_paperCoefficient,TauCeti.UnitarilyInvariantSeminorm.frobenius
YuWangSamworth2015.DavisKahanTheory.frobenius_rightGram_sub_le_paperCoefficient,TauCeti.UnitarilyInvariantSeminorm.toFun
YuWangSamworth2015.DavisKahanTheory.frobenius_rightGram_sub_le_paperCoefficient,TauCeti.rightGram
YuWangSamworth2015.DavisKahanTheory.internalGap_middleSharpness,TauCeti.InternalGap
YuWangSamworth2015.DavisKahanTheory.internalGap_middleSharpness,YuWangSamworth2015.DavisKahanTheory.middleSharpnessPopulation
YuWangSamworth2015.DavisKahanTheory.internalGap_orthogonalSharpness,TauCeti.InternalGap
YuWangSamworth2015.DavisKahanTheory.internalGap_orthogonalSharpness,YuWangSamworth2015.DavisKahanTheory.orthogonalSharpnessPopulation
YuWangSamworth2015.DavisKahanTheory.internalGap_planarSharpness,TauCeti.InternalGap
YuWangSamworth2015.DavisKahanTheory.internalGap_planarSharpness,TauCeti.twoLevelOperator
YuWangSamworth2015.DavisKahanTheory.internalGap_section1,TauCeti.InternalGap
YuWangSamworth2015.DavisKahanTheory.internalGap_section1,YuWangSamworth2015.DavisKahanTheory.section1Population
YuWangSamworth2015.DavisKahanTheory.middleSharpnessPopulation,TauCeti.basisDiagonal
YuWangSamworth2015.DavisKahanTheory.middleSharpnessPopulation,YuWangSamworth2015.DavisKahanTheory.middleSharpnessPopulationData
YuWangSamworth2015.DavisKahanTheory.middleSharpnessSample,TauCeti.basisDiagonal
YuWangSamworth2015.DavisKahanTheory.middleSharpnessSample,YuWangSamworth2015.DavisKahanTheory.middleSharpnessSampleData
YuWangSamworth2015.DavisKahanTheory.mixedSeparation,YuWangSamworth2015.DavisKahanTheory.mixedSeparationSet
YuWangSamworth2015.DavisKahanTheory.mixedSeparation_eq_zero_of_le,YuWangSamworth2015.DavisKahanTheory.mixedSeparation
YuWangSamworth2015.DavisKahanTheory.norm_projection_orthogonal_span_singleton,TauCeti.projection
YuWangSamworth2015.DavisKahanTheory.opNorm_leftGram_sub_le_paperCoefficient,TauCeti.leftGram
YuWangSamworth2015.DavisKahanTheory.opNorm_middleSharpness_perturbation,YuWangSamworth2015.DavisKahanTheory.middleSharpnessPopulation
YuWangSamworth2015.DavisKahanTheory.opNorm_middleSharpness_perturbation,YuWangSamworth2015.DavisKahanTheory.middleSharpnessSample
YuWangSamworth2015.DavisKahanTheory.opNorm_orthogonalSharpness_perturbation,YuWangSamworth2015.DavisKahanTheory.orthogonalSharpnessPopulation
YuWangSamworth2015.DavisKahanTheory.opNorm_orthogonalSharpness_perturbation,YuWangSamworth2015.DavisKahanTheory.orthogonalSharpnessSample
YuWangSamworth2015.DavisKahanTheory.opNorm_planarSharpness_perturbation,TauCeti.twoLevelOperator
YuWangSamworth2015.DavisKahanTheory.opNorm_rightGram_sub_le_paperCoefficient,TauCeti.rightGram
YuWangSamworth2015.DavisKahanTheory.opNorm_section1_perturbation,YuWangSamworth2015.DavisKahanTheory.section1Population
YuWangSamworth2015.DavisKahanTheory.opNorm_section1_perturbation,YuWangSamworth2015.DavisKahanTheory.section1Sample
YuWangSamworth2015.DavisKahanTheory.orderedBlockBoundaryGap_leftGram,TauCeti.isSymmetric_leftGram
YuWangSamworth2015.DavisKahanTheory.orderedBlockBoundaryGap_leftGram,TauCeti.leftGram
YuWangSamworth2015.DavisKahanTheory.orderedBlockBoundaryGap_leftGram,YuWangSamworth2015.OrderedBlockBoundaryGap
YuWangSamworth2015.DavisKahanTheory.orderedBlockBoundaryGap_rightGram,TauCeti.isSymmetric_rightGram
YuWangSamworth2015.DavisKahanTheory.orderedBlockBoundaryGap_rightGram,TauCeti.rightGram
YuWangSamworth2015.DavisKahanTheory.orderedBlockBoundaryGap_rightGram,YuWangSamworth2015.OrderedBlockBoundaryGap
YuWangSamworth2015.DavisKahanTheory.orthogonalSharpnessPopulation,TauCeti.basisDiagonal
YuWangSamworth2015.DavisKahanTheory.orthogonalSharpnessPopulation,YuWangSamworth2015.DavisKahanTheory.orthogonalSharpnessPopulationData
YuWangSamworth2015.DavisKahanTheory.orthogonalSharpnessSample,TauCeti.basisDiagonal
YuWangSamworth2015.DavisKahanTheory.orthogonalSharpnessSample,YuWangSamworth2015.DavisKahanTheory.orthogonalSharpnessSampleData
YuWangSamworth2015.DavisKahanTheory.orthogonal_middleSharpness,YuWangSamworth2015.DavisKahanTheory.middleSharpnessPopulation
YuWangSamworth2015.DavisKahanTheory.orthogonal_middleSharpness,YuWangSamworth2015.DavisKahanTheory.middleSharpnessSample
YuWangSamworth2015.DavisKahanTheory.orthogonal_orthogonalSharpness,YuWangSamworth2015.DavisKahanTheory.orthogonalSharpnessPopulation
YuWangSamworth2015.DavisKahanTheory.orthogonal_orthogonalSharpness,YuWangSamworth2015.DavisKahanTheory.orthogonalSharpnessSample
YuWangSamworth2015.DavisKahanTheory.range_projection,TauCeti.projection
YuWangSamworth2015.DavisKahanTheory.rightGram_projection,TauCeti.projection
YuWangSamworth2015.DavisKahanTheory.rightGram_projection,TauCeti.rightGram
YuWangSamworth2015.DavisKahanTheory.section1Population,TauCeti.basisDiagonal
YuWangSamworth2015.DavisKahanTheory.section1Population,YuWangSamworth2015.DavisKahanTheory.section1PopulationData
YuWangSamworth2015.DavisKahanTheory.section1Sample,TauCeti.basisDiagonal
YuWangSamworth2015.DavisKahanTheory.section1Sample,YuWangSamworth2015.DavisKahanTheory.section1SampleData
YuWangSamworth2015.DavisKahanTheory.section1_mixedSeparation_eq_zero,YuWangSamworth2015.DavisKahanTheory.mixedSeparation
YuWangSamworth2015.DavisKahanTheory.section1_mixedSeparation_eq_zero,YuWangSamworth2015.DavisKahanTheory.section1PopulationData
YuWangSamworth2015.DavisKahanTheory.section1_mixedSeparation_eq_zero,YuWangSamworth2015.DavisKahanTheory.section1SampleData
YuWangSamworth2015.DavisKahanTheory.section1_no_sample_eigenvalue_in_block,YuWangSamworth2015.DavisKahanTheory.section1PopulationData
YuWangSamworth2015.DavisKahanTheory.section1_no_sample_eigenvalue_in_block,YuWangSamworth2015.DavisKahanTheory.section1SampleData
YuWangSamworth2015.DavisKahanTheory.section1_populationGap,YuWangSamworth2015.DavisKahanTheory.section1PopulationData
YuWangSamworth2015.DavisKahanTheory.section1_weylRecovery_fails,YuWangSamworth2015.DavisKahanTheory.section1Population
YuWangSamworth2015.DavisKahanTheory.section1_weylRecovery_fails,YuWangSamworth2015.DavisKahanTheory.section1Sample
YuWangSamworth2015.DavisKahanTheory.sinThetaFrobenius_middleSharpness,TauCeti.sinThetaFrobenius
YuWangSamworth2015.DavisKahanTheory.sinThetaFrobenius_middleSharpness,YuWangSamworth2015.DavisKahanTheory.middleSharpnessPopulation
YuWangSamworth2015.DavisKahanTheory.sinThetaFrobenius_middleSharpness,YuWangSamworth2015.DavisKahanTheory.middleSharpnessSample
YuWangSamworth2015.DavisKahanTheory.sinThetaFrobenius_orthogonalSharpness,TauCeti.sinThetaFrobenius
YuWangSamworth2015.DavisKahanTheory.sinThetaFrobenius_orthogonalSharpness,YuWangSamworth2015.DavisKahanTheory.orthogonalSharpnessPopulation
YuWangSamworth2015.DavisKahanTheory.sinThetaFrobenius_orthogonalSharpness,YuWangSamworth2015.DavisKahanTheory.orthogonalSharpnessSample
YuWangSamworth2015.DavisKahanTheory.sinThetaFrobenius_orthogonal_lines,TauCeti.sinThetaFrobenius
YuWangSamworth2015.DavisKahanTheory.sinThetaFrobenius_planarSharpness,TauCeti.sinThetaFrobenius
YuWangSamworth2015.DavisKahanTheory.sq_singularValues_eq_eigenvalues_leftGram,TauCeti.isSymmetric_leftGram
YuWangSamworth2015.DavisKahanTheory.sq_singularValues_eq_eigenvalues_leftGram,TauCeti.leftGram
YuWangSamworth2015.DavisKahanTheory.sq_singularValues_eq_eigenvalues_rightGram,TauCeti.isSymmetric_rightGram
YuWangSamworth2015.DavisKahanTheory.sq_singularValues_eq_eigenvalues_rightGram,TauCeti.rightGram
YuWangSamworth2015.DavisKahanTheory.yuWangSamworth_corollary1_real_le,YuWangSamworth2015.OrderedBlockBoundaryGap
YuWangSamworth2015.DavisKahanTheory.yuWangSamworth_corollary1_scalarSample,TauCeti.sinThetaFrobenius
YuWangSamworth2015.DavisKahanTheory.yuWangSamworth_corollary1_sinTheta_le,TauCeti.sinThetaFrobenius
YuWangSamworth2015.DavisKahanTheory.yuWangSamworth_corollary1_sinTheta_le,YuWangSamworth2015.OrderedBlockBoundaryGap
YuWangSamworth2015.DavisKahanTheory.yuWangSamworth_leftSingularAlignedBasis_block_le,TauCeti.RectangularUnitarilyInvariantSeminorm.frobenius
YuWangSamworth2015.DavisKahanTheory.yuWangSamworth_leftSingularAlignedBasis_block_le,TauCeti.RectangularUnitarilyInvariantSeminorm.toFun
YuWangSamworth2015.DavisKahanTheory.yuWangSamworth_leftSingularAlignedBasis_block_le,YuWangSamworth2015.DavisKahanTheory.IsOrderedLeftSingularFrame
YuWangSamworth2015.DavisKahanTheory.yuWangSamworth_leftSingularAlignedBasis_block_le,YuWangSamworth2015.consecutiveEmb
YuWangSamworth2015.DavisKahanTheory.yuWangSamworth_leftSingularAlignedBasis_frame_le,TauCeti.RectangularUnitarilyInvariantSeminorm.frobenius
YuWangSamworth2015.DavisKahanTheory.yuWangSamworth_leftSingularAlignedBasis_frame_le,TauCeti.RectangularUnitarilyInvariantSeminorm.toFun
YuWangSamworth2015.DavisKahanTheory.yuWangSamworth_leftSingularAlignedBasis_frame_le,TauCeti.isSymmetric_leftGram
YuWangSamworth2015.DavisKahanTheory.yuWangSamworth_leftSingularAlignedBasis_frame_le,TauCeti.leftGram
YuWangSamworth2015.DavisKahanTheory.yuWangSamworth_leftSingularAlignedBasis_frame_le,YuWangSamworth2015.DavisKahanTheory.IsOrderedLeftSingularFrame
YuWangSamworth2015.DavisKahanTheory.yuWangSamworth_leftSingularAlignedBasis_le,TauCeti.RectangularUnitarilyInvariantSeminorm.frobenius
YuWangSamworth2015.DavisKahanTheory.yuWangSamworth_leftSingularAlignedBasis_le,TauCeti.RectangularUnitarilyInvariantSeminorm.toFun
YuWangSamworth2015.DavisKahanTheory.yuWangSamworth_leftSingularAlignedBasis_le,YuWangSamworth2015.DavisKahanTheory.CorrespondingLeftSingularBlock
YuWangSamworth2015.DavisKahanTheory.yuWangSamworth_leftSingularAlignedBasis_le,YuWangSamworth2015.DavisKahanTheory.LeftSingularInternalGap
YuWangSamworth2015.DavisKahanTheory.yuWangSamworth_leftSingularSubspace_block_le,TauCeti.RectangularUnitarilyInvariantSeminorm.frobenius
YuWangSamworth2015.DavisKahanTheory.yuWangSamworth_leftSingularSubspace_block_le,TauCeti.RectangularUnitarilyInvariantSeminorm.toFun
YuWangSamworth2015.DavisKahanTheory.yuWangSamworth_leftSingularSubspace_block_le,TauCeti.sinThetaFrobenius
YuWangSamworth2015.DavisKahanTheory.yuWangSamworth_leftSingularSubspace_block_le,YuWangSamworth2015.DavisKahanTheory.IsOrderedLeftSingularFrame
YuWangSamworth2015.DavisKahanTheory.yuWangSamworth_leftSingularSubspace_block_le,YuWangSamworth2015.consecutiveEmb
YuWangSamworth2015.DavisKahanTheory.yuWangSamworth_leftSingularSubspace_frame_le,TauCeti.RectangularUnitarilyInvariantSeminorm.frobenius
YuWangSamworth2015.DavisKahanTheory.yuWangSamworth_leftSingularSubspace_frame_le,TauCeti.RectangularUnitarilyInvariantSeminorm.toFun
YuWangSamworth2015.DavisKahanTheory.yuWangSamworth_leftSingularSubspace_frame_le,TauCeti.isSymmetric_leftGram
YuWangSamworth2015.DavisKahanTheory.yuWangSamworth_leftSingularSubspace_frame_le,TauCeti.leftGram
YuWangSamworth2015.DavisKahanTheory.yuWangSamworth_leftSingularSubspace_frame_le,TauCeti.sinThetaFrobenius
YuWangSamworth2015.DavisKahanTheory.yuWangSamworth_leftSingularSubspace_frame_le,YuWangSamworth2015.DavisKahanTheory.IsOrderedLeftSingularFrame
YuWangSamworth2015.DavisKahanTheory.yuWangSamworth_leftSingularSubspace_le,TauCeti.RectangularUnitarilyInvariantSeminorm.frobenius
YuWangSamworth2015.DavisKahanTheory.yuWangSamworth_leftSingularSubspace_le,TauCeti.RectangularUnitarilyInvariantSeminorm.toFun
YuWangSamworth2015.DavisKahanTheory.yuWangSamworth_leftSingularSubspace_le,TauCeti.sinThetaFrobenius
YuWangSamworth2015.DavisKahanTheory.yuWangSamworth_leftSingularSubspace_le,YuWangSamworth2015.DavisKahanTheory.CorrespondingLeftSingularBlock
YuWangSamworth2015.DavisKahanTheory.yuWangSamworth_leftSingularSubspace_le,YuWangSamworth2015.DavisKahanTheory.LeftSingularInternalGap
YuWangSamworth2015.DavisKahanTheory.yuWangSamworth_leftSingularSubspace_opNormCoefficient_le,TauCeti.RectangularUnitarilyInvariantSeminorm.frobenius
YuWangSamworth2015.DavisKahanTheory.yuWangSamworth_leftSingularSubspace_opNormCoefficient_le,TauCeti.RectangularUnitarilyInvariantSeminorm.toFun
YuWangSamworth2015.DavisKahanTheory.yuWangSamworth_leftSingularSubspace_opNormCoefficient_le,TauCeti.sinThetaFrobenius
YuWangSamworth2015.DavisKahanTheory.yuWangSamworth_leftSingularSubspace_opNormCoefficient_le,YuWangSamworth2015.DavisKahanTheory.CorrespondingLeftSingularBlock
YuWangSamworth2015.DavisKahanTheory.yuWangSamworth_leftSingularSubspace_opNormCoefficient_le,YuWangSamworth2015.DavisKahanTheory.LeftSingularInternalGap
YuWangSamworth2015.DavisKahanTheory.yuWangSamworth_leftSingularVector_le,TauCeti.leftGram
YuWangSamworth2015.DavisKahanTheory.yuWangSamworth_leftSingularVector_le,TauCeti.restrictedSpectrum
YuWangSamworth2015.DavisKahanTheory.yuWangSamworth_leftSingularVector_le,YuWangSamworth2015.DavisKahanTheory.CorrespondingLeftSingularBlock
YuWangSamworth2015.DavisKahanTheory.yuWangSamworth_leftSingularVector_opNormCoefficient_le,TauCeti.leftGram
YuWangSamworth2015.DavisKahanTheory.yuWangSamworth_leftSingularVector_opNormCoefficient_le,TauCeti.restrictedSpectrum
YuWangSamworth2015.DavisKahanTheory.yuWangSamworth_leftSingularVector_opNormCoefficient_le,YuWangSamworth2015.DavisKahanTheory.CorrespondingLeftSingularBlock
YuWangSamworth2015.DavisKahanTheory.yuWangSamworth_lemma5_columns,TauCeti.RectangularUnitarilyInvariantSeminorm.frobenius
YuWangSamworth2015.DavisKahanTheory.yuWangSamworth_lemma5_columns,TauCeti.RectangularUnitarilyInvariantSeminorm.toFun
YuWangSamworth2015.DavisKahanTheory.yuWangSamworth_lemma5_isometricColumns,TauCeti.RectangularUnitarilyInvariantSeminorm.frobenius
YuWangSamworth2015.DavisKahanTheory.yuWangSamworth_lemma5_isometricColumns,TauCeti.RectangularUnitarilyInvariantSeminorm.toFun
YuWangSamworth2015.DavisKahanTheory.yuWangSamworth_lemma5_orthonormalColumns,TauCeti.RectangularUnitarilyInvariantSeminorm.frobenius
YuWangSamworth2015.DavisKahanTheory.yuWangSamworth_lemma5_orthonormalColumns,TauCeti.RectangularUnitarilyInvariantSeminorm.toFun
YuWangSamworth2015.DavisKahanTheory.yuWangSamworth_lemma5_orthonormalRows,TauCeti.RectangularUnitarilyInvariantSeminorm.frobenius
YuWangSamworth2015.DavisKahanTheory.yuWangSamworth_lemma5_orthonormalRows,TauCeti.RectangularUnitarilyInvariantSeminorm.toFun
YuWangSamworth2015.DavisKahanTheory.yuWangSamworth_lemma5_rows,TauCeti.RectangularUnitarilyInvariantSeminorm.frobenius
YuWangSamworth2015.DavisKahanTheory.yuWangSamworth_lemma5_rows,TauCeti.RectangularUnitarilyInvariantSeminorm.toFun
YuWangSamworth2015.DavisKahanTheory.yuWangSamworth_rightSingularAlignedBasis_block_le,TauCeti.RectangularUnitarilyInvariantSeminorm.frobenius
YuWangSamworth2015.DavisKahanTheory.yuWangSamworth_rightSingularAlignedBasis_block_le,TauCeti.RectangularUnitarilyInvariantSeminorm.toFun
YuWangSamworth2015.DavisKahanTheory.yuWangSamworth_rightSingularAlignedBasis_block_le,YuWangSamworth2015.DavisKahanTheory.IsOrderedRightSingularFrame
YuWangSamworth2015.DavisKahanTheory.yuWangSamworth_rightSingularAlignedBasis_block_le,YuWangSamworth2015.consecutiveEmb
YuWangSamworth2015.DavisKahanTheory.yuWangSamworth_rightSingularAlignedBasis_frame_le,TauCeti.RectangularUnitarilyInvariantSeminorm.frobenius
YuWangSamworth2015.DavisKahanTheory.yuWangSamworth_rightSingularAlignedBasis_frame_le,TauCeti.RectangularUnitarilyInvariantSeminorm.toFun
YuWangSamworth2015.DavisKahanTheory.yuWangSamworth_rightSingularAlignedBasis_frame_le,TauCeti.isSymmetric_rightGram
YuWangSamworth2015.DavisKahanTheory.yuWangSamworth_rightSingularAlignedBasis_frame_le,TauCeti.rightGram
YuWangSamworth2015.DavisKahanTheory.yuWangSamworth_rightSingularAlignedBasis_frame_le,YuWangSamworth2015.DavisKahanTheory.IsOrderedRightSingularFrame
YuWangSamworth2015.DavisKahanTheory.yuWangSamworth_rightSingularAlignedBasis_le,TauCeti.RectangularUnitarilyInvariantSeminorm.frobenius
YuWangSamworth2015.DavisKahanTheory.yuWangSamworth_rightSingularAlignedBasis_le,TauCeti.RectangularUnitarilyInvariantSeminorm.toFun
YuWangSamworth2015.DavisKahanTheory.yuWangSamworth_rightSingularAlignedBasis_le,YuWangSamworth2015.DavisKahanTheory.CorrespondingRightSingularBlock
YuWangSamworth2015.DavisKahanTheory.yuWangSamworth_rightSingularAlignedBasis_le,YuWangSamworth2015.DavisKahanTheory.RightSingularInternalGap
YuWangSamworth2015.DavisKahanTheory.yuWangSamworth_rightSingularSubspace_block_le,TauCeti.RectangularUnitarilyInvariantSeminorm.frobenius
YuWangSamworth2015.DavisKahanTheory.yuWangSamworth_rightSingularSubspace_block_le,TauCeti.RectangularUnitarilyInvariantSeminorm.toFun
YuWangSamworth2015.DavisKahanTheory.yuWangSamworth_rightSingularSubspace_block_le,TauCeti.sinThetaFrobenius
YuWangSamworth2015.DavisKahanTheory.yuWangSamworth_rightSingularSubspace_block_le,YuWangSamworth2015.DavisKahanTheory.IsOrderedRightSingularFrame
YuWangSamworth2015.DavisKahanTheory.yuWangSamworth_rightSingularSubspace_block_le,YuWangSamworth2015.consecutiveEmb
YuWangSamworth2015.DavisKahanTheory.yuWangSamworth_rightSingularSubspace_frame_le,TauCeti.RectangularUnitarilyInvariantSeminorm.frobenius
YuWangSamworth2015.DavisKahanTheory.yuWangSamworth_rightSingularSubspace_frame_le,TauCeti.RectangularUnitarilyInvariantSeminorm.toFun
YuWangSamworth2015.DavisKahanTheory.yuWangSamworth_rightSingularSubspace_frame_le,TauCeti.isSymmetric_rightGram
YuWangSamworth2015.DavisKahanTheory.yuWangSamworth_rightSingularSubspace_frame_le,TauCeti.rightGram
YuWangSamworth2015.DavisKahanTheory.yuWangSamworth_rightSingularSubspace_frame_le,TauCeti.sinThetaFrobenius
YuWangSamworth2015.DavisKahanTheory.yuWangSamworth_rightSingularSubspace_frame_le,YuWangSamworth2015.DavisKahanTheory.IsOrderedRightSingularFrame
YuWangSamworth2015.DavisKahanTheory.yuWangSamworth_rightSingularSubspace_le,TauCeti.RectangularUnitarilyInvariantSeminorm.frobenius
YuWangSamworth2015.DavisKahanTheory.yuWangSamworth_rightSingularSubspace_le,TauCeti.RectangularUnitarilyInvariantSeminorm.toFun
YuWangSamworth2015.DavisKahanTheory.yuWangSamworth_rightSingularSubspace_le,TauCeti.sinThetaFrobenius
YuWangSamworth2015.DavisKahanTheory.yuWangSamworth_rightSingularSubspace_le,YuWangSamworth2015.DavisKahanTheory.CorrespondingRightSingularBlock
YuWangSamworth2015.DavisKahanTheory.yuWangSamworth_rightSingularSubspace_le,YuWangSamworth2015.DavisKahanTheory.RightSingularInternalGap
YuWangSamworth2015.DavisKahanTheory.yuWangSamworth_rightSingularSubspace_opNormCoefficient_le,TauCeti.RectangularUnitarilyInvariantSeminorm.frobenius
YuWangSamworth2015.DavisKahanTheory.yuWangSamworth_rightSingularSubspace_opNormCoefficient_le,TauCeti.RectangularUnitarilyInvariantSeminorm.toFun
YuWangSamworth2015.DavisKahanTheory.yuWangSamworth_rightSingularSubspace_opNormCoefficient_le,TauCeti.sinThetaFrobenius
YuWangSamworth2015.DavisKahanTheory.yuWangSamworth_rightSingularSubspace_opNormCoefficient_le,YuWangSamworth2015.DavisKahanTheory.CorrespondingRightSingularBlock
YuWangSamworth2015.DavisKahanTheory.yuWangSamworth_rightSingularSubspace_opNormCoefficient_le,YuWangSamworth2015.DavisKahanTheory.RightSingularInternalGap
YuWangSamworth2015.DavisKahanTheory.yuWangSamworth_rightSingularVector_le,TauCeti.restrictedSpectrum
YuWangSamworth2015.DavisKahanTheory.yuWangSamworth_rightSingularVector_le,TauCeti.rightGram
YuWangSamworth2015.DavisKahanTheory.yuWangSamworth_rightSingularVector_le,YuWangSamworth2015.DavisKahanTheory.CorrespondingRightSingularBlock
YuWangSamworth2015.DavisKahanTheory.yuWangSamworth_rightSingularVector_opNormCoefficient_le,TauCeti.restrictedSpectrum
YuWangSamworth2015.DavisKahanTheory.yuWangSamworth_rightSingularVector_opNormCoefficient_le,TauCeti.rightGram
YuWangSamworth2015.DavisKahanTheory.yuWangSamworth_rightSingularVector_opNormCoefficient_le,YuWangSamworth2015.DavisKahanTheory.CorrespondingRightSingularBlock
YuWangSamworth2015.DavisKahanTheory.yuWangSamworth_sharpness_middleBlock,YuWangSamworth2015.DavisKahanTheory.middleSharpnessPopulation
YuWangSamworth2015.DavisKahanTheory.yuWangSamworth_sharpness_middleBlock,YuWangSamworth2015.DavisKahanTheory.middleSharpnessSample
YuWangSamworth2015.DavisKahanTheory.yuWangSamworth_sharpness_orthogonalBlocks,YuWangSamworth2015.DavisKahanTheory.orthogonalSharpnessPopulation
YuWangSamworth2015.DavisKahanTheory.yuWangSamworth_sharpness_orthogonalBlocks,YuWangSamworth2015.DavisKahanTheory.orthogonalSharpnessSample
YuWangSamworth2015.DavisKahanTheory.yuWangSamworth_sharpness_planarRotation,TauCeti.sinThetaFrobenius
YuWangSamworth2015.DavisKahanTheory.yuWangSamworth_sharpness_planarRotation,TauCeti.twoLevelOperator
YuWangSamworth2015.DavisKahanTheory.yuWangSamworth_theorem1_frobenius_le,TauCeti.IntervalExteriorGap
YuWangSamworth2015.DavisKahanTheory.yuWangSamworth_theorem1_frobenius_le,TauCeti.IsInvariant
YuWangSamworth2015.DavisKahanTheory.yuWangSamworth_theorem1_frobenius_le,TauCeti.UnitarilyInvariantSeminorm.frobenius
YuWangSamworth2015.DavisKahanTheory.yuWangSamworth_theorem1_frobenius_le,TauCeti.UnitarilyInvariantSeminorm.toFun
YuWangSamworth2015.DavisKahanTheory.yuWangSamworth_theorem1_frobenius_le,TauCeti.sinThetaFrobenius
YuWangSamworth2015.DavisKahanTheory.yuWangSamworth_theorem1_opNorm_le,TauCeti.IntervalExteriorGap
YuWangSamworth2015.DavisKahanTheory.yuWangSamworth_theorem1_opNorm_le,TauCeti.IsInvariant
YuWangSamworth2015.DavisKahanTheory.yuWangSamworth_theorem1_opNorm_le,TauCeti.sinThetaMap
YuWangSamworth2015.DavisKahanTheory.yuWangSamworth_theorem1_uiNorm_le,TauCeti.IntervalExteriorGap
YuWangSamworth2015.DavisKahanTheory.yuWangSamworth_theorem1_uiNorm_le,TauCeti.IsInvariant
YuWangSamworth2015.DavisKahanTheory.yuWangSamworth_theorem1_uiNorm_le,TauCeti.UnitarilyInvariantSeminorm
YuWangSamworth2015.DavisKahanTheory.yuWangSamworth_theorem1_uiNorm_le,TauCeti.UnitarilyInvariantSeminorm.toFun
YuWangSamworth2015.DavisKahanTheory.yuWangSamworth_theorem1_uiNorm_le,TauCeti.sinThetaMap
YuWangSamworth2015.DavisKahanTheory.yuWangSamworth_theorem3_printed_rankBoundary_refutation,TauCeti.RectangularUnitarilyInvariantSeminorm.frobenius
YuWangSamworth2015.DavisKahanTheory.yuWangSamworth_theorem3_printed_rankBoundary_refutation,TauCeti.RectangularUnitarilyInvariantSeminorm.toFun
YuWangSamworth2015.DavisKahanTheory.yuWangSamworth_theorem3_printed_rankBoundary_refutation,TauCeti.rightGram
YuWangSamworth2015.DavisKahanTheory.yuWangSamworth_theorem3_printed_rankBoundary_refutation,TauCeti.sinThetaFrobenius
YuWangSamworth2015.DavisKahanTheory.yuWangSamworth_theorem3_printed_rankBoundary_refutation_euclidean,TauCeti.RectangularUnitarilyInvariantSeminorm.frobenius
YuWangSamworth2015.DavisKahanTheory.yuWangSamworth_theorem3_printed_rankBoundary_refutation_euclidean,TauCeti.RectangularUnitarilyInvariantSeminorm.toFun
YuWangSamworth2015.DavisKahanTheory.yuWangSamworth_theorem3_printed_rankBoundary_refutation_euclidean,TauCeti.rightGram
YuWangSamworth2015.DavisKahanTheory.yuWangSamworth_theorem3_printed_rankBoundary_refutation_euclidean,TauCeti.sinThetaFrobenius
YuWangSamworth2015.OrderedBlockBoundaryGap.gap_of_singleton,YuWangSamworth2015.OrderedBlockBoundaryGap
YuWangSamworth2015.OrderedBlockBoundaryGap.indexGap,YuWangSamworth2015.OrderedBlockBoundaryGap
YuWangSamworth2015.OrderedBlockBoundaryGap.indexGap,YuWangSamworth2015.consecutiveEmb
YuWangSamworth2015.SourcePopulationGap,YuWangSamworth2015.PopulationBoundaryGap
YuWangSamworth2015.SourcePopulationGap.toPopulationBoundaryGap,YuWangSamworth2015.PopulationBoundaryGap
YuWangSamworth2015.SourcePopulationGap.toPopulationBoundaryGap,YuWangSamworth2015.SourcePopulationGap
YuWangSamworth2015.correspondingEigenblock_basisDiagonal_level,TauCeti.basisDiagonal
YuWangSamworth2015.correspondingEigenblock_basisDiagonal_level,TauCeti.isSymmetric_basisDiagonal
YuWangSamworth2015.correspondingEigenblock_basisDiagonal_level,YuWangSamworth2015.CorrespondingEigenblock
YuWangSamworth2015.correspondingEigenblock_eigenvalueLevel,YuWangSamworth2015.CorrespondingEigenblock
YuWangSamworth2015.exists_aligned_orthonormalBasis,TauCeti.sinThetaFrobenius
YuWangSamworth2015.exists_unitary_sum_sq_norm_frameComp_sub_le,TauCeti.sinThetaFrobenius
YuWangSamworth2015.exists_unitary_sum_sq_norm_frameComp_sub_le,YuWangSamworth2015.frameComp
YuWangSamworth2015.frameAlignMatrix_mem_orthogonalGroup,YuWangSamworth2015.frameAlignMatrix
YuWangSamworth2015.frameComp,TauCeti.familyIsometry
YuWangSamworth2015.frameComp_apply,YuWangSamworth2015.frameComp
YuWangSamworth2015.frameComp_eq_sum_frameAlignMatrix,YuWangSamworth2015.frameAlignMatrix
YuWangSamworth2015.frameComp_eq_sum_frameAlignMatrix,YuWangSamworth2015.frameComp
YuWangSamworth2015.frameResidual_eq,TauCeti.IsOrderedEigenframe
YuWangSamworth2015.frobeniusNorm,TauCeti.UnitarilyInvariantSeminorm.frobenius
YuWangSamworth2015.frobeniusNorm,TauCeti.UnitarilyInvariantSeminorm.toFun
YuWangSamworth2015.gramBlockDiagonal,YuWangSamworth2015.gramBlockDiagonalProd
YuWangSamworth2015.gramBlockDiagonalProd,TauCeti.leftGram
YuWangSamworth2015.gramBlockDiagonalProd,TauCeti.rightGram
YuWangSamworth2015.hermitianDilation,YuWangSamworth2015.hermitianDilationProd
YuWangSamworth2015.hermitianDilation_sq,YuWangSamworth2015.gramBlockDiagonal
YuWangSamworth2015.hermitianDilation_sq,YuWangSamworth2015.hermitianDilation
YuWangSamworth2015.isEigenvectorBlock_iff,YuWangSamworth2015.IsEigenvectorBlock
YuWangSamworth2015.isSymmetric_hermitianDilation,YuWangSamworth2015.hermitianDilation
YuWangSamworth2015.leftSingularSubspace,TauCeti.leftGram
YuWangSamworth2015.leftSingularSubspace,TauCeti.spectralSubspace
YuWangSamworth2015.leftSingularSubspace_sinTheta_le,TauCeti.IntervalExteriorGap
YuWangSamworth2015.leftSingularSubspace_sinTheta_le,TauCeti.leftGram
YuWangSamworth2015.leftSingularSubspace_sinTheta_le,TauCeti.sinThetaMap
YuWangSamworth2015.leftSingularSubspace_sinTheta_le,YuWangSamworth2015.leftSingularSubspace
YuWangSamworth2015.mem_range_consecutiveEmb,YuWangSamworth2015.consecutiveEmb
YuWangSamworth2015.orderedBlockBoundaryGap_iff,YuWangSamworth2015.OrderedBlockBoundaryGap
YuWangSamworth2015.orthonormal_frameComp,YuWangSamworth2015.frameComp
YuWangSamworth2015.populationBoundaryGap_iff,YuWangSamworth2015.PopulationBoundaryGap
YuWangSamworth2015.residualColumn_eq,YuWangSamworth2015.residualColumn
YuWangSamworth2015.rightSingularSubspace,TauCeti.rightGram
YuWangSamworth2015.rightSingularSubspace,TauCeti.spectralSubspace
YuWangSamworth2015.rightSingularSubspace_sinTheta_le,TauCeti.IntervalExteriorGap
YuWangSamworth2015.rightSingularSubspace_sinTheta_le,TauCeti.rightGram
YuWangSamworth2015.rightSingularSubspace_sinTheta_le,TauCeti.sinThetaMap
YuWangSamworth2015.rightSingularSubspace_sinTheta_le,YuWangSamworth2015.rightSingularSubspace
YuWangSamworth2015.sinThetaFrobenius_eq_sqrt_sum_cross,TauCeti.sinThetaFrobenius
YuWangSamworth2015.sinThetaFrobenius_spanIndices_of_subset_compl,OrthonormalBasis.spanIndices
YuWangSamworth2015.sinThetaFrobenius_spanIndices_of_subset_compl,TauCeti.sinThetaFrobenius
YuWangSamworth2015.sinThetaSq_eq_sinThetaFrobenius_sq_of_spans,TauCeti.sinThetaFrobenius
YuWangSamworth2015.sinThetaSq_eq_sinThetaFrobenius_sq_of_spans,TauCeti.sinThetaSq
YuWangSamworth2015.singularSubspace_dilation_sinTheta_le,TauCeti.HybridGap
YuWangSamworth2015.singularSubspace_dilation_sinTheta_le,TauCeti.sinThetaMap
YuWangSamworth2015.singularSubspace_dilation_sinTheta_le,TauCeti.spectralSubspace
YuWangSamworth2015.singularSubspace_dilation_sinTheta_le,YuWangSamworth2015.hermitianDilation
YuWangSamworth2015.sourcePopulationGap_iff,YuWangSamworth2015.PopulationBoundaryGap
YuWangSamworth2015.sourcePopulationGap_iff,YuWangSamworth2015.SourcePopulationGap
YuWangSamworth2015.span_range_frameComp,YuWangSamworth2015.frameComp
YuWangSamworth2015.sq_gap_mul_sum_cross_le_sum_sq_norm_residualColumn,YuWangSamworth2015.residualColumn
YuWangSamworth2015.sum_sq_norm_frameResidual_le,TauCeti.IsOrderedEigenframe
YuWangSamworth2015.sum_sq_norm_frameResidual_le_of_opNorm,TauCeti.IsOrderedEigenframe
YuWangSamworth2015.sum_sq_norm_residualColumn_le,YuWangSamworth2015.residualColumn
YuWangSamworth2015.sum_sq_norm_residualColumn_le_of_opNorm,YuWangSamworth2015.residualColumn
YuWangSamworth2015.theorem2_alignedFrame,YuWangSamworth2015.IsEigenvectorBlock
YuWangSamworth2015.theorem2_alignedFrame,YuWangSamworth2015.SourcePopulationGap
YuWangSamworth2015.theorem2_alignedFrame,YuWangSamworth2015.frobeniusNorm
YuWangSamworth2015.theorem2_sinTheta,TauCeti.sinThetaFrobenius
YuWangSamworth2015.theorem2_sinTheta,YuWangSamworth2015.IsEigenvectorBlock
YuWangSamworth2015.theorem2_sinTheta,YuWangSamworth2015.SourcePopulationGap
YuWangSamworth2015.theorem2_sinTheta,YuWangSamworth2015.frobeniusNorm
YuWangSamworth2015.yuWangSamworth_alignedBasis_frame_le,TauCeti.IsOrderedEigenframe
YuWangSamworth2015.yuWangSamworth_alignedBasis_frame_le,TauCeti.UnitarilyInvariantSeminorm.frobenius
YuWangSamworth2015.yuWangSamworth_alignedBasis_frame_le,TauCeti.UnitarilyInvariantSeminorm.toFun
YuWangSamworth2015.yuWangSamworth_alignedBasis_le,TauCeti.InternalGap
YuWangSamworth2015.yuWangSamworth_alignedBasis_le,TauCeti.IsInvariant
YuWangSamworth2015.yuWangSamworth_alignedBasis_le,TauCeti.UnitarilyInvariantSeminorm.frobenius
YuWangSamworth2015.yuWangSamworth_alignedBasis_le,TauCeti.UnitarilyInvariantSeminorm.toFun
YuWangSamworth2015.yuWangSamworth_alignedBasis_le,YuWangSamworth2015.CorrespondingEigenblock
YuWangSamworth2015.yuWangSamworth_alignedBasis_le_residual,TauCeti.IsOrderedEigenframe
YuWangSamworth2015.yuWangSamworth_alignedFrame_block_le,TauCeti.IsOrderedEigenframe
YuWangSamworth2015.yuWangSamworth_alignedFrame_block_le,TauCeti.IsOrderedEigenframe.orthonormal
YuWangSamworth2015.yuWangSamworth_alignedFrame_block_le,TauCeti.UnitarilyInvariantSeminorm.frobenius
YuWangSamworth2015.yuWangSamworth_alignedFrame_block_le,TauCeti.UnitarilyInvariantSeminorm.toFun
YuWangSamworth2015.yuWangSamworth_alignedFrame_block_le,YuWangSamworth2015.OrderedBlockBoundaryGap
YuWangSamworth2015.yuWangSamworth_alignedFrame_block_le,YuWangSamworth2015.consecutiveEmb
YuWangSamworth2015.yuWangSamworth_alignedFrame_block_le,YuWangSamworth2015.frameComp
YuWangSamworth2015.yuWangSamworth_alignedFrame_block_le_residual,TauCeti.IsOrderedEigenframe
YuWangSamworth2015.yuWangSamworth_alignedFrame_block_le_residual,TauCeti.IsOrderedEigenframe.orthonormal
YuWangSamworth2015.yuWangSamworth_alignedFrame_block_le_residual,YuWangSamworth2015.OrderedBlockBoundaryGap
YuWangSamworth2015.yuWangSamworth_alignedFrame_block_le_residual,YuWangSamworth2015.consecutiveEmb
YuWangSamworth2015.yuWangSamworth_alignedFrame_block_le_residual,YuWangSamworth2015.frameComp
YuWangSamworth2015.yuWangSamworth_alignedFrame_block_real_le,TauCeti.IsOrderedEigenframe
YuWangSamworth2015.yuWangSamworth_alignedFrame_block_real_le,TauCeti.UnitarilyInvariantSeminorm.frobenius
YuWangSamworth2015.yuWangSamworth_alignedFrame_block_real_le,TauCeti.UnitarilyInvariantSeminorm.toFun
YuWangSamworth2015.yuWangSamworth_alignedFrame_block_real_le,YuWangSamworth2015.OrderedBlockBoundaryGap
YuWangSamworth2015.yuWangSamworth_alignedFrame_block_real_le,YuWangSamworth2015.consecutiveEmb
YuWangSamworth2015.yuWangSamworth_alignedFrame_le,TauCeti.IsOrderedEigenframe
YuWangSamworth2015.yuWangSamworth_alignedFrame_le,TauCeti.IsOrderedEigenframe.orthonormal
YuWangSamworth2015.yuWangSamworth_alignedFrame_le,TauCeti.UnitarilyInvariantSeminorm.frobenius
YuWangSamworth2015.yuWangSamworth_alignedFrame_le,TauCeti.UnitarilyInvariantSeminorm.toFun
YuWangSamworth2015.yuWangSamworth_alignedFrame_le,YuWangSamworth2015.frameComp
YuWangSamworth2015.yuWangSamworth_alignedFrame_le_residual,TauCeti.IsOrderedEigenframe
YuWangSamworth2015.yuWangSamworth_alignedFrame_le_residual,TauCeti.IsOrderedEigenframe.orthonormal
YuWangSamworth2015.yuWangSamworth_alignedFrame_le_residual,YuWangSamworth2015.frameComp
YuWangSamworth2015.yuWangSamworth_alignedFrame_real_le,TauCeti.IsOrderedEigenframe
YuWangSamworth2015.yuWangSamworth_alignedFrame_real_le,TauCeti.UnitarilyInvariantSeminorm.frobenius
YuWangSamworth2015.yuWangSamworth_alignedFrame_real_le,TauCeti.UnitarilyInvariantSeminorm.toFun
YuWangSamworth2015.yuWangSamworth_eigenvector_frame_sinTheta_le,TauCeti.sinThetaFrobenius
YuWangSamworth2015.yuWangSamworth_eigenvector_le,TauCeti.restrictedSpectrum
YuWangSamworth2015.yuWangSamworth_eigenvector_le,YuWangSamworth2015.CorrespondingEigenblock
YuWangSamworth2015.yuWangSamworth_intervalBlock_le,TauCeti.InternalGap
YuWangSamworth2015.yuWangSamworth_intervalBlock_le,TauCeti.UnitarilyInvariantSeminorm.frobenius
YuWangSamworth2015.yuWangSamworth_intervalBlock_le,TauCeti.UnitarilyInvariantSeminorm.toFun
YuWangSamworth2015.yuWangSamworth_intervalBlock_le,TauCeti.sinThetaFrobenius
YuWangSamworth2015.yuWangSamworth_intervalBlock_le,TauCeti.spectralSubspace
YuWangSamworth2015.yuWangSamworth_intervalBlock_le,YuWangSamworth2015.CorrespondingEigenblock
YuWangSamworth2015.yuWangSamworth_sinTheta_block_le,TauCeti.IsOrderedEigenframe
YuWangSamworth2015.yuWangSamworth_sinTheta_block_le,TauCeti.UnitarilyInvariantSeminorm.frobenius
YuWangSamworth2015.yuWangSamworth_sinTheta_block_le,TauCeti.UnitarilyInvariantSeminorm.toFun
YuWangSamworth2015.yuWangSamworth_sinTheta_block_le,TauCeti.sinThetaFrobenius
YuWangSamworth2015.yuWangSamworth_sinTheta_block_le,YuWangSamworth2015.OrderedBlockBoundaryGap
YuWangSamworth2015.yuWangSamworth_sinTheta_block_le,YuWangSamworth2015.consecutiveEmb
YuWangSamworth2015.yuWangSamworth_sinTheta_block_le_residual,TauCeti.IsOrderedEigenframe
YuWangSamworth2015.yuWangSamworth_sinTheta_block_le_residual,TauCeti.sinThetaFrobenius
YuWangSamworth2015.yuWangSamworth_sinTheta_block_le_residual,YuWangSamworth2015.OrderedBlockBoundaryGap
YuWangSamworth2015.yuWangSamworth_sinTheta_block_le_residual,YuWangSamworth2015.consecutiveEmb
YuWangSamworth2015.yuWangSamworth_sinTheta_frame_le,TauCeti.IsOrderedEigenframe
YuWangSamworth2015.yuWangSamworth_sinTheta_frame_le,TauCeti.UnitarilyInvariantSeminorm.frobenius
YuWangSamworth2015.yuWangSamworth_sinTheta_frame_le,TauCeti.UnitarilyInvariantSeminorm.toFun
YuWangSamworth2015.yuWangSamworth_sinTheta_frame_le,TauCeti.sinThetaFrobenius
YuWangSamworth2015.yuWangSamworth_sinTheta_le,TauCeti.InternalGap
YuWangSamworth2015.yuWangSamworth_sinTheta_le,TauCeti.IsInvariant
YuWangSamworth2015.yuWangSamworth_sinTheta_le,TauCeti.UnitarilyInvariantSeminorm.frobenius
YuWangSamworth2015.yuWangSamworth_sinTheta_le,TauCeti.UnitarilyInvariantSeminorm.toFun
YuWangSamworth2015.yuWangSamworth_sinTheta_le,TauCeti.sinThetaFrobenius
YuWangSamworth2015.yuWangSamworth_sinTheta_le,YuWangSamworth2015.CorrespondingEigenblock
YuWangSamworth2015.yuWangSamworth_sinTheta_le_residual,TauCeti.IsOrderedEigenframe
YuWangSamworth2015.yuWangSamworth_sinTheta_le_residual,TauCeti.sinThetaFrobenius
