corpus,source_id,theory_id,declaration,module,min_distance,is_root
DK1970,DK-3.1-cor,operator_ideals_uinorms,ContinuousLinearMap.approximationNumber,ForTauCeti.Analysis.OperatorIdeal.ApproximationNumber.Basic,2,0
DK1970,DK-3.1-cor,direct_rotation_two_projection,TauCeti.DavisKahan.AngleSequenceAmbient,DavisKahan.Geometry.Halmos.AngleSequenceRealization,1,0
DK1970,DK-3.1-cor,direct_rotation_two_projection,TauCeti.DavisKahan.AngleSequenceSpace,DavisKahan.Geometry.Halmos.AngleSequenceRealization,1,0
DK1970,DK-3.1-cor,direct_rotation_two_projection,TauCeti.DavisKahan.Frontier.PairOfSubspacesUnitaryEquivalent,DavisKahan.Geometry.Halmos.UnitaryEquivalence,1,0
DK1970,DK-3.1-cor,dk_result_layer,TauCeti.DavisKahan.Frontier.Section3.SameHalmosTrivialDimensions,DavisKahan.Frontier.Section3,1,0
DK1970,DK-3.1-cor,dk_result_layer,TauCeti.DavisKahan.Frontier.Section3.compactAngleEigenvalueList,DavisKahan.Frontier.Section3,1,0
DK1970,DK-3.1-cor,dk_result_layer,TauCeti.DavisKahan.Frontier.Section3.corollary3_1_compact_classification_real,DavisKahan.Frontier.Section3,0,1
DK1970,DK-3.1-cor,dk_result_layer,TauCeti.DavisKahan.Frontier.Section3.corollary3_1_compact_defectBlock_angleList_classification,DavisKahan.Frontier.Section3,0,1
DK1970,DK-3.1-cor,dk_result_layer,TauCeti.DavisKahan.Frontier.Section3.corollary3_1_realization,DavisKahan.Frontier.Section3,0,1
DK1970,DK-3.1-cor,direct_rotation_two_projection,TauCeti.DavisKahan.HalmosAngleDatum,DavisKahan.Geometry.Halmos.Realization,2,0
DK1970,DK-3.1-cor,direct_rotation_two_projection,TauCeti.DavisKahan.HalmosAngleDatum.cos₀,DavisKahan.Geometry.Halmos.Realization,3,0
DK1970,DK-3.1-cor,direct_rotation_two_projection,TauCeti.DavisKahan.HalmosAngleDatum.instCompleteSpaceSubtypeWithLpOfNatENNRealProdMemSubmoduleTargetSubspace,DavisKahan.Geometry.Halmos.Realization,1,0
DK1970,DK-3.1-cor,direct_rotation_two_projection,TauCeti.DavisKahan.HalmosAngleDatum.intertwiner,DavisKahan.Geometry.Halmos.Realization,3,0
DK1970,DK-3.1-cor,direct_rotation_two_projection,TauCeti.DavisKahan.HalmosAngleDatum.mk,DavisKahan.Geometry.Halmos.Realization,2,0
DK1970,DK-3.1-cor,direct_rotation_two_projection,TauCeti.DavisKahan.HalmosAngleDatum.realizingIsometry,DavisKahan.Geometry.Halmos.Realization,2,0
DK1970,DK-3.1-cor,direct_rotation_two_projection,TauCeti.DavisKahan.HalmosAngleDatum.sin₀,DavisKahan.Geometry.Halmos.Realization,3,0
DK1970,DK-3.1-cor,direct_rotation_two_projection,TauCeti.DavisKahan.HalmosAngleDatum.targetSubspace,DavisKahan.Geometry.Halmos.Realization,1,0
DK1970,DK-3.1-cor,direct_rotation_two_projection,TauCeti.DavisKahan.SameCompactAngleData,DavisKahan.Geometry.Halmos.CompactClassification,1,0
DK1970,DK-3.1-cor,direct_rotation_two_projection,TauCeti.DavisKahan.angleCosOp,DavisKahan.Geometry.Halmos.AngleSequenceRealization,2,0
DK1970,DK-3.1-cor,direct_rotation_two_projection,TauCeti.DavisKahan.angleCosSeq,DavisKahan.Geometry.Halmos.AngleSequenceRealization,3,0
DK1970,DK-3.1-cor,direct_rotation_two_projection,TauCeti.DavisKahan.angleSequenceDatum,DavisKahan.Geometry.Halmos.AngleSequenceRealization,1,0
DK1970,DK-3.1-cor,direct_rotation_two_projection,TauCeti.DavisKahan.angleSinOp,DavisKahan.Geometry.Halmos.AngleSequenceRealization,1,0
DK1970,DK-3.1-cor,direct_rotation_two_projection,TauCeti.DavisKahan.angleSinSeq,DavisKahan.Geometry.Halmos.AngleSequenceRealization,2,0
DK1970,DK-3.1-cor,direct_rotation_two_projection,TauCeti.DavisKahan.genericCosineBlock,DavisKahan.Geometry.Halmos.GenericPosition,1,0
DK1970,DK-3.1-cor,direct_rotation_two_projection,TauCeti.DavisKahan.genericLeftHalf,DavisKahan.Geometry.Halmos.GenericPosition,1,0
DK1970,DK-3.1-cor,direct_rotation_two_projection,TauCeti.DavisKahan.halmosCommonPart,DavisKahan.Geometry.Halmos.TwoProjections,1,0
DK1970,DK-3.1-cor,direct_rotation_two_projection,TauCeti.DavisKahan.halmosExteriorPart,DavisKahan.Geometry.Halmos.TwoProjections,1,0
DK1970,DK-3.1-cor,direct_rotation_two_projection,TauCeti.DavisKahan.halmosGenericPart,DavisKahan.Geometry.Halmos.TwoProjections,2,0
DK1970,DK-3.1-cor,direct_rotation_two_projection,TauCeti.DavisKahan.halmosSourceDefect,DavisKahan.Geometry.Halmos.TwoProjections,4,0
DK1970,DK-3.1-cor,direct_rotation_two_projection,TauCeti.DavisKahan.halmosTargetDefect,DavisKahan.Geometry.Halmos.TwoProjections,4,0
DK1970,DK-3.1-cor,direct_rotation_two_projection,TauCeti.DavisKahan.halmosTrivialPart,DavisKahan.Geometry.Halmos.TwoProjections,3,0
DK1970,DK-3.1-cor,direct_rotation_two_projection,TauCeti.DavisKahan.instCompleteSpaceGenericLeftHalf,DavisKahan.Geometry.Halmos.GenericPosition,1,0
DK1970,DK-3.1-cor,direct_rotation_two_projection,TauCeti.DavisKahan.instCompleteSpaceSubtypeWithLpOfNatENNRealProdMemSubmoduleSourceSubspace,DavisKahan.Geometry.Halmos.Realization,1,0
DK1970,DK-3.1-cor,direct_rotation_two_projection,TauCeti.DavisKahan.modelInl,DavisKahan.Geometry.Halmos.Realization,1,0
DK1970,DK-3.1-cor,direct_rotation_two_projection,TauCeti.DavisKahan.modelInr,DavisKahan.Geometry.Halmos.Realization,1,0
DK1970,DK-3.1-cor,direct_rotation_two_projection,TauCeti.DavisKahan.norm_angleCosSeq_le,DavisKahan.Geometry.Halmos.AngleSequenceRealization,3,0
DK1970,DK-3.1-cor,direct_rotation_two_projection,TauCeti.DavisKahan.norm_angleSinSeq_le,DavisKahan.Geometry.Halmos.AngleSequenceRealization,2,0
DK1970,DK-3.1-cor,dk_result_layer,TauCeti.DavisKahan.projection,DavisKahan.BoundedOperator.Compat,1,0
DK1970,DK-3.1-cor,direct_rotation_two_projection,TauCeti.DavisKahan.sourceSubspace,DavisKahan.Geometry.Halmos.Realization,1,0
DK1970,DK-3.1-cor,sylvester_intertwiner,TauCeti.DavisKahanExt.compressOperator,DavisKahan.Sylvester.Spectrum,2,0
DK1970,DK-3.1-cor,operator_ideals_uinorms,TauCeti.diagCoord,ForTauCeti.Analysis.OperatorIdeal.ApproximationNumber.DiagonalSequence,3,0
DK1970,DK-3.1-cor,operator_ideals_uinorms,TauCeti.diagOpLp,ForTauCeti.Analysis.OperatorIdeal.ApproximationNumber.DiagonalSequence,2,0
DK1970,DK-3.1-prop,operator_ideals_uinorms,ContinuousLinearMap.modulus,ForTauCeti.Analysis.InnerProductSpace.OperatorModulus,6,0
DK1970,DK-3.1-prop,direct_rotation_two_projection,ContinuousLinearMap.modulusCorestrict,ForTauCeti.Analysis.InnerProductSpace.Polar.PartialIsometry,6,0
DK1970,DK-3.1-prop,direct_rotation_two_projection,ContinuousLinearMap.modulus_apply_mem_polarInitial,ForTauCeti.Analysis.InnerProductSpace.Polar.PartialIsometry,7,0
DK1970,DK-3.1-prop,direct_rotation_two_projection,ContinuousLinearMap.polarInitial,ForTauCeti.Analysis.InnerProductSpace.Polar.PartialIsometry,5,0
DK1970,DK-3.1-prop,direct_rotation_two_projection,ContinuousLinearMap.polarPartial,ForTauCeti.Analysis.InnerProductSpace.Polar.PartialIsometry,4,0
DK1970,DK-3.1-prop,direct_rotation_two_projection,ContinuousLinearMap.polarPartialAux,ForTauCeti.Analysis.InnerProductSpace.Polar.PartialIsometry,5,0
DK1970,DK-3.1-prop,dk_result_layer,TauCeti.DavisKahan.complementaryProjection,DavisKahan.BoundedOperator.Compat,4,0
DK1970,DK-3.1-prop,dk_result_layer,TauCeti.DavisKahan.projection,DavisKahan.BoundedOperator.Compat,4,0
DK1970,DK-3.1-prop,direct_rotation_two_projection,TauCeti.DavisKahan.spectraCanonicalIntertwiner,DavisKahan.Geometry.Polar.DirectRotation,3,0
DK1970,DK-3.1-prop,direct_rotation_two_projection,TauCeti.DavisKahan.spectraCanonicalPolarFactor,DavisKahan.Geometry.Polar.DirectRotation,2,0
DK1970,DK-3.1-prop,direct_rotation_two_projection,TauCeti.DavisKahan.spectraPolarIsometry,DavisKahan.Geometry.Polar.OperatorAbsoluteValue,3,0
DK1970,DK-3.1-prop,dk_result_layer,TauCeti.DavisKahan1970.acute_directRotation,DavisKahan.Sources.DavisKahan1970.Section3AcuteDirectRotation,1,0
DK1970,DK-3.1-prop,dk_result_layer,TauCeti.DavisKahan1970.proposition3_1_source,DavisKahan.Sources.DavisKahan1970.Section3AcuteDirectRotation,0,1
DK1970,DK-3.1-prop,hilbert_subspace_geometry,TauCeti.IsAcute,ForTauCeti.Analysis.InnerProductSpace.AngleGeometry,1,0
DK1970,DK-3.1-thm,direct_rotation_two_projection,TauCeti.DavisKahan.Frontier.PairOfSubspacesUnitaryEquivalent,DavisKahan.Geometry.Halmos.UnitaryEquivalence,1,0
DK1970,DK-3.1-thm,dk_result_layer,TauCeti.DavisKahan.Frontier.SameSpectralMultiplicity,DavisKahan.Frontier.Core,1,0
DK1970,DK-3.1-thm,dk_result_layer,TauCeti.DavisKahan.Frontier.Section3.SameHalmosTrivialDimensions,DavisKahan.Frontier.Section3,1,0
DK1970,DK-3.1-thm,dk_result_layer,TauCeti.DavisKahan.Frontier.Section3.theorem3_1_realization,DavisKahan.Frontier.Section3,0,1
DK1970,DK-3.1-thm,dk_result_layer,TauCeti.DavisKahan.Frontier.Section3.theorem3_1_spectralMultiplicity_classification,DavisKahan.Frontier.Section3,0,1
DK1970,DK-3.1-thm,dk_result_layer,TauCeti.DavisKahan.Frontier.Section3.theorem3_1_spectralMultiplicity_classification_real,DavisKahan.Frontier.Section3Real,0,1
DK1970,DK-3.1-thm,direct_rotation_two_projection,TauCeti.DavisKahan.HalmosAngleDatum,DavisKahan.Geometry.Halmos.Realization,1,0
DK1970,DK-3.1-thm,direct_rotation_two_projection,TauCeti.DavisKahan.HalmosAngleDatum.cos₀,DavisKahan.Geometry.Halmos.Realization,1,0
DK1970,DK-3.1-thm,direct_rotation_two_projection,TauCeti.DavisKahan.HalmosAngleDatum.cos₁,DavisKahan.Geometry.Halmos.Realization,1,0
DK1970,DK-3.1-thm,direct_rotation_two_projection,TauCeti.DavisKahan.HalmosAngleDatum.instCompleteSpaceSubtypeWithLpOfNatENNRealProdMemSubmoduleTargetSubspace,DavisKahan.Geometry.Halmos.Realization,1,0
DK1970,DK-3.1-thm,direct_rotation_two_projection,TauCeti.DavisKahan.HalmosAngleDatum.intertwiner,DavisKahan.Geometry.Halmos.Realization,3,0
DK1970,DK-3.1-thm,direct_rotation_two_projection,TauCeti.DavisKahan.HalmosAngleDatum.realizingIsometry,DavisKahan.Geometry.Halmos.Realization,2,0
DK1970,DK-3.1-thm,direct_rotation_two_projection,TauCeti.DavisKahan.HalmosAngleDatum.sin₀,DavisKahan.Geometry.Halmos.Realization,1,0
DK1970,DK-3.1-thm,direct_rotation_two_projection,TauCeti.DavisKahan.HalmosAngleDatum.sin₁,DavisKahan.Geometry.Halmos.Realization,1,0
DK1970,DK-3.1-thm,direct_rotation_two_projection,TauCeti.DavisKahan.HalmosAngleDatum.targetSubspace,DavisKahan.Geometry.Halmos.Realization,1,0
DK1970,DK-3.1-thm,direct_rotation_two_projection,TauCeti.DavisKahan.genericCosineBlock,DavisKahan.Geometry.Halmos.GenericPosition,1,0
DK1970,DK-3.1-thm,direct_rotation_two_projection,TauCeti.DavisKahan.genericLeftHalf,DavisKahan.Geometry.Halmos.GenericPosition,1,0
DK1970,DK-3.1-thm,direct_rotation_two_projection,TauCeti.DavisKahan.halmosCommonPart,DavisKahan.Geometry.Halmos.TwoProjections,1,0
DK1970,DK-3.1-thm,direct_rotation_two_projection,TauCeti.DavisKahan.halmosExteriorPart,DavisKahan.Geometry.Halmos.TwoProjections,1,0
DK1970,DK-3.1-thm,direct_rotation_two_projection,TauCeti.DavisKahan.halmosGenericPart,DavisKahan.Geometry.Halmos.TwoProjections,2,0
DK1970,DK-3.1-thm,direct_rotation_two_projection,TauCeti.DavisKahan.halmosSourceDefect,DavisKahan.Geometry.Halmos.TwoProjections,1,0
DK1970,DK-3.1-thm,direct_rotation_two_projection,TauCeti.DavisKahan.halmosTargetDefect,DavisKahan.Geometry.Halmos.TwoProjections,1,0
DK1970,DK-3.1-thm,direct_rotation_two_projection,TauCeti.DavisKahan.halmosTrivialPart,DavisKahan.Geometry.Halmos.TwoProjections,3,0
DK1970,DK-3.1-thm,direct_rotation_two_projection,TauCeti.DavisKahan.instCompleteSpaceSubtypeWithLpOfNatENNRealProdMemSubmoduleSourceSubspace,DavisKahan.Geometry.Halmos.Realization,1,0
DK1970,DK-3.1-thm,direct_rotation_two_projection,TauCeti.DavisKahan.modelInl,DavisKahan.Geometry.Halmos.Realization,1,0
DK1970,DK-3.1-thm,direct_rotation_two_projection,TauCeti.DavisKahan.modelInr,DavisKahan.Geometry.Halmos.Realization,1,0
DK1970,DK-3.1-thm,direct_rotation_two_projection,TauCeti.DavisKahan.sourceSubspace,DavisKahan.Geometry.Halmos.Realization,1,0
DK1970,DK-3.1-thm,sylvester_intertwiner,TauCeti.DavisKahanExt.compressOperator,DavisKahan.Sylvester.Spectrum,2,0
DK1970,DK-3.1-thm,operator_ideals_uinorms,TauCeti.MeasureEquiv,ForTauCeti.MeasureTheory.MeasureClass,2,0
DK1970,DK-3.1-thm,borel_spectral_calculus,TauCeti.MultiplicityDatum,ForTauCeti.Analysis.InnerProductSpace.BorelCalculus.MultiplicityModel,2,0
DK1970,DK-3.1-thm,borel_spectral_calculus,TauCeti.MultiplicityDatum.base,ForTauCeti.Analysis.InnerProductSpace.BorelCalculus.MultiplicityModel,2,0
DK1970,DK-3.1-thm,borel_spectral_calculus,TauCeti.MultiplicityDatum.bound,ForTauCeti.Analysis.InnerProductSpace.BorelCalculus.MultiplicityModel,3,0
DK1970,DK-3.1-thm,borel_spectral_calculus,TauCeti.MultiplicityDatum.level,ForTauCeti.Analysis.InnerProductSpace.BorelCalculus.MultiplicityModel,2,0
DK1970,DK-3.1-thm,borel_spectral_calculus,TauCeti.MultiplicityDatum.measure,ForTauCeti.Analysis.InnerProductSpace.BorelCalculus.MultiplicityModel,2,0
DK1970,DK-3.1-thm,borel_spectral_calculus,TauCeti.MultiplicityDatum.operator,ForTauCeti.Analysis.InnerProductSpace.BorelCalculus.MultiplicityModel,2,0
DK1970,DK-3.1-thm,direct_rotation_two_projection,TauCeti.OperatorUnitaryEquiv,ForTauCeti.Analysis.InnerProductSpace.OperatorUnitaryEquiv,2,0
DK1970,DK-3.1-thm,borel_spectral_calculus,TauCeti.coordTrunc,ForTauCeti.Analysis.InnerProductSpace.BorelCalculus.MultiplicityModel,4,0
DK1970,DK-3.1-thm,borel_spectral_calculus,TauCeti.coordTruncField,ForTauCeti.Analysis.InnerProductSpace.BorelCalculus.MultiplicityModel,3,0
DK1970,DK-3.1-thm,borel_spectral_calculus,TauCeti.memLp_two_mul_field,ForTauCeti.Analysis.InnerProductSpace.BorelCalculus.MultiplicityModel,4,0
DK1970,DK-3.1-thm,borel_spectral_calculus,TauCeti.mulLpField,ForTauCeti.Analysis.InnerProductSpace.BorelCalculus.MultiplicityModel,3,0
DK1970,DK-3.1-thm,borel_spectral_calculus,TauCeti.norm_toLp_mul_field_le,ForTauCeti.Analysis.InnerProductSpace.BorelCalculus.MultiplicityModel,4,0
DK1970,DK-3.1-thm,operator_ideals_uinorms,TauCeti.sliceMap,ForTauCeti.MeasureTheory.LpSliceSum,4,0
DK1970,DK-3.1-thm,operator_ideals_uinorms,TauCeti.sliceSum,ForTauCeti.MeasureTheory.LpSliceSum,3,0
DK1970,DK-3.2-cor,operator_ideals_uinorms,ContinuousLinearMap.modulus,ForTauCeti.Analysis.InnerProductSpace.OperatorModulus,2,0
DK1970,DK-3.2-cor,direct_rotation_two_projection,ContinuousLinearMap.modulusCorestrict,ForTauCeti.Analysis.InnerProductSpace.Polar.PartialIsometry,5,0
DK1970,DK-3.2-cor,direct_rotation_two_projection,ContinuousLinearMap.modulus_apply_mem_polarInitial,ForTauCeti.Analysis.InnerProductSpace.Polar.PartialIsometry,6,0
DK1970,DK-3.2-cor,direct_rotation_two_projection,ContinuousLinearMap.polarInitial,ForTauCeti.Analysis.InnerProductSpace.Polar.PartialIsometry,4,0
DK1970,DK-3.2-cor,direct_rotation_two_projection,ContinuousLinearMap.polarPartial,ForTauCeti.Analysis.InnerProductSpace.Polar.PartialIsometry,3,0
DK1970,DK-3.2-cor,direct_rotation_two_projection,ContinuousLinearMap.polarPartialAux,ForTauCeti.Analysis.InnerProductSpace.Polar.PartialIsometry,4,0
DK1970,DK-3.2-cor,hilbert_subspace_geometry,Submodule.projectionGap,ForTauCeti.Analysis.InnerProductSpace.Projection.Gap,3,0
DK1970,DK-3.2-cor,real_complex_transfer,TauCeti.DavisKahan.Foundation.RealComplexification.complexifySubmodule,DavisKahan.SpectralTheory.Complexification.Subspace,2,0
DK1970,DK-3.2-cor,real_complex_transfer,TauCeti.DavisKahan.Foundation.RealComplexification.instHasOrthogonalProjectionComplexifySubmodule,DavisKahan.SpectralTheory.Complexification.Subspace,2,0
DK1970,DK-3.2-cor,dk_result_layer,TauCeti.DavisKahan.Frontier.Section3.corollary3_2_reversal_source_form,DavisKahan.Frontier.Section3,0,1
DK1970,DK-3.2-cor,dk_result_layer,TauCeti.DavisKahan.IsUniformlyAcute,DavisKahan.BoundedOperator.Compat,1,0
DK1970,DK-3.2-cor,direct_rotation_two_projection,TauCeti.DavisKahan.IsUniformlyAcute.symm,DavisKahan.Geometry.Polar.DirectRotationSquare,1,0
DK1970,DK-3.2-cor,direct_rotation_two_projection,TauCeti.DavisKahan.IsUniformlyAcuteReal.symm,DavisKahan.Geometry.Polar.DirectRotationReal,1,0
DK1970,DK-3.2-cor,operator_angle_double_angle,TauCeti.DavisKahan.Proposition35.section3AngleOperator,DavisKahan.Geometry.Angle.Proposition35Infinite,2,0
DK1970,DK-3.2-cor,operator_angle_double_angle,TauCeti.DavisKahan.Proposition35.section3CosAngleOperator,DavisKahan.Geometry.Angle.Proposition35Infinite,1,0
DK1970,DK-3.2-cor,operator_angle_double_angle,TauCeti.DavisKahan.Proposition35.section3NonacuteQuarterTurn,DavisKahan.Geometry.Angle.Proposition35Nonacute,2,0
DK1970,DK-3.2-cor,operator_angle_double_angle,TauCeti.DavisKahan.Proposition35.section3SinAngleOperator,DavisKahan.Geometry.Angle.Proposition35Infinite,1,0
DK1970,DK-3.2-cor,dk_result_layer,TauCeti.DavisKahan.complementaryProjection,DavisKahan.BoundedOperator.Compat,4,0
DK1970,DK-3.2-cor,direct_rotation_two_projection,TauCeti.DavisKahan.crossedDefectQuarterTurn,DavisKahan.Geometry.Polar.Section3Nonacute,2,0
DK1970,DK-3.2-cor,direct_rotation_two_projection,TauCeti.DavisKahan.directRotationR,DavisKahan.Geometry.Polar.DirectRotationReal,1,0
DK1970,DK-3.2-cor,direct_rotation_two_projection,TauCeti.DavisKahan.halmosSourceDefect,DavisKahan.Geometry.Halmos.TwoProjections,1,0
DK1970,DK-3.2-cor,direct_rotation_two_projection,TauCeti.DavisKahan.halmosTargetDefect,DavisKahan.Geometry.Halmos.TwoProjections,1,0
DK1970,DK-3.2-cor,direct_rotation_two_projection,TauCeti.DavisKahan.instHasOrthogonalProjectionHalmosSourceDefect,DavisKahan.Geometry.Halmos.TwoProjections,4,0
DK1970,DK-3.2-cor,direct_rotation_two_projection,TauCeti.DavisKahan.instHasOrthogonalProjectionHalmosTargetDefect,DavisKahan.Geometry.Halmos.TwoProjections,4,0
DK1970,DK-3.2-cor,direct_rotation_two_projection,TauCeti.DavisKahan.isUniformlyAcute_complexifySubmodule,DavisKahan.Geometry.Polar.DirectRotationReal,2,0
DK1970,DK-3.2-cor,direct_rotation_two_projection,TauCeti.DavisKahan.nonacuteDirectRotation,DavisKahan.Geometry.Polar.Section3Nonacute,1,0
DK1970,DK-3.2-cor,dk_result_layer,TauCeti.DavisKahan.projection,DavisKahan.BoundedOperator.Compat,2,0
DK1970,DK-3.2-cor,direct_rotation_two_projection,TauCeti.DavisKahan.sourceToTargetDefect,DavisKahan.Geometry.Polar.Section3Nonacute,3,0
DK1970,DK-3.2-cor,direct_rotation_two_projection,TauCeti.DavisKahan.spectraCanonicalIntertwiner,DavisKahan.Geometry.Polar.DirectRotation,3,0
DK1970,DK-3.2-cor,direct_rotation_two_projection,TauCeti.DavisKahan.spectraCanonicalPolarFactor,DavisKahan.Geometry.Polar.DirectRotation,2,0
DK1970,DK-3.2-cor,direct_rotation_two_projection,TauCeti.DavisKahan.spectraDirectRotation,DavisKahan.Geometry.Polar.DirectRotation,1,0
DK1970,DK-3.2-cor,direct_rotation_two_projection,TauCeti.DavisKahan.spectraPolarIsometry,DavisKahan.Geometry.Polar.OperatorAbsoluteValue,3,0
DK1970,DK-3.2-cor,dk_result_layer,TauCeti.DavisKahan.subspaceGap,DavisKahan.BoundedOperator.Compat,2,0
DK1970,DK-3.2-cor,direct_rotation_two_projection,TauCeti.DavisKahan.swapCrossedDefectEquiv,DavisKahan.Geometry.Polar.Section3Nonacute,1,0
DK1970,DK-3.2-cor,direct_rotation_two_projection,TauCeti.DavisKahan.targetToSourceDefect,DavisKahan.Geometry.Polar.Section3Nonacute,3,0
DK1970,DK-3.2-cor,dk_result_layer,TauCeti.DavisKahan1970.complex_directRotation_reversal,DavisKahan.Sources.DavisKahan1970.FullPartIII,0,1
DK1970,DK-3.2-cor,dk_result_layer,TauCeti.DavisKahan1970.corollary3_2_nonacute_directRotation_resolution,DavisKahan.Sources.DavisKahan1970.Section3Proposition35,0,1
DK1970,DK-3.2-cor,dk_result_layer,TauCeti.DavisKahan1970.corollary3_2_paperQuarterTurn,DavisKahan.Sources.DavisKahan1970.Section3Proposition35,1,0
DK1970,DK-3.2-cor,dk_result_layer,TauCeti.DavisKahan1970.corollary3_2_paperQuarterTurn_symm,DavisKahan.Sources.DavisKahan1970.Section3Proposition35,0,1
DK1970,DK-3.2-cor,dk_result_layer,TauCeti.DavisKahan1970.corollary3_2_source,DavisKahan.Sources.DavisKahan1970.Section3Proposition35,0,1
DK1970,DK-3.2-cor,dk_result_layer,TauCeti.DavisKahan1970.proposition3_5_angleOperator,DavisKahan.Sources.DavisKahan1970.Section3Proposition35,1,0
DK1970,DK-3.2-cor,dk_result_layer,TauCeti.DavisKahan1970.real_directRotation_reversal,DavisKahan.Sources.DavisKahan1970.FullPartIII,0,1
DK1970,DK-3.2-cor,real_complex_transfer,TauCeti.RealComplexification,ForTauCeti.Analysis.InnerProductSpace.Complexification.Basic,2,0
DK1970,DK-3.2-cor,real_complex_transfer,TauCeti.RealComplexification.complexOperatorRealAlgebra,ForTauCeti.Analysis.InnerProductSpace.Complexification.FunctionalCalculus,2,0
DK1970,DK-3.2-cor,real_complex_transfer,TauCeti.RealComplexification.im,ForTauCeti.Analysis.InnerProductSpace.Complexification.Basic,3,0
DK1970,DK-3.2-cor,real_complex_transfer,TauCeti.RealComplexification.instAddCommGroup,ForTauCeti.Analysis.InnerProductSpace.Complexification.Basic,3,0
DK1970,DK-3.2-cor,real_complex_transfer,TauCeti.RealComplexification.instCompleteSpace,ForTauCeti.Analysis.InnerProductSpace.Complexification.Basic,2,0
DK1970,DK-3.2-cor,real_complex_transfer,TauCeti.RealComplexification.instInnerProductSpaceComplex,ForTauCeti.Analysis.InnerProductSpace.Complexification.Basic,2,0
DK1970,DK-3.2-cor,real_complex_transfer,TauCeti.RealComplexification.instModuleComplex,ForTauCeti.Analysis.InnerProductSpace.Complexification.Basic,3,0
DK1970,DK-3.2-cor,real_complex_transfer,TauCeti.RealComplexification.instModuleReal,ForTauCeti.Analysis.InnerProductSpace.Complexification.Basic,3,0
DK1970,DK-3.2-cor,real_complex_transfer,TauCeti.RealComplexification.instNormedAddCommGroup,ForTauCeti.Analysis.InnerProductSpace.Complexification.Basic,2,0
DK1970,DK-3.2-cor,real_complex_transfer,TauCeti.RealComplexification.instNormedSpaceComplex,ForTauCeti.Analysis.InnerProductSpace.Complexification.Basic,3,0
DK1970,DK-3.2-cor,real_complex_transfer,TauCeti.RealComplexification.instSMulComplex,ForTauCeti.Analysis.InnerProductSpace.Complexification.Basic,4,0
DK1970,DK-3.2-cor,real_complex_transfer,TauCeti.RealComplexification.instSMulReal,ForTauCeti.Analysis.InnerProductSpace.Complexification.Basic,4,0
DK1970,DK-3.2-cor,real_complex_transfer,TauCeti.RealComplexification.mk,ForTauCeti.Analysis.InnerProductSpace.Complexification.Basic,4,0
DK1970,DK-3.2-cor,real_complex_transfer,TauCeti.RealComplexification.ofReal,ForTauCeti.Analysis.InnerProductSpace.Complexification.Basic,3,0
DK1970,DK-3.2-cor,real_complex_transfer,TauCeti.RealComplexification.re,ForTauCeti.Analysis.InnerProductSpace.Complexification.Basic,3,0
DK1970,DK-3.2-cor,real_complex_transfer,TauCeti.RealComplexification.realContinuousFunctionalCalculus,ForTauCeti.Analysis.InnerProductSpace.Complexification.FunctionalCalculus,2,0
DK1970,DK-3.2-cor,real_complex_transfer,TauCeti.RealComplexification.realPartOperator,ForTauCeti.Analysis.InnerProductSpace.Complexification.Basic,2,0
DK1970,DK-3.2-prop,direct_rotation_two_projection,TauCeti.DavisKahan.Frontier.CrossedDefectsEquivalent,DavisKahan.Geometry.Halmos.GenericRotationPredicates,1,0
DK1970,DK-3.2-prop,direct_rotation_two_projection,TauCeti.DavisKahan.Frontier.IsPaperDirectRotation,DavisKahan.Geometry.Halmos.GenericRotationPredicates,1,0
DK1970,DK-3.2-prop,dk_result_layer,TauCeti.DavisKahan.Frontier.Section3.proposition3_2_exists_iff_crossedDefectsEquivalent,DavisKahan.Frontier.Section3,0,1
DK1970,DK-3.2-prop,dk_result_layer,TauCeti.DavisKahan.Frontier.Section3.proposition3_2_exists_iff_crossedDefectsEquivalent_real,DavisKahan.Frontier.Section3,0,1
DK1970,DK-3.2-prop,dk_result_layer,TauCeti.DavisKahan.Frontier.Section3.proposition3_2_not_unique,DavisKahan.Frontier.Section3,0,1
DK1970,DK-3.2-prop,dk_result_layer,TauCeti.DavisKahan.Frontier.Section3.proposition3_2_not_unique_real,DavisKahan.Frontier.Section3,0,1
DK1970,DK-3.2-prop,direct_rotation_two_projection,TauCeti.DavisKahan.halmosSourceDefect,DavisKahan.Geometry.Halmos.TwoProjections,2,0
DK1970,DK-3.2-prop,direct_rotation_two_projection,TauCeti.DavisKahan.halmosTargetDefect,DavisKahan.Geometry.Halmos.TwoProjections,2,0
DK1970,DK-3.2-prop,hilbert_subspace_geometry,TauCeti.IsAcute,ForTauCeti.Analysis.InnerProductSpace.AngleGeometry,1,0
DK1970,DK-3.3-prop,hilbert_subspace_geometry,Submodule.reflectionOperator,ForTauCeti.Analysis.InnerProductSpace.Projection.Blocks,2,0
DK1970,DK-3.3-prop,real_complex_transfer,TauCeti.DavisKahan.Foundation.RealComplexification.complexifySubmodule,DavisKahan.SpectralTheory.Complexification.Subspace,2,0
DK1970,DK-3.3-prop,real_complex_transfer,TauCeti.DavisKahan.Foundation.RealComplexification.instHasOrthogonalProjectionComplexifySubmodule,DavisKahan.SpectralTheory.Complexification.Subspace,2,0
DK1970,DK-3.3-prop,dk_result_layer,TauCeti.DavisKahan.Frontier.Section3.IsPrincipalUnitarySquareRoot,DavisKahan.Frontier.Section3,1,0
DK1970,DK-3.3-prop,direct_rotation_two_projection,TauCeti.DavisKahan.halmosSourceDefect,DavisKahan.Geometry.Halmos.TwoProjections,1,0
DK1970,DK-3.3-prop,direct_rotation_two_projection,TauCeti.DavisKahan.halmosTargetDefect,DavisKahan.Geometry.Halmos.TwoProjections,1,0
DK1970,DK-3.3-prop,direct_rotation_two_projection,TauCeti.DavisKahan.spectraReflectionProduct,DavisKahan.Geometry.Polar.DirectRotation,1,0
DK1970,DK-3.3-prop,dk_result_layer,TauCeti.DavisKahan1970.IsRealPrincipalUnitarySquareRoot,DavisKahan.Sources.DavisKahan1970.Section3PrincipalSquareRoot,1,0
DK1970,DK-3.3-prop,dk_result_layer,TauCeti.DavisKahan1970.proposition3_3_complex_converse_source,DavisKahan.Sources.DavisKahan1970.Section3PrincipalSquareRoot,0,1
DK1970,DK-3.3-prop,dk_result_layer,TauCeti.DavisKahan1970.proposition3_3_complex_forward_source,DavisKahan.Sources.DavisKahan1970.Section3PrincipalSquareRoot,0,1
DK1970,DK-3.3-prop,dk_result_layer,TauCeti.DavisKahan1970.proposition3_3_real_converse_source,DavisKahan.Sources.DavisKahan1970.Section3PrincipalSquareRoot,0,1
DK1970,DK-3.3-prop,dk_result_layer,TauCeti.DavisKahan1970.proposition3_3_real_forward_source,DavisKahan.Sources.DavisKahan1970.Section3PrincipalSquareRoot,0,1
DK1970,DK-3.3-prop,real_complex_transfer,TauCeti.RealComplexification,ForTauCeti.Analysis.InnerProductSpace.Complexification.Basic,2,0
DK1970,DK-3.3-prop,real_complex_transfer,TauCeti.RealComplexification.complexify,ForTauCeti.Analysis.InnerProductSpace.Complexification.Basic,2,0
DK1970,DK-3.3-prop,real_complex_transfer,TauCeti.RealComplexification.im,ForTauCeti.Analysis.InnerProductSpace.Complexification.Basic,3,0
DK1970,DK-3.3-prop,real_complex_transfer,TauCeti.RealComplexification.instAddCommGroup,ForTauCeti.Analysis.InnerProductSpace.Complexification.Basic,3,0
DK1970,DK-3.3-prop,real_complex_transfer,TauCeti.RealComplexification.instCompleteSpace,ForTauCeti.Analysis.InnerProductSpace.Complexification.Basic,2,0
DK1970,DK-3.3-prop,real_complex_transfer,TauCeti.RealComplexification.instInnerProductSpaceComplex,ForTauCeti.Analysis.InnerProductSpace.Complexification.Basic,2,0
DK1970,DK-3.3-prop,real_complex_transfer,TauCeti.RealComplexification.instModuleComplex,ForTauCeti.Analysis.InnerProductSpace.Complexification.Basic,3,0
DK1970,DK-3.3-prop,real_complex_transfer,TauCeti.RealComplexification.instNormedAddCommGroup,ForTauCeti.Analysis.InnerProductSpace.Complexification.Basic,2,0
DK1970,DK-3.3-prop,real_complex_transfer,TauCeti.RealComplexification.instNormedSpaceComplex,ForTauCeti.Analysis.InnerProductSpace.Complexification.Basic,3,0
DK1970,DK-3.3-prop,real_complex_transfer,TauCeti.RealComplexification.instSMulComplex,ForTauCeti.Analysis.InnerProductSpace.Complexification.Basic,4,0
DK1970,DK-3.3-prop,real_complex_transfer,TauCeti.RealComplexification.mk,ForTauCeti.Analysis.InnerProductSpace.Complexification.Basic,3,0
DK1970,DK-3.3-prop,real_complex_transfer,TauCeti.RealComplexification.re,ForTauCeti.Analysis.InnerProductSpace.Complexification.Basic,3,0
DK1970,DK-3.4-prop,operator_ideals_uinorms,ContinuousLinearMap.modulus,ForTauCeti.Analysis.InnerProductSpace.OperatorModulus,6,0
DK1970,DK-3.4-prop,direct_rotation_two_projection,ContinuousLinearMap.modulusCorestrict,ForTauCeti.Analysis.InnerProductSpace.Polar.PartialIsometry,6,0
DK1970,DK-3.4-prop,direct_rotation_two_projection,ContinuousLinearMap.modulus_apply_mem_polarInitial,ForTauCeti.Analysis.InnerProductSpace.Polar.PartialIsometry,7,0
DK1970,DK-3.4-prop,direct_rotation_two_projection,ContinuousLinearMap.polarInitial,ForTauCeti.Analysis.InnerProductSpace.Polar.PartialIsometry,5,0
DK1970,DK-3.4-prop,direct_rotation_two_projection,ContinuousLinearMap.polarPartial,ForTauCeti.Analysis.InnerProductSpace.Polar.PartialIsometry,4,0
DK1970,DK-3.4-prop,direct_rotation_two_projection,ContinuousLinearMap.polarPartialAux,ForTauCeti.Analysis.InnerProductSpace.Polar.PartialIsometry,5,0
DK1970,DK-3.4-prop,hilbert_subspace_geometry,Submodule.projectionGap,ForTauCeti.Analysis.InnerProductSpace.Projection.Gap,3,0
DK1970,DK-3.4-prop,hilbert_subspace_geometry,Submodule.reflectionOperator,ForTauCeti.Analysis.InnerProductSpace.Projection.Blocks,2,0
DK1970,DK-3.4-prop,direct_rotation_two_projection,TauCeti.DavisKahan.Frontier.IsPaperDirectRotation,DavisKahan.Geometry.Halmos.GenericRotationPredicates,1,0
DK1970,DK-3.4-prop,dk_result_layer,TauCeti.DavisKahan.Frontier.Section3.proposition3_4_source_eq_directRotation,DavisKahan.Frontier.Section3,0,1
DK1970,DK-3.4-prop,dk_result_layer,TauCeti.DavisKahan.Frontier.Section3.proposition3_4_source_full,DavisKahan.Frontier.Section3,0,1
DK1970,DK-3.4-prop,dk_result_layer,TauCeti.DavisKahan.IsUniformlyAcute,DavisKahan.BoundedOperator.Compat,1,0
DK1970,DK-3.4-prop,dk_result_layer,TauCeti.DavisKahan.complementaryProjection,DavisKahan.BoundedOperator.Compat,1,0
DK1970,DK-3.4-prop,dk_result_layer,TauCeti.DavisKahan.projection,DavisKahan.BoundedOperator.Compat,1,0
DK1970,DK-3.4-prop,direct_rotation_two_projection,TauCeti.DavisKahan.spectraCanonicalIntertwiner,DavisKahan.Geometry.Polar.DirectRotation,3,0
DK1970,DK-3.4-prop,direct_rotation_two_projection,TauCeti.DavisKahan.spectraCanonicalPolarFactor,DavisKahan.Geometry.Polar.DirectRotation,2,0
DK1970,DK-3.4-prop,direct_rotation_two_projection,TauCeti.DavisKahan.spectraDirectRotation,DavisKahan.Geometry.Polar.DirectRotation,1,0
DK1970,DK-3.4-prop,direct_rotation_two_projection,TauCeti.DavisKahan.spectraPolarIsometry,DavisKahan.Geometry.Polar.OperatorAbsoluteValue,3,0
DK1970,DK-3.4-prop,dk_result_layer,TauCeti.DavisKahan.subspaceGap,DavisKahan.BoundedOperator.Compat,2,0
DK1970,DK-3.4-prop,dk_result_layer,TauCeti.DavisKahan1970.proposition3_4_source_full_complex,DavisKahan.Sources.DavisKahan1970.Section3Proposition34,0,1
DK1970,DK-3.4-prop,dk_result_layer,TauCeti.DavisKahan1970.proposition3_4_source_full_real,DavisKahan.Sources.DavisKahan1970.Section3Proposition34Real,0,1
DK1970,DK-3.4-prop,operator_angle_double_angle,TauCeti.DavisKahanExt.reflectedSubspace,DavisKahan.InfiniteDimensional.DoubleAngle,1,0
DK1970,DK-3.4-prop,operator_angle_double_angle,TauCeti.DavisKahanExt.reflectedSubspace_hasOrthogonalProjection,DavisKahan.InfiniteDimensional.DoubleAngle,1,0
DK1970,DK-3.5-prop,hilbert_subspace_geometry,ContinuousLinearMap.Reduces,ForTauCeti.Analysis.InnerProductSpace.ReducingSubspace,2,0
DK1970,DK-3.5-prop,operator_ideals_uinorms,ContinuousLinearMap.modulus,ForTauCeti.Analysis.InnerProductSpace.OperatorModulus,3,0
DK1970,DK-3.5-prop,direct_rotation_two_projection,ContinuousLinearMap.modulusCorestrict,ForTauCeti.Analysis.InnerProductSpace.Polar.PartialIsometry,5,0
DK1970,DK-3.5-prop,direct_rotation_two_projection,ContinuousLinearMap.modulus_apply_mem_polarInitial,ForTauCeti.Analysis.InnerProductSpace.Polar.PartialIsometry,6,0
DK1970,DK-3.5-prop,direct_rotation_two_projection,ContinuousLinearMap.polarInitial,ForTauCeti.Analysis.InnerProductSpace.Polar.PartialIsometry,4,0
DK1970,DK-3.5-prop,direct_rotation_two_projection,ContinuousLinearMap.polarPartial,ForTauCeti.Analysis.InnerProductSpace.Polar.PartialIsometry,3,0
DK1970,DK-3.5-prop,direct_rotation_two_projection,ContinuousLinearMap.polarPartialAux,ForTauCeti.Analysis.InnerProductSpace.Polar.PartialIsometry,4,0
DK1970,DK-3.5-prop,dk_result_layer,TauCeti.DavisKahan.Frontier.Section3.IsPrintedFixedCosineReducingSubspace,DavisKahan.Frontier.Section3,1,0
DK1970,DK-3.5-prop,dk_result_layer,TauCeti.DavisKahan.Frontier.Section3.fixedCosineSubspace,DavisKahan.Frontier.Section3,1,0
DK1970,DK-3.5-prop,operator_angle_double_angle,TauCeti.DavisKahan.Proposition35.section3AngleEigenspace,DavisKahan.Geometry.Angle.Proposition35Infinite,2,0
DK1970,DK-3.5-prop,operator_angle_double_angle,TauCeti.DavisKahan.Proposition35.section3AngleOperator,DavisKahan.Geometry.Angle.Proposition35Infinite,1,0
DK1970,DK-3.5-prop,operator_angle_double_angle,TauCeti.DavisKahan.Proposition35.section3CosAngleOperator,DavisKahan.Geometry.Angle.Proposition35Infinite,3,0
DK1970,DK-3.5-prop,operator_angle_double_angle,TauCeti.DavisKahan.Proposition35.section3DirectRotation,DavisKahan.Geometry.Angle.Proposition35Infinite,2,0
DK1970,DK-3.5-prop,operator_angle_double_angle,TauCeti.DavisKahan.Proposition35.section3NonacuteQuarterTurn,DavisKahan.Geometry.Angle.Proposition35Nonacute,2,0
DK1970,DK-3.5-prop,operator_angle_double_angle,TauCeti.DavisKahan.Proposition35.section3QuarterTurn,DavisKahan.Geometry.Angle.Proposition35Infinite,2,0
DK1970,DK-3.5-prop,operator_angle_double_angle,TauCeti.DavisKahan.Proposition35.section3SinAngleOperator,DavisKahan.Geometry.Angle.Proposition35Infinite,2,0
DK1970,DK-3.5-prop,operator_angle_double_angle,TauCeti.DavisKahan.Proposition35.vectorAngle_nonacuteDirectRotation_eq_of_angleOperator_apply,DavisKahan.Geometry.Angle.Proposition35Nonacute,0,1
DK1970,DK-3.5-prop,dk_result_layer,TauCeti.DavisKahan.complementaryProjection,DavisKahan.BoundedOperator.Compat,2,0
DK1970,DK-3.5-prop,direct_rotation_two_projection,TauCeti.DavisKahan.crossedDefectQuarterTurn,DavisKahan.Geometry.Polar.Section3Nonacute,2,0
DK1970,DK-3.5-prop,direct_rotation_two_projection,TauCeti.DavisKahan.halmosCosineSq,DavisKahan.Geometry.Halmos.TwoProjections,2,0
DK1970,DK-3.5-prop,direct_rotation_two_projection,TauCeti.DavisKahan.halmosSourceDefect,DavisKahan.Geometry.Halmos.TwoProjections,1,0
DK1970,DK-3.5-prop,direct_rotation_two_projection,TauCeti.DavisKahan.halmosTargetDefect,DavisKahan.Geometry.Halmos.TwoProjections,1,0
DK1970,DK-3.5-prop,direct_rotation_two_projection,TauCeti.DavisKahan.instHasOrthogonalProjectionHalmosSourceDefect,DavisKahan.Geometry.Halmos.TwoProjections,4,0
DK1970,DK-3.5-prop,direct_rotation_two_projection,TauCeti.DavisKahan.instHasOrthogonalProjectionHalmosTargetDefect,DavisKahan.Geometry.Halmos.TwoProjections,4,0
DK1970,DK-3.5-prop,direct_rotation_two_projection,TauCeti.DavisKahan.nonacuteDirectRotation,DavisKahan.Geometry.Polar.Section3Nonacute,1,0
DK1970,DK-3.5-prop,dk_result_layer,TauCeti.DavisKahan.projection,DavisKahan.BoundedOperator.Compat,1,0
DK1970,DK-3.5-prop,direct_rotation_two_projection,TauCeti.DavisKahan.sourceToTargetDefect,DavisKahan.Geometry.Polar.Section3Nonacute,3,0
DK1970,DK-3.5-prop,direct_rotation_two_projection,TauCeti.DavisKahan.spectraCanonicalIntertwiner,DavisKahan.Geometry.Polar.DirectRotation,3,0
DK1970,DK-3.5-prop,direct_rotation_two_projection,TauCeti.DavisKahan.spectraCanonicalPolarFactor,DavisKahan.Geometry.Polar.DirectRotation,2,0
DK1970,DK-3.5-prop,direct_rotation_two_projection,TauCeti.DavisKahan.spectraPolarIsometry,DavisKahan.Geometry.Polar.OperatorAbsoluteValue,3,0
DK1970,DK-3.5-prop,direct_rotation_two_projection,TauCeti.DavisKahan.targetToSourceDefect,DavisKahan.Geometry.Polar.Section3Nonacute,3,0
DK1970,DK-3.5-prop,dk_result_layer,TauCeti.DavisKahan1970.corollary3_2_paperQuarterTurn,DavisKahan.Sources.DavisKahan1970.Section3Proposition35,1,0
DK1970,DK-3.5-prop,dk_result_layer,TauCeti.DavisKahan1970.proposition3_5_angleEigenspace,DavisKahan.Sources.DavisKahan1970.Section3Proposition35,1,0
DK1970,DK-3.5-prop,dk_result_layer,TauCeti.DavisKahan1970.proposition3_5_angleEigenspace_eq_fixedCosineSubspace,DavisKahan.Sources.DavisKahan1970.Section3Proposition35,0,1
DK1970,DK-3.5-prop,dk_result_layer,TauCeti.DavisKahan1970.proposition3_5_angleEigenspace_uniqueMaximal,DavisKahan.Sources.DavisKahan1970.Section3Proposition35,0,1
DK1970,DK-3.5-prop,dk_result_layer,TauCeti.DavisKahan1970.proposition3_5_angleOperator,DavisKahan.Sources.DavisKahan1970.Section3Proposition35,1,0
DK1970,DK-3.5-prop,dk_result_layer,TauCeti.DavisKahan1970.proposition3_5_commutations,DavisKahan.Sources.DavisKahan1970.Section3Proposition35,0,1
DK1970,DK-3.5-prop,dk_result_layer,TauCeti.DavisKahan1970.proposition3_5_commutations_acute,DavisKahan.Sources.DavisKahan1970.Section3Proposition35,0,1
DK1970,DK-3.5-prop,dk_result_layer,TauCeti.DavisKahan1970.proposition3_5_directRotation,DavisKahan.Sources.DavisKahan1970.Section3Proposition35,1,0
DK1970,DK-3.5-prop,dk_result_layer,TauCeti.DavisKahan1970.proposition3_5_eigenvector_angle,DavisKahan.Sources.DavisKahan1970.Section3Proposition35,0,1
DK1970,DK-3.5-prop,dk_result_layer,TauCeti.DavisKahan1970.proposition3_5_eigenvector_angle_acute,DavisKahan.Sources.DavisKahan1970.Section3Proposition35,0,1
DK1970,DK-3.5-prop,dk_result_layer,TauCeti.DavisKahan1970.proposition3_5_quarterTurn,DavisKahan.Sources.DavisKahan1970.Section3Proposition35,1,0
DK1970,DK-3.5-prop,hilbert_subspace_geometry,TauCeti.IsAcute,ForTauCeti.Analysis.InnerProductSpace.AngleGeometry,1,0
DK1970,DK-3.5-prop,hilbert_subspace_geometry,TauCeti.vectorAngle,ForTauCeti.Analysis.InnerProductSpace.VectorAngle,1,0
DK1970,DK-4.1-cor,borel_spectral_calculus,ContinuousLinearMap.instContinuousFunctionalCalculusRealIsSelfAdjoint,ForTauCeti.Analysis.InnerProductSpace.RealContinuousFunctionalCalculus,1,0
DK1970,DK-4.1-cor,operator_ideals_uinorms,ContinuousLinearMap.modulus,ForTauCeti.Analysis.InnerProductSpace.OperatorModulus,6,0
DK1970,DK-4.1-cor,direct_rotation_two_projection,ContinuousLinearMap.modulusCorestrict,ForTauCeti.Analysis.InnerProductSpace.Polar.PartialIsometry,6,0
DK1970,DK-4.1-cor,direct_rotation_two_projection,ContinuousLinearMap.modulus_apply_mem_polarInitial,ForTauCeti.Analysis.InnerProductSpace.Polar.PartialIsometry,7,0
DK1970,DK-4.1-cor,direct_rotation_two_projection,ContinuousLinearMap.polarInitial,ForTauCeti.Analysis.InnerProductSpace.Polar.PartialIsometry,5,0
DK1970,DK-4.1-cor,direct_rotation_two_projection,ContinuousLinearMap.polarPartial,ForTauCeti.Analysis.InnerProductSpace.Polar.PartialIsometry,4,0
DK1970,DK-4.1-cor,direct_rotation_two_projection,ContinuousLinearMap.polarPartialAux,ForTauCeti.Analysis.InnerProductSpace.Polar.PartialIsometry,5,0
DK1970,DK-4.1-cor,operator_ideals_uinorms,TauCeti.DavisKahan.ExactSinTheta.KyFanDominantIdealFamily,DavisKahan.OperatorIdeal.ApproximationNumbers.ScalarGeneric,1,0
DK1970,DK-4.1-cor,operator_ideals_uinorms,TauCeti.DavisKahan.ExactSinTheta.KyFanDominantIdealFamily.Mem,DavisKahan.OperatorIdeal.ApproximationNumbers.ScalarGeneric,1,0
DK1970,DK-4.1-cor,operator_ideals_uinorms,TauCeti.DavisKahan.ExactSinTheta.KyFanDominantIdealFamily.gauge,DavisKahan.OperatorIdeal.ApproximationNumbers.ScalarGeneric,1,0
DK1970,DK-4.1-cor,operator_ideals_uinorms,TauCeti.DavisKahan.ExactSinTheta.KyFanDominantIdealFamily.toSymmetricOperatorIdealFamily,DavisKahan.OperatorIdeal.ApproximationNumbers.ScalarGeneric,2,0
DK1970,DK-4.1-cor,dk_result_layer,TauCeti.DavisKahan.complementaryProjection,DavisKahan.BoundedOperator.Compat,4,0
DK1970,DK-4.1-cor,direct_rotation_two_projection,TauCeti.DavisKahan.crossedDefectQuarterTurn,DavisKahan.Geometry.Polar.Section3Nonacute,2,0
DK1970,DK-4.1-cor,direct_rotation_two_projection,TauCeti.DavisKahan.halmosSourceDefect,DavisKahan.Geometry.Halmos.TwoProjections,1,0
DK1970,DK-4.1-cor,direct_rotation_two_projection,TauCeti.DavisKahan.halmosTargetDefect,DavisKahan.Geometry.Halmos.TwoProjections,1,0
DK1970,DK-4.1-cor,direct_rotation_two_projection,TauCeti.DavisKahan.instHasOrthogonalProjectionHalmosSourceDefect,DavisKahan.Geometry.Halmos.TwoProjections,4,0
DK1970,DK-4.1-cor,direct_rotation_two_projection,TauCeti.DavisKahan.instHasOrthogonalProjectionHalmosTargetDefect,DavisKahan.Geometry.Halmos.TwoProjections,4,0
DK1970,DK-4.1-cor,direct_rotation_two_projection,TauCeti.DavisKahan.nonacuteDirectRotation,DavisKahan.Geometry.Polar.Section3Nonacute,1,0
DK1970,DK-4.1-cor,dk_result_layer,TauCeti.DavisKahan.projection,DavisKahan.BoundedOperator.Compat,1,0
DK1970,DK-4.1-cor,direct_rotation_two_projection,TauCeti.DavisKahan.sourceToTargetDefect,DavisKahan.Geometry.Polar.Section3Nonacute,3,0
DK1970,DK-4.1-cor,direct_rotation_two_projection,TauCeti.DavisKahan.spectraCanonicalIntertwiner,DavisKahan.Geometry.Polar.DirectRotation,3,0
DK1970,DK-4.1-cor,direct_rotation_two_projection,TauCeti.DavisKahan.spectraCanonicalPolarFactor,DavisKahan.Geometry.Polar.DirectRotation,2,0
DK1970,DK-4.1-cor,direct_rotation_two_projection,TauCeti.DavisKahan.spectraPolarIsometry,DavisKahan.Geometry.Polar.OperatorAbsoluteValue,3,0
DK1970,DK-4.1-cor,direct_rotation_two_projection,TauCeti.DavisKahan.targetToSourceDefect,DavisKahan.Geometry.Polar.Section3Nonacute,3,0
DK1970,DK-4.1-cor,dk_result_layer,TauCeti.DavisKahan1970.Corollary4_1_compact_nonacute,DavisKahan.Sources.DavisKahan1970.Section4,0,1
DK1970,DK-4.1-cor,dk_result_layer,TauCeti.DavisKahan1970.Corollary4_1_compact_nonacute_real,DavisKahan.Sources.DavisKahan1970.Section4Real,0,1
DK1970,DK-4.1-cor,dk_result_layer,TauCeti.DavisKahan1970.Corollary4_1_infiniteDimensional_nonacute,DavisKahan.Sources.DavisKahan1970.Section4,0,1
DK1970,DK-4.1-cor,operator_ideals_uinorms,TauCeti.OperatorIdealFamily,ForTauCeti.Analysis.OperatorIdeal.Family.Basic,3,0
DK1970,DK-4.1-cor,operator_ideals_uinorms,TauCeti.OperatorIdealFamily.gauge,ForTauCeti.Analysis.OperatorIdeal.Family.Basic,2,0
DK1970,DK-4.1-cor,operator_ideals_uinorms,TauCeti.SymmetricOperatorIdealFamily,ForTauCeti.Analysis.OperatorIdeal.Family.Basic,3,0
DK1970,DK-4.1-cor,operator_ideals_uinorms,TauCeti.SymmetricOperatorIdealFamily.toOperatorIdealFamily,ForTauCeti.Analysis.OperatorIdeal.Family.Basic,2,0
DK1970,DK-4.1-cor,hilbert_subspace_geometry,TauCeti.principalSineOperator,ForTauCeti.Analysis.InnerProductSpace.PrincipalSineSequence,1,0
DK1970,DK-4.1-prop,operator_ideals_uinorms,ContinuousLinearMap.approximationNumber,ForTauCeti.Analysis.OperatorIdeal.ApproximationNumber.Basic,1,0
DK1970,DK-4.1-prop,borel_spectral_calculus,ContinuousLinearMap.instContinuousFunctionalCalculusRealIsSelfAdjoint,ForTauCeti.Analysis.InnerProductSpace.RealContinuousFunctionalCalculus,1,0
DK1970,DK-4.1-prop,operator_ideals_uinorms,ContinuousLinearMap.modulus,ForTauCeti.Analysis.InnerProductSpace.OperatorModulus,6,0
DK1970,DK-4.1-prop,direct_rotation_two_projection,ContinuousLinearMap.modulusCorestrict,ForTauCeti.Analysis.InnerProductSpace.Polar.PartialIsometry,6,0
DK1970,DK-4.1-prop,direct_rotation_two_projection,ContinuousLinearMap.modulus_apply_mem_polarInitial,ForTauCeti.Analysis.InnerProductSpace.Polar.PartialIsometry,7,0
DK1970,DK-4.1-prop,direct_rotation_two_projection,ContinuousLinearMap.polarInitial,ForTauCeti.Analysis.InnerProductSpace.Polar.PartialIsometry,5,0
DK1970,DK-4.1-prop,direct_rotation_two_projection,ContinuousLinearMap.polarPartial,ForTauCeti.Analysis.InnerProductSpace.Polar.PartialIsometry,4,0
DK1970,DK-4.1-prop,direct_rotation_two_projection,ContinuousLinearMap.polarPartialAux,ForTauCeti.Analysis.InnerProductSpace.Polar.PartialIsometry,5,0
DK1970,DK-4.1-prop,dk_result_layer,TauCeti.DavisKahan.complementaryProjection,DavisKahan.BoundedOperator.Compat,4,0
DK1970,DK-4.1-prop,direct_rotation_two_projection,TauCeti.DavisKahan.crossedDefectQuarterTurn,DavisKahan.Geometry.Polar.Section3Nonacute,2,0
DK1970,DK-4.1-prop,direct_rotation_two_projection,TauCeti.DavisKahan.halmosSourceDefect,DavisKahan.Geometry.Halmos.TwoProjections,1,0
DK1970,DK-4.1-prop,direct_rotation_two_projection,TauCeti.DavisKahan.halmosTargetDefect,DavisKahan.Geometry.Halmos.TwoProjections,1,0
DK1970,DK-4.1-prop,direct_rotation_two_projection,TauCeti.DavisKahan.instHasOrthogonalProjectionHalmosSourceDefect,DavisKahan.Geometry.Halmos.TwoProjections,4,0
DK1970,DK-4.1-prop,direct_rotation_two_projection,TauCeti.DavisKahan.instHasOrthogonalProjectionHalmosTargetDefect,DavisKahan.Geometry.Halmos.TwoProjections,4,0
DK1970,DK-4.1-prop,direct_rotation_two_projection,TauCeti.DavisKahan.nonacuteDirectRotation,DavisKahan.Geometry.Polar.Section3Nonacute,1,0
DK1970,DK-4.1-prop,dk_result_layer,TauCeti.DavisKahan.projection,DavisKahan.BoundedOperator.Compat,1,0
DK1970,DK-4.1-prop,direct_rotation_two_projection,TauCeti.DavisKahan.sourceToTargetDefect,DavisKahan.Geometry.Polar.Section3Nonacute,3,0
DK1970,DK-4.1-prop,direct_rotation_two_projection,TauCeti.DavisKahan.spectraCanonicalIntertwiner,DavisKahan.Geometry.Polar.DirectRotation,3,0
DK1970,DK-4.1-prop,direct_rotation_two_projection,TauCeti.DavisKahan.spectraCanonicalPolarFactor,DavisKahan.Geometry.Polar.DirectRotation,2,0
DK1970,DK-4.1-prop,direct_rotation_two_projection,TauCeti.DavisKahan.spectraPolarIsometry,DavisKahan.Geometry.Polar.OperatorAbsoluteValue,3,0
DK1970,DK-4.1-prop,direct_rotation_two_projection,TauCeti.DavisKahan.targetToSourceDefect,DavisKahan.Geometry.Polar.Section3Nonacute,3,0
DK1970,DK-4.1-prop,dk_result_layer,TauCeti.DavisKahan1970.Proposition4_1_compact_nonacute,DavisKahan.Sources.DavisKahan1970.Section4,0,1
DK1970,DK-4.1-prop,dk_result_layer,TauCeti.DavisKahan1970.Proposition4_1_compact_nonacute_directRotationValues,DavisKahan.Sources.DavisKahan1970.Section4,0,1
DK1970,DK-4.1-prop,dk_result_layer,TauCeti.DavisKahan1970.Proposition4_1_compact_nonacute_directRotationValues_real,DavisKahan.Sources.DavisKahan1970.Section4Real,0,1
DK1970,DK-4.1-prop,dk_result_layer,TauCeti.DavisKahan1970.Proposition4_1_compact_nonacute_real,DavisKahan.Sources.DavisKahan1970.Section4Real,0,1
DK1970,DK-4.1-prop,hilbert_subspace_geometry,TauCeti.principalAngleSequence,ForTauCeti.Analysis.InnerProductSpace.PrincipalAngleSequence,1,0
DK1970,DK-4.1-prop,hilbert_subspace_geometry,TauCeti.principalSineOperator,ForTauCeti.Analysis.InnerProductSpace.PrincipalSineSequence,1,0
DK1970,DK-4.1-prop,hilbert_subspace_geometry,TauCeti.principalSineSequence,ForTauCeti.Analysis.InnerProductSpace.PrincipalSineSequence,1,0
DK1970,DK-4.1-prop,hilbert_subspace_geometry,TauCeti.vectorAngle,ForTauCeti.Analysis.InnerProductSpace.VectorAngle,1,0
DK1970,DK-4.2-prop,operator_ideals_uinorms,ContinuousLinearMap.approximationNumber,ForTauCeti.Analysis.OperatorIdeal.ApproximationNumber.Basic,3,0
DK1970,DK-4.2-prop,operator_angle_double_angle,TauCeti.DavisKahan.Section4.displacementAngleSineSq,DavisKahan.Geometry.Angle.BasisAngleEnergy,1,0
DK1970,DK-4.2-prop,dk_result_layer,TauCeti.DavisKahan.projection,DavisKahan.BoundedOperator.Compat,1,0
DK1970,DK-4.2-prop,dk_result_layer,TauCeti.DavisKahan1970.Proposition4_2_infiniteDimensional,DavisKahan.Sources.DavisKahan1970.Section4,0,1
DK1970,DK-4.2-prop,dk_result_layer,TauCeti.DavisKahan1970.displacementAngleSineSqR,DavisKahan.Sources.DavisKahan1970.Section4Real,1,0
DK1970,DK-4.2-prop,dk_result_layer,TauCeti.DavisKahan1970.tsum_displacementAngleSineSqR_ge_tsum_sq_sin_principalAngleSequence,DavisKahan.Sources.DavisKahan1970.Section4Real,0,1
DK1970,DK-4.2-prop,hilbert_subspace_geometry,TauCeti.principalAngleSequence,ForTauCeti.Analysis.InnerProductSpace.PrincipalAngleSequence,1,0
DK1970,DK-4.2-prop,hilbert_subspace_geometry,TauCeti.principalSineOperator,ForTauCeti.Analysis.InnerProductSpace.PrincipalSineSequence,3,0
DK1970,DK-4.2-prop,hilbert_subspace_geometry,TauCeti.principalSineSequence,ForTauCeti.Analysis.InnerProductSpace.PrincipalSineSequence,2,0
DK1970,DK-4.3-prop,borel_spectral_calculus,ContinuousLinearMap.instContinuousFunctionalCalculusRealIsSelfAdjoint,ForTauCeti.Analysis.InnerProductSpace.RealContinuousFunctionalCalculus,1,0
DK1970,DK-4.3-prop,operator_ideals_uinorms,ContinuousLinearMap.modulus,ForTauCeti.Analysis.InnerProductSpace.OperatorModulus,6,0
DK1970,DK-4.3-prop,direct_rotation_two_projection,ContinuousLinearMap.modulusCorestrict,ForTauCeti.Analysis.InnerProductSpace.Polar.PartialIsometry,6,0
DK1970,DK-4.3-prop,direct_rotation_two_projection,ContinuousLinearMap.modulus_apply_mem_polarInitial,ForTauCeti.Analysis.InnerProductSpace.Polar.PartialIsometry,7,0
DK1970,DK-4.3-prop,direct_rotation_two_projection,ContinuousLinearMap.polarInitial,ForTauCeti.Analysis.InnerProductSpace.Polar.PartialIsometry,5,0
DK1970,DK-4.3-prop,direct_rotation_two_projection,ContinuousLinearMap.polarPartial,ForTauCeti.Analysis.InnerProductSpace.Polar.PartialIsometry,4,0
DK1970,DK-4.3-prop,direct_rotation_two_projection,ContinuousLinearMap.polarPartialAux,ForTauCeti.Analysis.InnerProductSpace.Polar.PartialIsometry,5,0
DK1970,DK-4.3-prop,operator_ideals_uinorms,TauCeti.DavisKahan.ExactSinTheta.KyFanDominantIdealFamily,DavisKahan.OperatorIdeal.ApproximationNumbers.ScalarGeneric,1,0
DK1970,DK-4.3-prop,operator_ideals_uinorms,TauCeti.DavisKahan.ExactSinTheta.KyFanDominantIdealFamily.Mem,DavisKahan.OperatorIdeal.ApproximationNumbers.ScalarGeneric,1,0
DK1970,DK-4.3-prop,operator_ideals_uinorms,TauCeti.DavisKahan.ExactSinTheta.KyFanDominantIdealFamily.gauge,DavisKahan.OperatorIdeal.ApproximationNumbers.ScalarGeneric,1,0
DK1970,DK-4.3-prop,operator_ideals_uinorms,TauCeti.DavisKahan.ExactSinTheta.KyFanDominantIdealFamily.toSymmetricOperatorIdealFamily,DavisKahan.OperatorIdeal.ApproximationNumbers.ScalarGeneric,2,0
DK1970,DK-4.3-prop,dk_result_layer,TauCeti.DavisKahan.complementaryProjection,DavisKahan.BoundedOperator.Compat,4,0
DK1970,DK-4.3-prop,direct_rotation_two_projection,TauCeti.DavisKahan.crossedDefectQuarterTurn,DavisKahan.Geometry.Polar.Section3Nonacute,2,0
DK1970,DK-4.3-prop,direct_rotation_two_projection,TauCeti.DavisKahan.halmosSourceDefect,DavisKahan.Geometry.Halmos.TwoProjections,1,0
DK1970,DK-4.3-prop,direct_rotation_two_projection,TauCeti.DavisKahan.halmosTargetDefect,DavisKahan.Geometry.Halmos.TwoProjections,1,0
DK1970,DK-4.3-prop,direct_rotation_two_projection,TauCeti.DavisKahan.instHasOrthogonalProjectionHalmosSourceDefect,DavisKahan.Geometry.Halmos.TwoProjections,4,0
DK1970,DK-4.3-prop,direct_rotation_two_projection,TauCeti.DavisKahan.instHasOrthogonalProjectionHalmosTargetDefect,DavisKahan.Geometry.Halmos.TwoProjections,4,0
DK1970,DK-4.3-prop,direct_rotation_two_projection,TauCeti.DavisKahan.nonacuteDirectRotation,DavisKahan.Geometry.Polar.Section3Nonacute,1,0
DK1970,DK-4.3-prop,dk_result_layer,TauCeti.DavisKahan.projection,DavisKahan.BoundedOperator.Compat,1,0
DK1970,DK-4.3-prop,direct_rotation_two_projection,TauCeti.DavisKahan.sourceToTargetDefect,DavisKahan.Geometry.Polar.Section3Nonacute,3,0
DK1970,DK-4.3-prop,direct_rotation_two_projection,TauCeti.DavisKahan.spectraCanonicalIntertwiner,DavisKahan.Geometry.Polar.DirectRotation,3,0
DK1970,DK-4.3-prop,direct_rotation_two_projection,TauCeti.DavisKahan.spectraCanonicalPolarFactor,DavisKahan.Geometry.Polar.DirectRotation,2,0
DK1970,DK-4.3-prop,direct_rotation_two_projection,TauCeti.DavisKahan.spectraPolarIsometry,DavisKahan.Geometry.Polar.OperatorAbsoluteValue,3,0
DK1970,DK-4.3-prop,direct_rotation_two_projection,TauCeti.DavisKahan.targetToSourceDefect,DavisKahan.Geometry.Polar.Section3Nonacute,3,0
DK1970,DK-4.3-prop,dk_result_layer,TauCeti.DavisKahan1970.Proposition4_3_compact_nonacute_idealGauge,DavisKahan.Sources.DavisKahan1970.Section4,0,1
DK1970,DK-4.3-prop,dk_result_layer,TauCeti.DavisKahan1970.Proposition4_3_compact_nonacute_real_idealGauge,DavisKahan.Sources.DavisKahan1970.Section4Real,0,1
DK1970,DK-4.3-prop,operator_ideals_uinorms,TauCeti.OperatorIdealFamily,ForTauCeti.Analysis.OperatorIdeal.Family.Basic,3,0
DK1970,DK-4.3-prop,operator_ideals_uinorms,TauCeti.OperatorIdealFamily.gauge,ForTauCeti.Analysis.OperatorIdeal.Family.Basic,2,0
DK1970,DK-4.3-prop,operator_ideals_uinorms,TauCeti.SymmetricOperatorIdealFamily,ForTauCeti.Analysis.OperatorIdeal.Family.Basic,3,0
DK1970,DK-4.3-prop,operator_ideals_uinorms,TauCeti.SymmetricOperatorIdealFamily.toOperatorIdealFamily,ForTauCeti.Analysis.OperatorIdeal.Family.Basic,2,0
DK1970,DK-4.3-prop,hilbert_subspace_geometry,TauCeti.principalSineOperator,ForTauCeti.Analysis.InnerProductSpace.PrincipalSineSequence,1,0
DK1970,DK-4.4-prop,borel_spectral_calculus,LinearMap.IsPositive.sqrt,ForTauCeti.Analysis.InnerProductSpace.SelfAdjointFunctionalCalculus,6,0
DK1970,DK-4.4-prop,direct_rotation_two_projection,TauCeti.DavisKahanTheory.DavisKahanProposition4_4_Finite,DavisKahan.FiniteDimensional.DirectRotation.ShortRotationCounterexample,0,1
DK1970,DK-4.4-prop,direct_rotation_two_projection,TauCeti.DavisKahanTheory.canonicalIntertwiner,DavisKahan.FiniteDimensional.DirectRotation.Basic,2,0
DK1970,DK-4.4-prop,direct_rotation_two_projection,TauCeti.DavisKahanTheory.canonicalIntertwiner_isUnit_of_acute,DavisKahan.FiniteDimensional.DirectRotation.Basic,2,0
DK1970,DK-4.4-prop,direct_rotation_two_projection,TauCeti.DavisKahanTheory.directRotation,DavisKahan.FiniteDimensional.DirectRotation.Basic,1,0
DK1970,DK-4.4-prop,direct_rotation_two_projection,TauCeti.DavisKahanTheory.not_davisKahanProposition4_4_Finite,DavisKahan.FiniteDimensional.DirectRotation.ShortRotationCounterexample,0,1
DK1970,DK-4.4-prop,direct_rotation_two_projection,TauCeti.DavisKahanTheory.shortRotation_fullDisplacement_refuted,DavisKahan.FiniteDimensional.DirectRotation.ShortRotationCounterexample,0,1
DK1970,DK-4.4-prop,hilbert_subspace_geometry,TauCeti.IsAcute,ForTauCeti.Analysis.InnerProductSpace.AngleGeometry,1,0
DK1970,DK-4.4-prop,operator_ideals_uinorms,TauCeti.UnitarilyInvariantSeminorm,ForTauCeti.Analysis.InnerProductSpace.UnitarilyInvariantSeminorm,1,0
DK1970,DK-4.4-prop,operator_ideals_uinorms,TauCeti.UnitarilyInvariantSeminorm.toFun,ForTauCeti.Analysis.InnerProductSpace.UnitarilyInvariantSeminorm,1,0
DK1970,DK-4.4-prop,spectral_gap_variational,TauCeti.complementaryProjection,ForTauCeti.Analysis.InnerProductSpace.Spectral.Subspace,3,0
DK1970,DK-4.4-prop,operator_ideals_uinorms,TauCeti.kyFanSum,ForTauCeti.Analysis.InnerProductSpace.KyFan,1,0
DK1970,DK-4.4-prop,direct_rotation_two_projection,TauCeti.operatorAbs,ForTauCeti.Analysis.InnerProductSpace.Polar.Decomposition,5,0
DK1970,DK-4.4-prop,direct_rotation_two_projection,TauCeti.operatorAbsRestrict,ForTauCeti.Analysis.InnerProductSpace.Polar.Decomposition,4,0
DK1970,DK-4.4-prop,direct_rotation_two_projection,TauCeti.operatorAbs_apply_mem_orthogonal_ker,ForTauCeti.Analysis.InnerProductSpace.Polar.Decomposition,5,0
DK1970,DK-4.4-prop,direct_rotation_two_projection,TauCeti.polarFactor,ForTauCeti.Analysis.InnerProductSpace.Polar.Decomposition,3,0
DK1970,DK-4.4-prop,direct_rotation_two_projection,TauCeti.polarUnitaryEquiv,ForTauCeti.Analysis.InnerProductSpace.Polar.Decomposition,2,0
DK1970,DK-4.4-prop,hilbert_subspace_geometry,TauCeti.principalAngles,ForTauCeti.Analysis.InnerProductSpace.AngleGeometry,1,0
DK1970,DK-4.4-prop,hilbert_subspace_geometry,TauCeti.principalSines,ForTauCeti.Analysis.InnerProductSpace.AngleGeometry,2,0
DK1970,DK-4.4-prop,spectral_gap_variational,TauCeti.projection,ForTauCeti.Analysis.InnerProductSpace.Spectral.Subspace,3,0
DK1970,DK-4.4-prop,borel_spectral_calculus,TauCeti.selfAdjointFunctionalCalculus,ForTauCeti.Analysis.InnerProductSpace.SelfAdjointFunctionalCalculus,7,0
DK1970,DK-4.4-prop,hilbert_subspace_geometry,TauCeti.sinThetaMap,ForTauCeti.Analysis.InnerProductSpace.AngleGeometry,3,0
DK1970,DK-5.1-lem,operator_ideals_uinorms,ContinuousLinearMap.approximationNumber,ForTauCeti.Analysis.OperatorIdeal.ApproximationNumber.Basic,2,0
DK1970,DK-5.1-lem,operator_ideals_uinorms,TauCeti.ApproximationNumber.IsOrthogonalProjectionMap,ForTauCeti.Analysis.OperatorIdeal.ApproximationNumber.Core,1,0
DK1970,DK-5.1-lem,operator_ideals_uinorms,TauCeti.ApproximationNumber.StronglyTendsto,ForTauCeti.Analysis.OperatorIdeal.ApproximationNumber.Core,1,0
DK1970,DK-5.1-lem,operator_ideals_uinorms,TauCeti.ApproximationNumber.approximationSingularValue,ForTauCeti.Analysis.OperatorIdeal.ApproximationNumber.Core,1,0
DK1970,DK-5.1-lem,operator_ideals_uinorms,TauCeti.DavisKahan.ExactSinTheta.HasApproximationNumberStrongCutoff,DavisKahan.OperatorIdeal.ApproximationNumbers.ScalarGeneric,1,0
DK1970,DK-5.1-lem,dk_result_layer,TauCeti.DavisKahan1970.Lemma5_1,DavisKahan.Sources.DavisKahan1970.Section5,0,1
DK1970,DK-5.1-thm,dk_result_layer,TauCeti.DavisKahan.Frontier.RemainingSourceSurface.CompatibleCrossOperatorNorm,DavisKahan.Sources.DavisKahan1970.RemainingSourceSurface,1,0
DK1970,DK-5.1-thm,dk_result_layer,TauCeti.DavisKahan.Frontier.RemainingSourceSurface.CompatibleCrossOperatorNorm.toFun,DavisKahan.Sources.DavisKahan1970.RemainingSourceSurface,1,0
DK1970,DK-5.1-thm,dk_result_layer,TauCeti.DavisKahan1970.banach_sylvester_lower_bound_exact,DavisKahan.Sources.DavisKahan1970.FullPartIII,0,1
DK1970,DK-5.1-thm,dk_result_layer,TauCeti.DavisKahan1970.banach_sylvester_lower_bound_uiNorm,DavisKahan.Sources.DavisKahan1970.FullPartIII,0,1
DK1970,DK-5.2-thm,sylvester_intertwiner,TauCeti.DavisKahan.ExactSinTheta.ClosedOperatorE,DavisKahan.Sylvester.ClosedSylvesterEquation,2,0
DK1970,DK-5.2-thm,sylvester_intertwiner,TauCeti.DavisKahan.ExactSinTheta.ClosedOperatorF,DavisKahan.Sylvester.ClosedSylvesterEquation,2,0
DK1970,DK-5.2-thm,sylvester_intertwiner,TauCeti.DavisKahan.ExactSinTheta.ClosedSylvesterEquation,DavisKahan.Sylvester.ClosedSylvesterEquation,2,0
DK1970,DK-5.2-thm,sylvester_intertwiner,TauCeti.DavisKahan.ExactSinTheta.FormBoundedSylvesterGap,DavisKahan.Sylvester.Gap,1,0
DK1970,DK-5.2-thm,sylvester_intertwiner,TauCeti.DavisKahan.ExactSinTheta.HasClosedSylvesterEquation,DavisKahan.Sylvester.ClosedSylvesterEquation,1,0
DK1970,DK-5.2-thm,operator_ideals_uinorms,TauCeti.DavisKahan.ExactSinTheta.KyFanDominantIdealFamily,DavisKahan.OperatorIdeal.ApproximationNumbers.ScalarGeneric,1,0
DK1970,DK-5.2-thm,operator_ideals_uinorms,TauCeti.DavisKahan.ExactSinTheta.KyFanDominantIdealFamily.Mem,DavisKahan.OperatorIdeal.ApproximationNumbers.ScalarGeneric,1,0
DK1970,DK-5.2-thm,operator_ideals_uinorms,TauCeti.DavisKahan.ExactSinTheta.KyFanDominantIdealFamily.gauge,DavisKahan.OperatorIdeal.ApproximationNumbers.ScalarGeneric,1,0
DK1970,DK-5.2-thm,operator_ideals_uinorms,TauCeti.DavisKahan.ExactSinTheta.KyFanDominantIdealFamily.toSymmetricOperatorIdealFamily,DavisKahan.OperatorIdeal.ApproximationNumbers.ScalarGeneric,2,0
DK1970,DK-5.2-thm,sylvester_intertwiner,TauCeti.DavisKahan.ExactSinTheta.SemiboundedAbove,DavisKahan.Sylvester.ClosedSylvesterEquation,1,0
DK1970,DK-5.2-thm,sylvester_intertwiner,TauCeti.DavisKahan.ExactSinTheta.SemiboundedBelow,DavisKahan.Sylvester.ClosedSylvesterEquation,1,0
DK1970,DK-5.2-thm,sylvester_intertwiner,TauCeti.DavisKahan.ExactSinTheta.davisKahan1970_sylvester_real,DavisKahan.Sylvester.RealUnbounded,0,1
DK1970,DK-5.2-thm,sylvester_intertwiner,TauCeti.DavisKahan.ExactSinTheta.linearPMap_FormBoundedSylvesterGap,DavisKahan.Sylvester.Gap,2,0
DK1970,DK-5.2-thm,dk_result_layer,TauCeti.DavisKahan1970.Theorem5_2,DavisKahan.Sources.DavisKahan1970.Section5,0,1
DK1970,DK-5.2-thm,unbounded_selfadjoint_spectral,TauCeti.DavisKahanExt.ClosedOperator,DavisKahan.SpectralTheory.ClosedOperator.Basic,1,0
DK1970,DK-5.2-thm,unbounded_selfadjoint_spectral,TauCeti.DavisKahanExt.ClosedOperator.IsSelfAdjoint,DavisKahan.SpectralTheory.ClosedOperator.Basic,1,0
DK1970,DK-5.2-thm,unbounded_selfadjoint_spectral,TauCeti.DavisKahanExt.ClosedOperator.domain,DavisKahan.SpectralTheory.ClosedOperator.Basic,3,0
DK1970,DK-5.2-thm,unbounded_selfadjoint_spectral,TauCeti.DavisKahanExt.ClosedOperator.toLinearMap,DavisKahan.SpectralTheory.ClosedOperator.Basic,3,0
DK1970,DK-5.2-thm,unbounded_selfadjoint_spectral,TauCeti.DavisKahanExt.ClosedOperator.toLinearPMap,DavisKahan.SpectralTheory.ClosedOperator.Basic,2,0
DK1970,DK-5.2-thm,sylvester_intertwiner,TauCeti.LinearPMap.SemiboundedAbove,ForTauCeti.Analysis.InnerProductSpace.LinearPMap.Sylvester,2,0
DK1970,DK-5.2-thm,sylvester_intertwiner,TauCeti.LinearPMap.SemiboundedBelow,ForTauCeti.Analysis.InnerProductSpace.LinearPMap.Sylvester,2,0
DK1970,DK-5.2-thm,sylvester_intertwiner,TauCeti.LinearPMap.SylvesterEquation,ForTauCeti.Analysis.InnerProductSpace.LinearPMap.Sylvester,3,0
DK1970,DK-5.2-thm,operator_ideals_uinorms,TauCeti.OperatorIdealFamily,ForTauCeti.Analysis.OperatorIdeal.Family.Basic,3,0
DK1970,DK-5.2-thm,operator_ideals_uinorms,TauCeti.OperatorIdealFamily.gauge,ForTauCeti.Analysis.OperatorIdeal.Family.Basic,2,0
DK1970,DK-5.2-thm,operator_ideals_uinorms,TauCeti.SymmetricOperatorIdealFamily,ForTauCeti.Analysis.OperatorIdeal.Family.Basic,3,0
DK1970,DK-5.2-thm,operator_ideals_uinorms,TauCeti.SymmetricOperatorIdealFamily.toOperatorIdealFamily,ForTauCeti.Analysis.OperatorIdeal.Family.Basic,2,0
DK1970,DK-6.1-lem,operator_ideals_uinorms,ContinuousLinearMap.HasMinMaxLowerBoundEverywhere,ForTauCeti.Analysis.OperatorIdeal.ApproximationNumber.FiniteRestriction,1,0
DK1970,DK-6.1-lem,operator_ideals_uinorms,ContinuousLinearMap.HasSameApproximationNumbers,ForTauCeti.Analysis.OperatorIdeal.ApproximationNumber.SameSequence,3,0
DK1970,DK-6.1-lem,operator_ideals_uinorms,ContinuousLinearMap.approximationNumber,ForTauCeti.Analysis.OperatorIdeal.ApproximationNumber.Basic,3,0
DK1970,DK-6.1-lem,operator_ideals_uinorms,ContinuousLinearMap.kyFanGauge,ForTauCeti.Analysis.OperatorIdeal.ApproximationNumber.KyFan,2,0
DK1970,DK-6.1-lem,operator_ideals_uinorms,TauCeti.ApproximationNumber.approximationSingularValue,ForTauCeti.Analysis.OperatorIdeal.ApproximationNumber.Core,4,0
DK1970,DK-6.1-lem,operator_ideals_uinorms,TauCeti.ApproximationNumber.kyFanApproximationGauge,ForTauCeti.Analysis.OperatorIdeal.ApproximationNumber.Core,1,0
DK1970,DK-6.1-lem,dk_result_layer,TauCeti.DavisKahan.ExactSinTheta.PaperUnitaryInvariantNorm,DavisKahan.Sources.DavisKahan1970.SineTheta.Norms.UnitaryInvariantNorm,1,0
DK1970,DK-6.1-lem,dk_result_layer,TauCeti.DavisKahan.ExactSinTheta.PaperUnitaryInvariantNorm.approximationPrefix,DavisKahan.Sources.DavisKahan1970.SineTheta.Norms.UnitaryInvariantNorm,3,0
DK1970,DK-6.1-lem,dk_result_layer,TauCeti.DavisKahan.ExactSinTheta.PaperUnitaryInvariantNorm.extendedGauge,DavisKahan.Sources.DavisKahan1970.SineTheta.Norms.UnitaryInvariantNorm,1,0
DK1970,DK-6.1-lem,dk_result_layer,TauCeti.DavisKahan.ExactSinTheta.PaperUnitaryInvariantNorm.finiteGauge,DavisKahan.Sources.DavisKahan1970.SineTheta.Norms.UnitaryInvariantNorm,3,0
DK1970,DK-6.1-lem,dk_result_layer,TauCeti.DavisKahan.ExactSinTheta.PaperUnitaryInvariantNorm.finiteNorm,DavisKahan.Sources.DavisKahan1970.SineTheta.Norms.UnitaryInvariantNorm,4,0
DK1970,DK-6.1-lem,dk_result_layer,TauCeti.DavisKahan.ExactSinTheta.PaperUnitaryInvariantNorm.prefixGauge,DavisKahan.Sources.DavisKahan1970.SineTheta.Norms.UnitaryInvariantNorm,2,0
DK1970,DK-6.1-lem,dk_result_layer,TauCeti.DavisKahan.ExactSinTheta.SameApproximationSingularSequence,DavisKahan.Sources.DavisKahan1970.SineTheta.Norms.SingularValueTransport,2,0
DK1970,DK-6.1-lem,dk_result_layer,TauCeti.DavisKahan.ExactSinTheta.SameApproximationSingularValues,DavisKahan.Sources.DavisKahan1970.SineTheta.Norms.SingularValueTransport,1,0
DK1970,DK-6.1-lem,dk_result_layer,TauCeti.DavisKahan.ExactSinTheta.paperProjectionBlock,DavisKahan.Sources.DavisKahan1970.SineTheta.Lemma61,1,0
DK1970,DK-6.1-lem,dk_result_layer,TauCeti.DavisKahan1970.lemma6_1,DavisKahan.Sources.DavisKahan1970.FullSineTheta,0,1
DK1970,DK-6.1-lem,dk_result_layer,TauCeti.DavisKahan1970.lemma6_1_converse,DavisKahan.Sources.DavisKahan1970.FullSineTheta,0,1
DK1970,DK-6.1-lem,operator_ideals_uinorms,TauCeti.UnitarilyInvariantSeminorm,ForTauCeti.Analysis.InnerProductSpace.UnitarilyInvariantSeminorm,5,0
DK1970,DK-6.1-lem,operator_ideals_uinorms,TauCeti.UnitarilyInvariantSeminorm.gauge,ForTauCeti.Analysis.InnerProductSpace.UnitarilyInvariantSeminorm,4,0
DK1970,DK-6.1-lem,operator_ideals_uinorms,TauCeti.UnitarilyInvariantSeminorm.toFun,ForTauCeti.Analysis.InnerProductSpace.UnitarilyInvariantSeminorm,5,0
DK1970,DK-6.1-lem,operator_ideals_uinorms,TauCeti.diagOp,ForTauCeti.Analysis.InnerProductSpace.UnitarilyInvariantSeminorm,5,0
DK1970,DK-6.1-prop,operator_ideals_uinorms,ContinuousLinearMap.approximationNumber,ForTauCeti.Analysis.OperatorIdeal.ApproximationNumber.Basic,6,0
DK1970,DK-6.1-prop,operator_ideals_uinorms,ContinuousLinearMap.modulus,ForTauCeti.Analysis.InnerProductSpace.OperatorModulus,4,0
DK1970,DK-6.1-prop,operator_ideals_uinorms,TauCeti.ApproximationNumber.approximationSingularValue,ForTauCeti.Analysis.OperatorIdeal.ApproximationNumber.Core,5,0
DK1970,DK-6.1-prop,dk_result_layer,TauCeti.DavisKahan.ExactSinTheta.PaperRealSymmetricSinThetaProblem,DavisKahan.Sources.DavisKahan1970.SineTheta.SymmetricReal,1,0
DK1970,DK-6.1-prop,dk_result_layer,TauCeti.DavisKahan.ExactSinTheta.PaperRealSymmetricSinThetaProblem.A,DavisKahan.Sources.DavisKahan1970.SineTheta.SymmetricReal,2,0
DK1970,DK-6.1-prop,dk_result_layer,TauCeti.DavisKahan.ExactSinTheta.PaperRealSymmetricSinThetaProblem.B,DavisKahan.Sources.DavisKahan1970.SineTheta.SymmetricReal,2,0
DK1970,DK-6.1-prop,dk_result_layer,TauCeti.DavisKahan.ExactSinTheta.PaperRealSymmetricSinThetaProblem.U,DavisKahan.Sources.DavisKahan1970.SineTheta.SymmetricReal,1,0
DK1970,DK-6.1-prop,dk_result_layer,TauCeti.DavisKahan.ExactSinTheta.PaperRealSymmetricSinThetaProblem.V,DavisKahan.Sources.DavisKahan1970.SineTheta.SymmetricReal,1,0
DK1970,DK-6.1-prop,dk_result_layer,TauCeti.DavisKahan.ExactSinTheta.PaperRealSymmetricSinThetaProblem.gap,DavisKahan.Sources.DavisKahan1970.SineTheta.SymmetricReal,1,0
DK1970,DK-6.1-prop,dk_result_layer,TauCeti.DavisKahan.ExactSinTheta.PaperRealSymmetricSinThetaProblem.perturbation,DavisKahan.Sources.DavisKahan1970.SineTheta.SymmetricReal,1,0
DK1970,DK-6.1-prop,dk_result_layer,TauCeti.DavisKahan.ExactSinTheta.PaperRealSymmetricSinThetaProblem.proj_U,DavisKahan.Sources.DavisKahan1970.SineTheta.SymmetricReal,1,0
DK1970,DK-6.1-prop,dk_result_layer,TauCeti.DavisKahan.ExactSinTheta.PaperRealSymmetricSinThetaProblem.proj_V,DavisKahan.Sources.DavisKahan1970.SineTheta.SymmetricReal,1,0
DK1970,DK-6.1-prop,dk_result_layer,TauCeti.DavisKahan.ExactSinTheta.PaperSymmetricSinThetaProblem,DavisKahan.Sources.DavisKahan1970.SineTheta.Symmetric,1,0
DK1970,DK-6.1-prop,dk_result_layer,TauCeti.DavisKahan.ExactSinTheta.PaperSymmetricSinThetaProblem.A,DavisKahan.Sources.DavisKahan1970.SineTheta.Symmetric,2,0
DK1970,DK-6.1-prop,dk_result_layer,TauCeti.DavisKahan.ExactSinTheta.PaperSymmetricSinThetaProblem.B,DavisKahan.Sources.DavisKahan1970.SineTheta.Symmetric,2,0
DK1970,DK-6.1-prop,dk_result_layer,TauCeti.DavisKahan.ExactSinTheta.PaperSymmetricSinThetaProblem.U,DavisKahan.Sources.DavisKahan1970.SineTheta.Symmetric,1,0
DK1970,DK-6.1-prop,dk_result_layer,TauCeti.DavisKahan.ExactSinTheta.PaperSymmetricSinThetaProblem.V,DavisKahan.Sources.DavisKahan1970.SineTheta.Symmetric,1,0
DK1970,DK-6.1-prop,dk_result_layer,TauCeti.DavisKahan.ExactSinTheta.PaperSymmetricSinThetaProblem.gap,DavisKahan.Sources.DavisKahan1970.SineTheta.Symmetric,1,0
DK1970,DK-6.1-prop,dk_result_layer,TauCeti.DavisKahan.ExactSinTheta.PaperSymmetricSinThetaProblem.perturbation,DavisKahan.Sources.DavisKahan1970.SineTheta.Symmetric,1,0
DK1970,DK-6.1-prop,dk_result_layer,TauCeti.DavisKahan.ExactSinTheta.PaperSymmetricSinThetaProblem.proj_U,DavisKahan.Sources.DavisKahan1970.SineTheta.Symmetric,1,0
DK1970,DK-6.1-prop,dk_result_layer,TauCeti.DavisKahan.ExactSinTheta.PaperSymmetricSinThetaProblem.proj_V,DavisKahan.Sources.DavisKahan1970.SineTheta.Symmetric,1,0
DK1970,DK-6.1-prop,dk_result_layer,TauCeti.DavisKahan.ExactSinTheta.PaperUnitaryInvariantNorm,DavisKahan.Sources.DavisKahan1970.SineTheta.Norms.UnitaryInvariantNorm,1,0
DK1970,DK-6.1-prop,dk_result_layer,TauCeti.DavisKahan.ExactSinTheta.PaperUnitaryInvariantNorm.Mem,DavisKahan.Sources.DavisKahan1970.SineTheta.Norms.UnitaryInvariantNorm,1,0
DK1970,DK-6.1-prop,dk_result_layer,TauCeti.DavisKahan.ExactSinTheta.PaperUnitaryInvariantNorm.approximationPrefix,DavisKahan.Sources.DavisKahan1970.SineTheta.Norms.UnitaryInvariantNorm,4,0
DK1970,DK-6.1-prop,dk_result_layer,TauCeti.DavisKahan.ExactSinTheta.PaperUnitaryInvariantNorm.extendedGauge,DavisKahan.Sources.DavisKahan1970.SineTheta.Norms.UnitaryInvariantNorm,2,0
DK1970,DK-6.1-prop,dk_result_layer,TauCeti.DavisKahan.ExactSinTheta.PaperUnitaryInvariantNorm.finiteGauge,DavisKahan.Sources.DavisKahan1970.SineTheta.Norms.UnitaryInvariantNorm,4,0
DK1970,DK-6.1-prop,dk_result_layer,TauCeti.DavisKahan.ExactSinTheta.PaperUnitaryInvariantNorm.finiteNorm,DavisKahan.Sources.DavisKahan1970.SineTheta.Norms.UnitaryInvariantNorm,5,0
DK1970,DK-6.1-prop,dk_result_layer,TauCeti.DavisKahan.ExactSinTheta.PaperUnitaryInvariantNorm.gauge,DavisKahan.Sources.DavisKahan1970.SineTheta.Norms.UnitaryInvariantNorm,1,0
DK1970,DK-6.1-prop,dk_result_layer,TauCeti.DavisKahan.ExactSinTheta.PaperUnitaryInvariantNorm.prefixGauge,DavisKahan.Sources.DavisKahan1970.SineTheta.Norms.UnitaryInvariantNorm,3,0
DK1970,DK-6.1-prop,dk_result_layer,TauCeti.DavisKahan.ExactSinTheta.paperCrossSineSum,DavisKahan.Sources.DavisKahan1970.SineTheta.ProjectionBlocks,1,0
DK1970,DK-6.1-prop,dk_result_layer,TauCeti.DavisKahan1970.Proposition6_1,DavisKahan.Sources.DavisKahan1970.FullSineTheta,0,1
DK1970,DK-6.1-prop,dk_result_layer,TauCeti.DavisKahan1970.Proposition6_1_real,DavisKahan.Sources.DavisKahan1970.FullSineTheta,0,1
DK1970,DK-6.1-prop,operator_angle_double_angle,TauCeti.DavisKahanExt.paperAngleOperatorC,DavisKahan.Geometry.Angle.PaperOperatorAngle,2,0
DK1970,DK-6.1-prop,operator_angle_double_angle,TauCeti.DavisKahanExt.paperSinAngleOperatorC,DavisKahan.Geometry.Angle.PaperOperatorAngle,1,0
DK1970,DK-6.1-prop,operator_angle_double_angle,TauCeti.DavisKahanExt.sinAngleOperatorC,DavisKahan.Geometry.Angle.OperatorAngleComplex,3,0
DK1970,DK-6.1-prop,operator_ideals_uinorms,TauCeti.UnitarilyInvariantSeminorm,ForTauCeti.Analysis.InnerProductSpace.UnitarilyInvariantSeminorm,6,0
DK1970,DK-6.1-prop,operator_ideals_uinorms,TauCeti.UnitarilyInvariantSeminorm.gauge,ForTauCeti.Analysis.InnerProductSpace.UnitarilyInvariantSeminorm,5,0
DK1970,DK-6.1-prop,operator_ideals_uinorms,TauCeti.UnitarilyInvariantSeminorm.toFun,ForTauCeti.Analysis.InnerProductSpace.UnitarilyInvariantSeminorm,6,0
DK1970,DK-6.1-prop,operator_ideals_uinorms,TauCeti.diagOp,ForTauCeti.Analysis.InnerProductSpace.UnitarilyInvariantSeminorm,6,0
DK1970,DK-6.1-thm,operator_ideals_uinorms,ContinuousLinearMap.approximationNumber,ForTauCeti.Analysis.OperatorIdeal.ApproximationNumber.Basic,6,0
DK1970,DK-6.1-thm,operator_ideals_uinorms,TauCeti.ApproximationNumber.approximationSingularValue,ForTauCeti.Analysis.OperatorIdeal.ApproximationNumber.Core,5,0
DK1970,DK-6.1-thm,dk_result_layer,TauCeti.DavisKahan.ExactSinTheta.ClosedOperatorAmbient,DavisKahan.SinTheta.Unbounded.Core,4,0
DK1970,DK-6.1-thm,dk_result_layer,TauCeti.DavisKahan.ExactSinTheta.ClosedOperatorComplement,DavisKahan.SinTheta.Unbounded.Core,4,0
DK1970,DK-6.1-thm,dk_result_layer,TauCeti.DavisKahan.ExactSinTheta.ClosedOperatorTrial,DavisKahan.SinTheta.Unbounded.Core,4,0
DK1970,DK-6.1-thm,sylvester_intertwiner,TauCeti.DavisKahan.ExactSinTheta.FormBoundedSylvesterGap,DavisKahan.Sylvester.Gap,3,0
DK1970,DK-6.1-thm,dk_result_layer,TauCeti.DavisKahan.ExactSinTheta.HasPaperCommonDomain,DavisKahan.Sources.DavisKahan1970.SineTheta.CommonDomain,4,0
DK1970,DK-6.1-thm,dk_result_layer,TauCeti.DavisKahan.ExactSinTheta.HasPaperCommonDomain.maps_domain,DavisKahan.Sources.DavisKahan1970.SineTheta.CommonDomain,4,0
DK1970,DK-6.1-thm,dk_result_layer,TauCeti.DavisKahan.ExactSinTheta.LowerFrameBound,DavisKahan.SinTheta.FrameFactorization,3,0
DK1970,DK-6.1-thm,dk_result_layer,TauCeti.DavisKahan.ExactSinTheta.LowerFramePolarData,DavisKahan.SinTheta.FrameFactorization,4,0
DK1970,DK-6.1-thm,dk_result_layer,TauCeti.DavisKahan.ExactSinTheta.LowerFramePolarData.invSqrt,DavisKahan.SinTheta.FrameFactorization,5,0
DK1970,DK-6.1-thm,dk_result_layer,TauCeti.DavisKahan.ExactSinTheta.OrthogonalExactDecomposition,DavisKahan.SinTheta.Bounded.Core,3,0
DK1970,DK-6.1-thm,dk_result_layer,TauCeti.DavisKahan.ExactSinTheta.PaperCommonCoreResidualData,DavisKahan.Sources.DavisKahan1970.SineTheta.CommonCore,4,0
DK1970,DK-6.1-thm,dk_result_layer,TauCeti.DavisKahan.ExactSinTheta.PaperCommonCoreResidualData.maps_domain,DavisKahan.Sources.DavisKahan1970.SineTheta.CommonCore,4,0
DK1970,DK-6.1-thm,dk_result_layer,TauCeti.DavisKahan.ExactSinTheta.PaperCommonCoreResidualData.residual_eq,DavisKahan.Sources.DavisKahan1970.SineTheta.CommonCore,4,0
DK1970,DK-6.1-thm,dk_result_layer,TauCeti.DavisKahan.ExactSinTheta.PaperCommonCoreSinThetaData,DavisKahan.Sources.DavisKahan1970.SineTheta.CommonCoreTheorems,2,0
DK1970,DK-6.1-thm,dk_result_layer,TauCeti.DavisKahan.ExactSinTheta.PaperCommonCoreSinThetaData.A,DavisKahan.Sources.DavisKahan1970.SineTheta.CommonCoreTheorems,3,0
DK1970,DK-6.1-thm,dk_result_layer,TauCeti.DavisKahan.ExactSinTheta.PaperCommonCoreSinThetaData.A₀,DavisKahan.Sources.DavisKahan1970.SineTheta.CommonCoreTheorems,3,0
DK1970,DK-6.1-thm,dk_result_layer,TauCeti.DavisKahan.ExactSinTheta.PaperCommonCoreSinThetaData.E₀,DavisKahan.Sources.DavisKahan1970.SineTheta.CommonCoreTheorems,3,0
DK1970,DK-6.1-thm,dk_result_layer,TauCeti.DavisKahan.ExactSinTheta.PaperCommonCoreSinThetaData.F₀,DavisKahan.Sources.DavisKahan1970.SineTheta.CommonCoreTheorems,2,0
DK1970,DK-6.1-thm,dk_result_layer,TauCeti.DavisKahan.ExactSinTheta.PaperCommonCoreSinThetaData.F₁,DavisKahan.Sources.DavisKahan1970.SineTheta.CommonCoreTheorems,3,0
DK1970,DK-6.1-thm,dk_result_layer,TauCeti.DavisKahan.ExactSinTheta.PaperCommonCoreSinThetaData.F₁_intertwines,DavisKahan.Sources.DavisKahan1970.SineTheta.CommonCoreTheorems,3,0
DK1970,DK-6.1-thm,dk_result_layer,TauCeti.DavisKahan.ExactSinTheta.PaperCommonCoreSinThetaData.F₁_maps_domain,DavisKahan.Sources.DavisKahan1970.SineTheta.CommonCoreTheorems,3,0
DK1970,DK-6.1-thm,dk_result_layer,TauCeti.DavisKahan.ExactSinTheta.PaperCommonCoreSinThetaData.R,DavisKahan.Sources.DavisKahan1970.SineTheta.CommonCoreTheorems,1,0
DK1970,DK-6.1-thm,dk_result_layer,TauCeti.DavisKahan.ExactSinTheta.PaperCommonCoreSinThetaData.core_residual,DavisKahan.Sources.DavisKahan1970.SineTheta.CommonCoreTheorems,3,0
DK1970,DK-6.1-thm,dk_result_layer,TauCeti.DavisKahan.ExactSinTheta.PaperCommonCoreSinThetaData.toUnboundedSinThetaData,DavisKahan.Sources.DavisKahan1970.SineTheta.CommonCoreTheorems,2,0
DK1970,DK-6.1-thm,dk_result_layer,TauCeti.DavisKahan.ExactSinTheta.PaperCommonCoreSinThetaData.Λ₁,DavisKahan.Sources.DavisKahan1970.SineTheta.CommonCoreTheorems,3,0
DK1970,DK-6.1-thm,dk_result_layer,TauCeti.DavisKahan.ExactSinTheta.PaperCommonDomainSinThetaData,DavisKahan.Sources.DavisKahan1970.SineTheta.CommonDomainTheorems,2,0
DK1970,DK-6.1-thm,dk_result_layer,TauCeti.DavisKahan.ExactSinTheta.PaperCommonDomainSinThetaData.A,DavisKahan.Sources.DavisKahan1970.SineTheta.CommonDomainTheorems,3,0
DK1970,DK-6.1-thm,dk_result_layer,TauCeti.DavisKahan.ExactSinTheta.PaperCommonDomainSinThetaData.A₀,DavisKahan.Sources.DavisKahan1970.SineTheta.CommonDomainTheorems,3,0
DK1970,DK-6.1-thm,dk_result_layer,TauCeti.DavisKahan.ExactSinTheta.PaperCommonDomainSinThetaData.E₀,DavisKahan.Sources.DavisKahan1970.SineTheta.CommonDomainTheorems,3,0
DK1970,DK-6.1-thm,dk_result_layer,TauCeti.DavisKahan.ExactSinTheta.PaperCommonDomainSinThetaData.F₀,DavisKahan.Sources.DavisKahan1970.SineTheta.CommonDomainTheorems,2,0
DK1970,DK-6.1-thm,dk_result_layer,TauCeti.DavisKahan.ExactSinTheta.PaperCommonDomainSinThetaData.F₁,DavisKahan.Sources.DavisKahan1970.SineTheta.CommonDomainTheorems,3,0
DK1970,DK-6.1-thm,dk_result_layer,TauCeti.DavisKahan.ExactSinTheta.PaperCommonDomainSinThetaData.F₁_intertwines,DavisKahan.Sources.DavisKahan1970.SineTheta.CommonDomainTheorems,3,0
DK1970,DK-6.1-thm,dk_result_layer,TauCeti.DavisKahan.ExactSinTheta.PaperCommonDomainSinThetaData.F₁_maps_domain,DavisKahan.Sources.DavisKahan1970.SineTheta.CommonDomainTheorems,3,0
DK1970,DK-6.1-thm,dk_result_layer,TauCeti.DavisKahan.ExactSinTheta.PaperCommonDomainSinThetaData.R,DavisKahan.Sources.DavisKahan1970.SineTheta.CommonDomainTheorems,1,0
DK1970,DK-6.1-thm,dk_result_layer,TauCeti.DavisKahan.ExactSinTheta.PaperCommonDomainSinThetaData.common_domain,DavisKahan.Sources.DavisKahan1970.SineTheta.CommonDomainTheorems,3,0
DK1970,DK-6.1-thm,dk_result_layer,TauCeti.DavisKahan.ExactSinTheta.PaperCommonDomainSinThetaData.residual_on_common_domain,DavisKahan.Sources.DavisKahan1970.SineTheta.CommonDomainTheorems,3,0
DK1970,DK-6.1-thm,dk_result_layer,TauCeti.DavisKahan.ExactSinTheta.PaperCommonDomainSinThetaData.toUnboundedSinThetaData,DavisKahan.Sources.DavisKahan1970.SineTheta.CommonDomainTheorems,2,0
DK1970,DK-6.1-thm,dk_result_layer,TauCeti.DavisKahan.ExactSinTheta.PaperCommonDomainSinThetaData.Λ₁,DavisKahan.Sources.DavisKahan1970.SineTheta.CommonDomainTheorems,3,0
DK1970,DK-6.1-thm,dk_result_layer,TauCeti.DavisKahan.ExactSinTheta.PaperRealCommonCoreTheorem61Data,DavisKahan.Sources.DavisKahan1970.SineTheta.CommonCoreTheorems,1,0
DK1970,DK-6.1-thm,dk_result_layer,TauCeti.DavisKahan.ExactSinTheta.PaperRealCommonCoreTheorem61Data.epsilon,DavisKahan.Sources.DavisKahan1970.SineTheta.CommonCoreTheorems,1,0
DK1970,DK-6.1-thm,dk_result_layer,TauCeti.DavisKahan.ExactSinTheta.PaperRealCommonCoreTheorem61Data.epsilon_pos,DavisKahan.Sources.DavisKahan1970.SineTheta.CommonCoreTheorems,2,0
DK1970,DK-6.1-thm,dk_result_layer,TauCeti.DavisKahan.ExactSinTheta.PaperRealCommonCoreTheorem61Data.gap,DavisKahan.Sources.DavisKahan1970.SineTheta.CommonCoreTheorems,1,0
DK1970,DK-6.1-thm,dk_result_layer,TauCeti.DavisKahan.ExactSinTheta.PaperRealCommonCoreTheorem61Data.gap_pos,DavisKahan.Sources.DavisKahan1970.SineTheta.CommonCoreTheorems,2,0
DK1970,DK-6.1-thm,dk_result_layer,TauCeti.DavisKahan.ExactSinTheta.PaperRealCommonCoreTheorem61Data.lower_frame,DavisKahan.Sources.DavisKahan1970.SineTheta.CommonCoreTheorems,2,0
DK1970,DK-6.1-thm,dk_result_layer,TauCeti.DavisKahan.ExactSinTheta.PaperRealCommonCoreTheorem61Data.source,DavisKahan.Sources.DavisKahan1970.SineTheta.CommonCoreTheorems,1,0
DK1970,DK-6.1-thm,dk_result_layer,TauCeti.DavisKahan.ExactSinTheta.PaperRealCommonCoreTheorem61Data.spectral_gap,DavisKahan.Sources.DavisKahan1970.SineTheta.CommonCoreTheorems,2,0
DK1970,DK-6.1-thm,dk_result_layer,TauCeti.DavisKahan.ExactSinTheta.PaperRealCommonCoreTheorem61Data.toPaperRealTheorem61Data,DavisKahan.Sources.DavisKahan1970.SineTheta.CommonCoreTheorems,1,0
DK1970,DK-6.1-thm,dk_result_layer,TauCeti.DavisKahan.ExactSinTheta.PaperRealCommonDomainTheorem61Data,DavisKahan.Sources.DavisKahan1970.SineTheta.CommonDomainTheorems,1,0
DK1970,DK-6.1-thm,dk_result_layer,TauCeti.DavisKahan.ExactSinTheta.PaperRealCommonDomainTheorem61Data.epsilon,DavisKahan.Sources.DavisKahan1970.SineTheta.CommonDomainTheorems,1,0
DK1970,DK-6.1-thm,dk_result_layer,TauCeti.DavisKahan.ExactSinTheta.PaperRealCommonDomainTheorem61Data.epsilon_pos,DavisKahan.Sources.DavisKahan1970.SineTheta.CommonDomainTheorems,2,0
DK1970,DK-6.1-thm,dk_result_layer,TauCeti.DavisKahan.ExactSinTheta.PaperRealCommonDomainTheorem61Data.gap,DavisKahan.Sources.DavisKahan1970.SineTheta.CommonDomainTheorems,1,0
DK1970,DK-6.1-thm,dk_result_layer,TauCeti.DavisKahan.ExactSinTheta.PaperRealCommonDomainTheorem61Data.gap_pos,DavisKahan.Sources.DavisKahan1970.SineTheta.CommonDomainTheorems,2,0
DK1970,DK-6.1-thm,dk_result_layer,TauCeti.DavisKahan.ExactSinTheta.PaperRealCommonDomainTheorem61Data.lower_frame,DavisKahan.Sources.DavisKahan1970.SineTheta.CommonDomainTheorems,2,0
DK1970,DK-6.1-thm,dk_result_layer,TauCeti.DavisKahan.ExactSinTheta.PaperRealCommonDomainTheorem61Data.source,DavisKahan.Sources.DavisKahan1970.SineTheta.CommonDomainTheorems,1,0
DK1970,DK-6.1-thm,dk_result_layer,TauCeti.DavisKahan.ExactSinTheta.PaperRealCommonDomainTheorem61Data.spectral_gap,DavisKahan.Sources.DavisKahan1970.SineTheta.CommonDomainTheorems,2,0
DK1970,DK-6.1-thm,dk_result_layer,TauCeti.DavisKahan.ExactSinTheta.PaperRealCommonDomainTheorem61Data.toPaperTheorem61Data,DavisKahan.Sources.DavisKahan1970.SineTheta.CommonDomainTheorems,1,0
DK1970,DK-6.1-thm,dk_result_layer,TauCeti.DavisKahan.ExactSinTheta.PaperRealTheorem61Data,DavisKahan.Sources.DavisKahan1970.SineTheta.Theorem61Universal,1,0
DK1970,DK-6.1-thm,dk_result_layer,TauCeti.DavisKahan.ExactSinTheta.PaperRealTheorem61Data.canonicalSinTheta,DavisKahan.Sources.DavisKahan1970.SineTheta.Theorem61Universal,1,0
DK1970,DK-6.1-thm,dk_result_layer,TauCeti.DavisKahan.ExactSinTheta.PaperRealTheorem61Data.data,DavisKahan.Sources.DavisKahan1970.SineTheta.Theorem61Universal,1,0
DK1970,DK-6.1-thm,dk_result_layer,TauCeti.DavisKahan.ExactSinTheta.PaperRealTheorem61Data.exactMap,DavisKahan.Sources.DavisKahan1970.SineTheta.Theorem61Universal,2,0
DK1970,DK-6.1-thm,dk_result_layer,TauCeti.DavisKahan.ExactSinTheta.PaperRealTheorem61Data.frameLowerBound,DavisKahan.Sources.DavisKahan1970.SineTheta.Theorem61Universal,1,0
DK1970,DK-6.1-thm,dk_result_layer,TauCeti.DavisKahan.ExactSinTheta.PaperRealTheorem61Data.frameLowerBound_pos,DavisKahan.Sources.DavisKahan1970.SineTheta.Theorem61Universal,2,0
DK1970,DK-6.1-thm,dk_result_layer,TauCeti.DavisKahan.ExactSinTheta.PaperRealTheorem61Data.gap,DavisKahan.Sources.DavisKahan1970.SineTheta.Theorem61Universal,1,0
DK1970,DK-6.1-thm,dk_result_layer,TauCeti.DavisKahan.ExactSinTheta.PaperRealTheorem61Data.lowerFrame,DavisKahan.Sources.DavisKahan1970.SineTheta.Theorem61Universal,2,0
DK1970,DK-6.1-thm,dk_result_layer,TauCeti.DavisKahan.ExactSinTheta.PaperRealTheorem61Data.mk,DavisKahan.Sources.DavisKahan1970.SineTheta.Theorem61Universal,2,0
DK1970,DK-6.1-thm,dk_result_layer,TauCeti.DavisKahan.ExactSinTheta.PaperSinThetaRepresentativeAcross,DavisKahan.Sources.DavisKahan1970.SineTheta.Norms.SingularValueTransport,1,0
DK1970,DK-6.1-thm,dk_result_layer,TauCeti.DavisKahan.ExactSinTheta.PaperSinThetaRepresentativeAcross.operator,DavisKahan.Sources.DavisKahan1970.SineTheta.Norms.SingularValueTransport,1,0
DK1970,DK-6.1-thm,dk_result_layer,TauCeti.DavisKahan.ExactSinTheta.PaperTheorem61Data,DavisKahan.Sources.DavisKahan1970.SineTheta.Theorem61Universal,1,0
DK1970,DK-6.1-thm,dk_result_layer,TauCeti.DavisKahan.ExactSinTheta.PaperTheorem61Data.canonicalSinTheta,DavisKahan.Sources.DavisKahan1970.SineTheta.Theorem61Universal,1,0
DK1970,DK-6.1-thm,dk_result_layer,TauCeti.DavisKahan.ExactSinTheta.PaperTheorem61Data.data,DavisKahan.Sources.DavisKahan1970.SineTheta.Theorem61Universal,1,0
DK1970,DK-6.1-thm,dk_result_layer,TauCeti.DavisKahan.ExactSinTheta.PaperTheorem61Data.exactMap,DavisKahan.Sources.DavisKahan1970.SineTheta.Theorem61Universal,2,0
DK1970,DK-6.1-thm,dk_result_layer,TauCeti.DavisKahan.ExactSinTheta.PaperTheorem61Data.frameLowerBound,DavisKahan.Sources.DavisKahan1970.SineTheta.Theorem61Universal,1,0
DK1970,DK-6.1-thm,dk_result_layer,TauCeti.DavisKahan.ExactSinTheta.PaperTheorem61Data.frameLowerBound_pos,DavisKahan.Sources.DavisKahan1970.SineTheta.Theorem61Universal,2,0
DK1970,DK-6.1-thm,dk_result_layer,TauCeti.DavisKahan.ExactSinTheta.PaperTheorem61Data.gap,DavisKahan.Sources.DavisKahan1970.SineTheta.Theorem61Universal,1,0
DK1970,DK-6.1-thm,dk_result_layer,TauCeti.DavisKahan.ExactSinTheta.PaperTheorem61Data.lowerFrame,DavisKahan.Sources.DavisKahan1970.SineTheta.Theorem61Universal,2,0
DK1970,DK-6.1-thm,dk_result_layer,TauCeti.DavisKahan.ExactSinTheta.PaperUnitaryInvariantNorm,DavisKahan.Sources.DavisKahan1970.SineTheta.Norms.UnitaryInvariantNorm,1,0
DK1970,DK-6.1-thm,dk_result_layer,TauCeti.DavisKahan.ExactSinTheta.PaperUnitaryInvariantNorm.Mem,DavisKahan.Sources.DavisKahan1970.SineTheta.Norms.UnitaryInvariantNorm,1,0
DK1970,DK-6.1-thm,dk_result_layer,TauCeti.DavisKahan.ExactSinTheta.PaperUnitaryInvariantNorm.approximationPrefix,DavisKahan.Sources.DavisKahan1970.SineTheta.Norms.UnitaryInvariantNorm,4,0
DK1970,DK-6.1-thm,dk_result_layer,TauCeti.DavisKahan.ExactSinTheta.PaperUnitaryInvariantNorm.extendedGauge,DavisKahan.Sources.DavisKahan1970.SineTheta.Norms.UnitaryInvariantNorm,2,0
DK1970,DK-6.1-thm,dk_result_layer,TauCeti.DavisKahan.ExactSinTheta.PaperUnitaryInvariantNorm.finiteGauge,DavisKahan.Sources.DavisKahan1970.SineTheta.Norms.UnitaryInvariantNorm,4,0
DK1970,DK-6.1-thm,dk_result_layer,TauCeti.DavisKahan.ExactSinTheta.PaperUnitaryInvariantNorm.finiteNorm,DavisKahan.Sources.DavisKahan1970.SineTheta.Norms.UnitaryInvariantNorm,5,0
DK1970,DK-6.1-thm,dk_result_layer,TauCeti.DavisKahan.ExactSinTheta.PaperUnitaryInvariantNorm.gauge,DavisKahan.Sources.DavisKahan1970.SineTheta.Norms.UnitaryInvariantNorm,1,0
DK1970,DK-6.1-thm,dk_result_layer,TauCeti.DavisKahan.ExactSinTheta.PaperUnitaryInvariantNorm.prefixGauge,DavisKahan.Sources.DavisKahan1970.SineTheta.Norms.UnitaryInvariantNorm,3,0
DK1970,DK-6.1-thm,dk_result_layer,TauCeti.DavisKahan.ExactSinTheta.UnboundedSinThetaData,DavisKahan.SinTheta.Unbounded.Core,2,0
DK1970,DK-6.1-thm,dk_result_layer,TauCeti.DavisKahan.ExactSinTheta.UnboundedSinThetaData.A,DavisKahan.SinTheta.Unbounded.Core,3,0
DK1970,DK-6.1-thm,dk_result_layer,TauCeti.DavisKahan.ExactSinTheta.UnboundedSinThetaData.A₀,DavisKahan.SinTheta.Unbounded.Core,3,0
DK1970,DK-6.1-thm,dk_result_layer,TauCeti.DavisKahan.ExactSinTheta.UnboundedSinThetaData.F₁,DavisKahan.SinTheta.Unbounded.Core,3,0
DK1970,DK-6.1-thm,dk_result_layer,TauCeti.DavisKahan.ExactSinTheta.UnboundedSinThetaData.X,DavisKahan.SinTheta.Unbounded.Core,2,0
DK1970,DK-6.1-thm,dk_result_layer,TauCeti.DavisKahan.ExactSinTheta.UnboundedSinThetaData.mk,DavisKahan.SinTheta.Unbounded.Core,4,0
DK1970,DK-6.1-thm,dk_result_layer,TauCeti.DavisKahan.ExactSinTheta.UnboundedSinThetaData.residual,DavisKahan.SinTheta.Unbounded.Core,1,0
DK1970,DK-6.1-thm,dk_result_layer,TauCeti.DavisKahan.ExactSinTheta.UnboundedSinThetaData.Λ₁,DavisKahan.SinTheta.Unbounded.Core,3,0
DK1970,DK-6.1-thm,dk_result_layer,TauCeti.DavisKahan.ExactSinTheta.boundedPullbackDomain,DavisKahan.Sources.DavisKahan1970.SineTheta.CommonDomain,5,0
DK1970,DK-6.1-thm,dk_result_layer,TauCeti.DavisKahan.ExactSinTheta.directedSinThetaOperator,DavisKahan.SinTheta.Bounded.Core,2,0
DK1970,DK-6.1-thm,dk_result_layer,TauCeti.DavisKahan.ExactSinTheta.directedSinThetaOperatorOfPolarData,DavisKahan.SinTheta.FrameFactorizationGeneric,3,0
DK1970,DK-6.1-thm,dk_result_layer,TauCeti.DavisKahan.ExactSinTheta.directedSinThetaOperatorReal,DavisKahan.SinTheta.Real.Generalized,2,0
DK1970,DK-6.1-thm,dk_result_layer,TauCeti.DavisKahan.ExactSinTheta.frameIsometry,DavisKahan.SinTheta.FrameFactorization,3,0
DK1970,DK-6.1-thm,dk_result_layer,TauCeti.DavisKahan.ExactSinTheta.frameIsometryOfPolarData,DavisKahan.SinTheta.FrameFactorizationGeneric,4,0
DK1970,DK-6.1-thm,dk_result_layer,TauCeti.DavisKahan.ExactSinTheta.gramInvSqrt,DavisKahan.SinTheta.FrameFactorization,4,0
DK1970,DK-6.1-thm,sylvester_intertwiner,TauCeti.DavisKahan.ExactSinTheta.linearPMap_FormBoundedSylvesterGap,DavisKahan.Sylvester.Gap,4,0
DK1970,DK-6.1-thm,dk_result_layer,TauCeti.DavisKahan.ExactSinTheta.lowerFramePolarData,DavisKahan.SinTheta.FrameFactorization,5,0
DK1970,DK-6.1-thm,dk_result_layer,TauCeti.DavisKahan.ExactSinTheta.lowerFramePolarDataReal,DavisKahan.SinTheta.Real.FrameFactorization,3,0
DK1970,DK-6.1-thm,dk_result_layer,TauCeti.DavisKahan.ExactSinTheta.lowerFramePolarData_nonempty,DavisKahan.SinTheta.FrameFactorization,6,0
DK1970,DK-6.1-thm,dk_result_layer,TauCeti.DavisKahan.ExactSinTheta.lowerFramePolarData_real_nonempty,DavisKahan.SinTheta.Real.FrameFactorization,4,0
DK1970,DK-6.1-thm,dk_result_layer,TauCeti.DavisKahan.ExactSinTheta.unboundedSinThetaDataOfPaperCommonCore,DavisKahan.Sources.DavisKahan1970.SineTheta.CommonCore,3,0
DK1970,DK-6.1-thm,dk_result_layer,TauCeti.DavisKahan.ExactSinTheta.unboundedSinThetaDataOfPaperCommonDomain,DavisKahan.Sources.DavisKahan1970.SineTheta.CommonDomain,3,0
DK1970,DK-6.1-thm,dk_result_layer,TauCeti.DavisKahan1970.Theorem6_1,DavisKahan.Sources.DavisKahan1970.FullSineTheta,0,1
DK1970,DK-6.1-thm,dk_result_layer,TauCeti.DavisKahan1970.Theorem6_1_real,DavisKahan.Sources.DavisKahan1970.FullSineTheta,0,1
DK1970,DK-6.1-thm,dk_result_layer,TauCeti.DavisKahan1970.Theorem6_1_real_commonCore,DavisKahan.Sources.DavisKahan1970.FullSineTheta,0,1
DK1970,DK-6.1-thm,dk_result_layer,TauCeti.DavisKahan1970.Theorem6_1_real_commonDomain,DavisKahan.Sources.DavisKahan1970.FullSineTheta,0,1
DK1970,DK-6.1-thm,unbounded_selfadjoint_spectral,TauCeti.DavisKahanExt.ClosedOperator,DavisKahan.SpectralTheory.ClosedOperator.Basic,4,0
DK1970,DK-6.1-thm,unbounded_selfadjoint_spectral,TauCeti.DavisKahanExt.ClosedOperator.IsSelfAdjoint,DavisKahan.SpectralTheory.ClosedOperator.Basic,3,0
DK1970,DK-6.1-thm,unbounded_selfadjoint_spectral,TauCeti.DavisKahanExt.ClosedOperator.domain,DavisKahan.SpectralTheory.ClosedOperator.Basic,4,0
DK1970,DK-6.1-thm,unbounded_selfadjoint_spectral,TauCeti.DavisKahanExt.ClosedOperator.toLinearMap,DavisKahan.SpectralTheory.ClosedOperator.Basic,4,0
DK1970,DK-6.1-thm,unbounded_selfadjoint_spectral,TauCeti.DavisKahanExt.ClosedOperator.toLinearPMap,DavisKahan.SpectralTheory.ClosedOperator.Basic,4,0
DK1970,DK-6.1-thm,operator_ideals_uinorms,TauCeti.UnitarilyInvariantSeminorm,ForTauCeti.Analysis.InnerProductSpace.UnitarilyInvariantSeminorm,6,0
DK1970,DK-6.1-thm,operator_ideals_uinorms,TauCeti.UnitarilyInvariantSeminorm.gauge,ForTauCeti.Analysis.InnerProductSpace.UnitarilyInvariantSeminorm,5,0
DK1970,DK-6.1-thm,operator_ideals_uinorms,TauCeti.UnitarilyInvariantSeminorm.toFun,ForTauCeti.Analysis.InnerProductSpace.UnitarilyInvariantSeminorm,6,0
DK1970,DK-6.1-thm,operator_ideals_uinorms,TauCeti.diagOp,ForTauCeti.Analysis.InnerProductSpace.UnitarilyInvariantSeminorm,6,0
DK1970,DK-6.2-lem,operator_ideals_uinorms,ContinuousLinearMap.HasMinMaxLowerBoundEverywhere,ForTauCeti.Analysis.OperatorIdeal.ApproximationNumber.FiniteRestriction,1,0
DK1970,DK-6.2-lem,operator_ideals_uinorms,ContinuousLinearMap.approximationNumber,ForTauCeti.Analysis.OperatorIdeal.ApproximationNumber.Basic,6,0
DK1970,DK-6.2-lem,operator_ideals_uinorms,TauCeti.ApproximationNumber.approximationSingularValue,ForTauCeti.Analysis.OperatorIdeal.ApproximationNumber.Core,5,0
DK1970,DK-6.2-lem,dk_result_layer,TauCeti.DavisKahan.ExactSinTheta.PaperUnitaryInvariantNorm,DavisKahan.Sources.DavisKahan1970.SineTheta.Norms.UnitaryInvariantNorm,1,0
DK1970,DK-6.2-lem,dk_result_layer,TauCeti.DavisKahan.ExactSinTheta.PaperUnitaryInvariantNorm.Mem,DavisKahan.Sources.DavisKahan1970.SineTheta.Norms.UnitaryInvariantNorm,1,0
DK1970,DK-6.2-lem,dk_result_layer,TauCeti.DavisKahan.ExactSinTheta.PaperUnitaryInvariantNorm.approximationPrefix,DavisKahan.Sources.DavisKahan1970.SineTheta.Norms.UnitaryInvariantNorm,4,0
DK1970,DK-6.2-lem,dk_result_layer,TauCeti.DavisKahan.ExactSinTheta.PaperUnitaryInvariantNorm.extendedGauge,DavisKahan.Sources.DavisKahan1970.SineTheta.Norms.UnitaryInvariantNorm,2,0
DK1970,DK-6.2-lem,dk_result_layer,TauCeti.DavisKahan.ExactSinTheta.PaperUnitaryInvariantNorm.finiteGauge,DavisKahan.Sources.DavisKahan1970.SineTheta.Norms.UnitaryInvariantNorm,4,0
DK1970,DK-6.2-lem,dk_result_layer,TauCeti.DavisKahan.ExactSinTheta.PaperUnitaryInvariantNorm.finiteNorm,DavisKahan.Sources.DavisKahan1970.SineTheta.Norms.UnitaryInvariantNorm,5,0
DK1970,DK-6.2-lem,dk_result_layer,TauCeti.DavisKahan.ExactSinTheta.PaperUnitaryInvariantNorm.gauge,DavisKahan.Sources.DavisKahan1970.SineTheta.Norms.UnitaryInvariantNorm,1,0
DK1970,DK-6.2-lem,dk_result_layer,TauCeti.DavisKahan.ExactSinTheta.PaperUnitaryInvariantNorm.prefixGauge,DavisKahan.Sources.DavisKahan1970.SineTheta.Norms.UnitaryInvariantNorm,3,0
DK1970,DK-6.2-lem,dk_result_layer,TauCeti.DavisKahan.ExactSinTheta.paperDiagonalPair,DavisKahan.Sources.DavisKahan1970.SineTheta.ProjectionBlocks,1,0
DK1970,DK-6.2-lem,dk_result_layer,TauCeti.DavisKahan1970.lemma6_2,DavisKahan.Sources.DavisKahan1970.FullSineTheta,0,1
DK1970,DK-6.2-lem,operator_ideals_uinorms,TauCeti.UnitarilyInvariantSeminorm,ForTauCeti.Analysis.InnerProductSpace.UnitarilyInvariantSeminorm,6,0
DK1970,DK-6.2-lem,operator_ideals_uinorms,TauCeti.UnitarilyInvariantSeminorm.gauge,ForTauCeti.Analysis.InnerProductSpace.UnitarilyInvariantSeminorm,5,0
DK1970,DK-6.2-lem,operator_ideals_uinorms,TauCeti.UnitarilyInvariantSeminorm.toFun,ForTauCeti.Analysis.InnerProductSpace.UnitarilyInvariantSeminorm,6,0
DK1970,DK-6.2-lem,operator_ideals_uinorms,TauCeti.diagOp,ForTauCeti.Analysis.InnerProductSpace.UnitarilyInvariantSeminorm,6,0
DK1970,DK-6.2-thm,operator_ideals_uinorms,ContinuousLinearMap.approximationNumber,ForTauCeti.Analysis.OperatorIdeal.ApproximationNumber.Basic,4,0
DK1970,DK-6.2-thm,operator_ideals_uinorms,TauCeti.ApproximationNumber.approximationSingularValue,ForTauCeti.Analysis.OperatorIdeal.ApproximationNumber.Core,3,0
DK1970,DK-6.2-thm,dk_result_layer,TauCeti.DavisKahan.ExactSinTheta.IsPaperHilbertSchmidt,DavisKahan.Sources.DavisKahan1970.Ideals.HilbertSchmidt,1,0
DK1970,DK-6.2-thm,dk_result_layer,TauCeti.DavisKahan.ExactSinTheta.LowerFrameBound,DavisKahan.SinTheta.FrameFactorization,3,0
DK1970,DK-6.2-thm,dk_result_layer,TauCeti.DavisKahan.ExactSinTheta.LowerFramePolarData,DavisKahan.SinTheta.FrameFactorization,3,0
DK1970,DK-6.2-thm,dk_result_layer,TauCeti.DavisKahan.ExactSinTheta.LowerFramePolarData.invSqrt,DavisKahan.SinTheta.FrameFactorization,4,0
DK1970,DK-6.2-thm,dk_result_layer,TauCeti.DavisKahan.ExactSinTheta.PaperRealTheorem62Data,DavisKahan.Sources.DavisKahan1970.SineTheta.Theorem62,1,0
DK1970,DK-6.2-thm,dk_result_layer,TauCeti.DavisKahan.ExactSinTheta.PaperRealTheorem62Data.canonicalSinTheta,DavisKahan.Sources.DavisKahan1970.SineTheta.Theorem62,1,0
DK1970,DK-6.2-thm,dk_result_layer,TauCeti.DavisKahan.ExactSinTheta.PaperRealTheorem62Data.data,DavisKahan.Sources.DavisKahan1970.SineTheta.Theorem62,1,0
DK1970,DK-6.2-thm,dk_result_layer,TauCeti.DavisKahan.ExactSinTheta.PaperRealTheorem62Data.frameLowerBound,DavisKahan.Sources.DavisKahan1970.SineTheta.Theorem62,1,0
DK1970,DK-6.2-thm,dk_result_layer,TauCeti.DavisKahan.ExactSinTheta.PaperRealTheorem62Data.frameLowerBound_pos,DavisKahan.Sources.DavisKahan1970.SineTheta.Theorem62,2,0
DK1970,DK-6.2-thm,dk_result_layer,TauCeti.DavisKahan.ExactSinTheta.PaperRealTheorem62Data.gap,DavisKahan.Sources.DavisKahan1970.SineTheta.Theorem62,1,0
DK1970,DK-6.2-thm,dk_result_layer,TauCeti.DavisKahan.ExactSinTheta.PaperRealTheorem62Data.lowerFrame,DavisKahan.Sources.DavisKahan1970.SineTheta.Theorem62,2,0
DK1970,DK-6.2-thm,dk_result_layer,TauCeti.DavisKahan.ExactSinTheta.PaperSinThetaRepresentativeAcross,DavisKahan.Sources.DavisKahan1970.SineTheta.Norms.SingularValueTransport,1,0
DK1970,DK-6.2-thm,dk_result_layer,TauCeti.DavisKahan.ExactSinTheta.PaperSinThetaRepresentativeAcross.operator,DavisKahan.Sources.DavisKahan1970.SineTheta.Norms.SingularValueTransport,1,0
DK1970,DK-6.2-thm,dk_result_layer,TauCeti.DavisKahan.ExactSinTheta.PaperTheorem62Data,DavisKahan.Sources.DavisKahan1970.SineTheta.Theorem62,1,0
DK1970,DK-6.2-thm,dk_result_layer,TauCeti.DavisKahan.ExactSinTheta.PaperTheorem62Data.canonicalSinTheta,DavisKahan.Sources.DavisKahan1970.SineTheta.Theorem62,1,0
DK1970,DK-6.2-thm,dk_result_layer,TauCeti.DavisKahan.ExactSinTheta.PaperTheorem62Data.data,DavisKahan.Sources.DavisKahan1970.SineTheta.Theorem62,1,0
DK1970,DK-6.2-thm,dk_result_layer,TauCeti.DavisKahan.ExactSinTheta.PaperTheorem62Data.frameLowerBound,DavisKahan.Sources.DavisKahan1970.SineTheta.Theorem62,1,0
DK1970,DK-6.2-thm,dk_result_layer,TauCeti.DavisKahan.ExactSinTheta.PaperTheorem62Data.frameLowerBound_pos,DavisKahan.Sources.DavisKahan1970.SineTheta.Theorem62,2,0
DK1970,DK-6.2-thm,dk_result_layer,TauCeti.DavisKahan.ExactSinTheta.PaperTheorem62Data.gap,DavisKahan.Sources.DavisKahan1970.SineTheta.Theorem62,1,0
DK1970,DK-6.2-thm,dk_result_layer,TauCeti.DavisKahan.ExactSinTheta.PaperTheorem62Data.lowerFrame,DavisKahan.Sources.DavisKahan1970.SineTheta.Theorem62,2,0
DK1970,DK-6.2-thm,dk_result_layer,TauCeti.DavisKahan.ExactSinTheta.UnboundedSinThetaData,DavisKahan.SinTheta.Unbounded.Core,2,0
DK1970,DK-6.2-thm,dk_result_layer,TauCeti.DavisKahan.ExactSinTheta.UnboundedSinThetaData.F₁,DavisKahan.SinTheta.Unbounded.Core,2,0
DK1970,DK-6.2-thm,dk_result_layer,TauCeti.DavisKahan.ExactSinTheta.UnboundedSinThetaData.X,DavisKahan.SinTheta.Unbounded.Core,2,0
DK1970,DK-6.2-thm,dk_result_layer,TauCeti.DavisKahan.ExactSinTheta.UnboundedSinThetaData.residual,DavisKahan.SinTheta.Unbounded.Core,1,0
DK1970,DK-6.2-thm,dk_result_layer,TauCeti.DavisKahan.ExactSinTheta.frameIsometryOfPolarData,DavisKahan.SinTheta.FrameFactorizationGeneric,3,0
DK1970,DK-6.2-thm,dk_result_layer,TauCeti.DavisKahan.ExactSinTheta.lowerFramePolarData,DavisKahan.SinTheta.FrameFactorization,2,0
DK1970,DK-6.2-thm,dk_result_layer,TauCeti.DavisKahan.ExactSinTheta.lowerFramePolarDataReal,DavisKahan.SinTheta.Real.FrameFactorization,2,0
DK1970,DK-6.2-thm,dk_result_layer,TauCeti.DavisKahan.ExactSinTheta.lowerFramePolarData_nonempty,DavisKahan.SinTheta.FrameFactorization,3,0
DK1970,DK-6.2-thm,dk_result_layer,TauCeti.DavisKahan.ExactSinTheta.lowerFramePolarData_real_nonempty,DavisKahan.SinTheta.Real.FrameFactorization,3,0
DK1970,DK-6.2-thm,dk_result_layer,TauCeti.DavisKahan.ExactSinTheta.paperHilbertSchmidtEnergy,DavisKahan.Sources.DavisKahan1970.Ideals.HilbertSchmidt,2,0
DK1970,DK-6.2-thm,dk_result_layer,TauCeti.DavisKahan.ExactSinTheta.paperHilbertSchmidtNorm,DavisKahan.Sources.DavisKahan1970.Ideals.HilbertSchmidt,1,0
DK1970,DK-6.2-thm,dk_result_layer,TauCeti.DavisKahan.ExactSinTheta.sinThetaBlockOfPolarData,DavisKahan.SinTheta.FrameFactorizationGeneric,2,0
DK1970,DK-6.2-thm,dk_result_layer,TauCeti.DavisKahan1970.Theorem6_2,DavisKahan.Sources.DavisKahan1970.FullSineTheta,0,1
DK1970,DK-6.2-thm,dk_result_layer,TauCeti.DavisKahan1970.Theorem6_2_real,DavisKahan.Sources.DavisKahan1970.FullSineTheta,0,1
DK1970,DK-6.3-lem,operator_ideals_uinorms,ContinuousLinearMap.approximationNumber,ForTauCeti.Analysis.OperatorIdeal.ApproximationNumber.Basic,3,0
DK1970,DK-6.3-lem,operator_ideals_uinorms,TauCeti.ApproximationNumber.approximationSingularValue,ForTauCeti.Analysis.OperatorIdeal.ApproximationNumber.Core,2,0
DK1970,DK-6.3-lem,dk_result_layer,TauCeti.DavisKahan.Frontier.Section6Appendix.approximationEnergy,DavisKahan.Sources.DavisKahan1970.Section6AppendixLeakage,1,0
DK1970,DK-6.3-lem,dk_result_layer,TauCeti.DavisKahan.Frontier.Section6Appendix.lemma6_3_approximationNumber_leakage,DavisKahan.Sources.DavisKahan1970.Section6AppendixLeakage,0,1
DK1970,DK-6.3-lem,dk_result_layer,TauCeti.DavisKahan.Frontier.Section6Appendix.lemma6_3_approximationNumber_leakage_real,DavisKahan.Sources.DavisKahan1970.Section6AppendixLeakageReal,0,1
DK1970,DK-6.3-lem,dk_result_layer,TauCeti.DavisKahan.Frontier.Section6Appendix.lemma6_3_singularValue_leakage,DavisKahan.Sources.DavisKahan1970.Section6AppendixLeakage,0,1
DK1970,DK-6.3-thm,hilbert_subspace_geometry,ContinuousLinearMap.Reduces,ForTauCeti.Analysis.InnerProductSpace.ReducingSubspace,1,0
DK1970,DK-6.3-thm,sylvester_intertwiner,ContinuousLinearMap.Reduces.orthogonalComplement,DavisKahan.Sylvester.Spectrum,1,0
DK1970,DK-6.3-thm,operator_ideals_uinorms,ContinuousLinearMap.approximationNumber,ForTauCeti.Analysis.OperatorIdeal.ApproximationNumber.Basic,3,0
DK1970,DK-6.3-thm,operator_ideals_uinorms,TauCeti.ApproximationNumber.approximationSingularValue,ForTauCeti.Analysis.OperatorIdeal.ApproximationNumber.Core,2,0
DK1970,DK-6.3-thm,borel_spectral_calculus,TauCeti.BorelCalculus.IsBddMeasurable,ForTauCeti.Analysis.InnerProductSpace.BorelCalculus.Operator,6,0
DK1970,DK-6.3-thm,borel_spectral_calculus,TauCeti.BorelCalculus.IsBddMeasurable.chooseBound,ForTauCeti.Analysis.InnerProductSpace.BorelCalculus.Operator,6,0
DK1970,DK-6.3-thm,borel_spectral_calculus,TauCeti.BorelCalculus.IsBddMeasurable.exists_bound,ForTauCeti.Analysis.InnerProductSpace.BorelCalculus.Operator,7,0
DK1970,DK-6.3-thm,borel_spectral_calculus,TauCeti.BorelCalculus.borelCalculus,ForTauCeti.Analysis.InnerProductSpace.BorelCalculus.Operator,5,0
DK1970,DK-6.3-thm,borel_spectral_calculus,TauCeti.BorelCalculus.borelVector,ForTauCeti.Analysis.InnerProductSpace.BorelCalculus.Operator,6,0
DK1970,DK-6.3-thm,borel_spectral_calculus,TauCeti.BorelCalculus.diagFunctional,ForTauCeti.Analysis.InnerProductSpace.BorelCalculus.DiagonalMeasure,6,0
DK1970,DK-6.3-thm,borel_spectral_calculus,TauCeti.BorelCalculus.diagMeasure,ForTauCeti.Analysis.InnerProductSpace.BorelCalculus.DiagonalMeasure,5,0
DK1970,DK-6.3-thm,borel_spectral_calculus,TauCeti.BorelCalculus.inner_specProj_self,ForTauCeti.Analysis.InnerProductSpace.BorelCalculus.PVM,4,0
DK1970,DK-6.3-thm,borel_spectral_calculus,TauCeti.BorelCalculus.isFiniteMeasure_specDiag,ForTauCeti.Analysis.InnerProductSpace.BorelCalculus.PVM,4,0
DK1970,DK-6.3-thm,borel_spectral_calculus,TauCeti.BorelCalculus.norm_borelVector_le,ForTauCeti.Analysis.InnerProductSpace.BorelCalculus.Operator,6,0
DK1970,DK-6.3-thm,borel_spectral_calculus,TauCeti.BorelCalculus.ofRealLM,ForTauCeti.Analysis.InnerProductSpace.BorelCalculus.DiagonalMeasure,7,0
DK1970,DK-6.3-thm,borel_spectral_calculus,TauCeti.BorelCalculus.pair,ForTauCeti.Analysis.InnerProductSpace.BorelCalculus.Polarization,8,0
DK1970,DK-6.3-thm,borel_spectral_calculus,TauCeti.BorelCalculus.pairFunctional,ForTauCeti.Analysis.InnerProductSpace.BorelCalculus.Operator,7,0
DK1970,DK-6.3-thm,borel_spectral_calculus,TauCeti.BorelCalculus.specDiag,ForTauCeti.Analysis.InnerProductSpace.BorelCalculus.PVM,4,0
DK1970,DK-6.3-thm,borel_spectral_calculus,TauCeti.BorelCalculus.specProj,ForTauCeti.Analysis.InnerProductSpace.BorelCalculus.PVM,4,0
DK1970,DK-6.3-thm,borel_spectral_calculus,TauCeti.BorelCalculus.specProj_inter,ForTauCeti.Analysis.InnerProductSpace.BorelCalculus.PVM,4,0
DK1970,DK-6.3-thm,borel_spectral_calculus,TauCeti.BorelCalculus.specProj_univ,ForTauCeti.Analysis.InnerProductSpace.BorelCalculus.PVM,4,0
DK1970,DK-6.3-thm,borel_spectral_calculus,TauCeti.BorelCalculus.toProjValMeasure,ForTauCeti.Analysis.InnerProductSpace.BorelCalculus.PVM,3,0
DK1970,DK-6.3-thm,unbounded_selfadjoint_spectral,TauCeti.DavisKahan.DKClosedOperator,DavisKahan.SpectralTheory.ClosedOperator.MathlibBridge,1,0
DK1970,DK-6.3-thm,real_complex_transfer,TauCeti.DavisKahan.ExactSinTheta.ClosedOperatorComplexification.complexify,DavisKahan.SpectralTheory.ClosedOperator.Complexification,2,0
DK1970,DK-6.3-thm,real_complex_transfer,TauCeti.DavisKahan.ExactSinTheta.ClosedOperatorComplexification.domain,DavisKahan.SpectralTheory.ClosedOperator.Complexification,3,0
DK1970,DK-6.3-thm,real_complex_transfer,TauCeti.DavisKahan.ExactSinTheta.ClosedOperatorComplexification.domainIm,DavisKahan.SpectralTheory.ClosedOperator.Complexification,4,0
DK1970,DK-6.3-thm,real_complex_transfer,TauCeti.DavisKahan.ExactSinTheta.ClosedOperatorComplexification.domainRe,DavisKahan.SpectralTheory.ClosedOperator.Complexification,4,0
DK1970,DK-6.3-thm,real_complex_transfer,TauCeti.DavisKahan.ExactSinTheta.ClosedOperatorComplexification.isSelfAdjoint_complexify,DavisKahan.SpectralTheory.ClosedOperator.Complexification,2,0
DK1970,DK-6.3-thm,real_complex_transfer,TauCeti.DavisKahan.ExactSinTheta.ClosedOperatorComplexification.linearMap,DavisKahan.SpectralTheory.ClosedOperator.Complexification,3,0
DK1970,DK-6.3-thm,operator_ideals_uinorms,TauCeti.DavisKahan.ExactSinTheta.KyFanDominantIdealFamily,DavisKahan.OperatorIdeal.ApproximationNumbers.ScalarGeneric,1,0
DK1970,DK-6.3-thm,operator_ideals_uinorms,TauCeti.DavisKahan.ExactSinTheta.KyFanDominantIdealFamily.Mem,DavisKahan.OperatorIdeal.ApproximationNumbers.ScalarGeneric,1,0
DK1970,DK-6.3-thm,operator_ideals_uinorms,TauCeti.DavisKahan.ExactSinTheta.KyFanDominantIdealFamily.gauge,DavisKahan.OperatorIdeal.ApproximationNumbers.ScalarGeneric,1,0
DK1970,DK-6.3-thm,operator_ideals_uinorms,TauCeti.DavisKahan.ExactSinTheta.KyFanDominantIdealFamily.toSymmetricOperatorIdealFamily,DavisKahan.OperatorIdeal.ApproximationNumbers.ScalarGeneric,2,0
DK1970,DK-6.3-thm,dk_result_layer,TauCeti.DavisKahan.ExactSinTheta.PaperUnitaryInvariantNorm,DavisKahan.Sources.DavisKahan1970.SineTheta.Norms.UnitaryInvariantNorm,1,0
DK1970,DK-6.3-thm,dk_result_layer,TauCeti.DavisKahan.ExactSinTheta.PaperUnitaryInvariantNorm.Mem,DavisKahan.Sources.DavisKahan1970.SineTheta.Norms.UnitaryInvariantNorm,1,0
DK1970,DK-6.3-thm,dk_result_layer,TauCeti.DavisKahan.ExactSinTheta.PaperUnitaryInvariantNorm.approximationPrefix,DavisKahan.Sources.DavisKahan1970.SineTheta.Norms.UnitaryInvariantNorm,4,0
DK1970,DK-6.3-thm,dk_result_layer,TauCeti.DavisKahan.ExactSinTheta.PaperUnitaryInvariantNorm.extendedGauge,DavisKahan.Sources.DavisKahan1970.SineTheta.Norms.UnitaryInvariantNorm,2,0
DK1970,DK-6.3-thm,dk_result_layer,TauCeti.DavisKahan.ExactSinTheta.PaperUnitaryInvariantNorm.finiteGauge,DavisKahan.Sources.DavisKahan1970.SineTheta.Norms.UnitaryInvariantNorm,4,0
DK1970,DK-6.3-thm,dk_result_layer,TauCeti.DavisKahan.ExactSinTheta.PaperUnitaryInvariantNorm.finiteNorm,DavisKahan.Sources.DavisKahan1970.SineTheta.Norms.UnitaryInvariantNorm,5,0
DK1970,DK-6.3-thm,dk_result_layer,TauCeti.DavisKahan.ExactSinTheta.PaperUnitaryInvariantNorm.gauge,DavisKahan.Sources.DavisKahan1970.SineTheta.Norms.UnitaryInvariantNorm,1,0
DK1970,DK-6.3-thm,dk_result_layer,TauCeti.DavisKahan.ExactSinTheta.PaperUnitaryInvariantNorm.prefixGauge,DavisKahan.Sources.DavisKahan1970.SineTheta.Norms.UnitaryInvariantNorm,3,0
DK1970,DK-6.3-thm,dk_result_layer,TauCeti.DavisKahan.ExactTanTheta.HasTheorem63DirectedTangentApproximationNumbersInfinite,DavisKahan.TanTheta.Theorem63InfiniteTrial,1,0
DK1970,DK-6.3-thm,dk_result_layer,TauCeti.DavisKahan.ExactTanTheta.theorem63Compression,DavisKahan.TanTheta.Theorem63FiniteSource,1,0
DK1970,DK-6.3-thm,dk_result_layer,TauCeti.DavisKahan.ExactTanTheta.theorem63DirectedSineBlock,DavisKahan.TanTheta.Theorem63FiniteSource,2,0
DK1970,DK-6.3-thm,dk_result_layer,TauCeti.DavisKahan.ExactTanTheta.theorem63Residual,DavisKahan.TanTheta.Theorem63FiniteSource,1,0
DK1970,DK-6.3-thm,dk_result_layer,TauCeti.DavisKahan.ExactTanTheta.theorem6_3_unbounded_infiniteTrial_ideal_exists,DavisKahan.TanTheta.Theorem63UnboundedInfiniteTrial,0,1
DK1970,DK-6.3-thm,real_complex_transfer,TauCeti.DavisKahan.Foundation.RealComplexification.complexifySubmodule,DavisKahan.SpectralTheory.Complexification.Subspace,4,0
DK1970,DK-6.3-thm,unbounded_selfadjoint_spectral,TauCeti.DavisKahan.RealSpectralRestriction.realSelfAdjointSpectralProjection,DavisKahan.SpectralTheory.Real.SpectralRestriction,1,0
DK1970,DK-6.3-thm,unbounded_selfadjoint_spectral,TauCeti.DavisKahan.RealSpectralRestriction.realSelfAdjointSpectralSubspace,DavisKahan.SpectralTheory.Real.SpectralRestriction,1,0
DK1970,DK-6.3-thm,unbounded_selfadjoint_spectral,TauCeti.DavisKahan.RealSpectralRestriction.realSelfAdjointSpectralSubspace_hasOrthogonalProjection,DavisKahan.SpectralTheory.Real.SpectralRestriction,1,0
DK1970,DK-6.3-thm,dk_result_layer,TauCeti.DavisKahan.TanTheta.UnboundedTrialBlock,DavisKahan.TanTheta.UnboundedSpectrum,1,0
DK1970,DK-6.3-thm,dk_result_layer,TauCeti.DavisKahan.TanTheta.UnboundedTrialBlock.operator,DavisKahan.TanTheta.UnboundedSpectrum,1,0
DK1970,DK-6.3-thm,dk_result_layer,TauCeti.DavisKahan.TanTheta.UnboundedTrialBlock.residual,DavisKahan.TanTheta.UnboundedSpectrum,1,0
DK1970,DK-6.3-thm,unbounded_selfadjoint_spectral,TauCeti.DavisKahan.selfAdjointSpectralProjection,DavisKahan.SpectralTheory.SpectralRestriction,2,0
DK1970,DK-6.3-thm,unbounded_selfadjoint_spectral,TauCeti.DavisKahan.selfAdjointSpectralSubspace,DavisKahan.SpectralTheory.SpectralRestriction,1,0
DK1970,DK-6.3-thm,unbounded_selfadjoint_spectral,TauCeti.DavisKahan.selfAdjointSpectralSubspace_hasOrthogonalProjection,DavisKahan.SpectralTheory.SpectralRestriction,1,0
DK1970,DK-6.3-thm,dk_result_layer,TauCeti.DavisKahan1970.HasTheorem63DirectedTangentApproximationNumbersInfiniteReal,DavisKahan.Sources.DavisKahan1970.DirectedReal,1,0
DK1970,DK-6.3-thm,dk_result_layer,TauCeti.DavisKahan1970.compressOperatorReal,DavisKahan.Sources.DavisKahan1970.WholeSpaceReal,1,0
DK1970,DK-6.3-thm,dk_result_layer,TauCeti.DavisKahan1970.instCompleteSpaceCoeOfHasOrthogonalProjectionDirectedReal,DavisKahan.Sources.DavisKahan1970.DirectedReal,1,0
DK1970,DK-6.3-thm,dk_result_layer,TauCeti.DavisKahan1970.tanTheta_directed_paperUINorm_real_spectral,DavisKahan.Sources.DavisKahan1970.DirectedReal,0,1
DK1970,DK-6.3-thm,dk_result_layer,TauCeti.DavisKahan1970.tanTheta_directed_paperUINorm_spectral,DavisKahan.Sources.DavisKahan1970.Directed,0,1
DK1970,DK-6.3-thm,dk_result_layer,TauCeti.DavisKahan1970.theorem63DirectedSineBlockReal,DavisKahan.Sources.DavisKahan1970.DirectedReal,2,0
DK1970,DK-6.3-thm,dk_result_layer,TauCeti.DavisKahan1970.theorem63ResidualReal,DavisKahan.Sources.DavisKahan1970.DirectedReal,1,0
DK1970,DK-6.3-thm,dk_result_layer,TauCeti.DavisKahan1970.theorem6_3_unbounded_infiniteTrial_ideal_exists_real,DavisKahan.Sources.DavisKahan1970.DirectedUnboundedReal,0,1
DK1970,DK-6.3-thm,unbounded_selfadjoint_spectral,TauCeti.DavisKahanExt.ClosedOperator,DavisKahan.SpectralTheory.ClosedOperator.Basic,1,0
DK1970,DK-6.3-thm,unbounded_selfadjoint_spectral,TauCeti.DavisKahanExt.ClosedOperator.IsSelfAdjoint,DavisKahan.SpectralTheory.ClosedOperator.Basic,1,0
DK1970,DK-6.3-thm,unbounded_selfadjoint_spectral,TauCeti.DavisKahanExt.ClosedOperator.domain,DavisKahan.SpectralTheory.ClosedOperator.Basic,2,0
DK1970,DK-6.3-thm,unbounded_selfadjoint_spectral,TauCeti.DavisKahanExt.ClosedOperator.mk,DavisKahan.SpectralTheory.ClosedOperator.Basic,3,0
DK1970,DK-6.3-thm,unbounded_selfadjoint_spectral,TauCeti.DavisKahanExt.ClosedOperator.toLinearMap,DavisKahan.SpectralTheory.ClosedOperator.Basic,2,0
DK1970,DK-6.3-thm,unbounded_selfadjoint_spectral,TauCeti.DavisKahanExt.ClosedOperator.toLinearPMap,DavisKahan.SpectralTheory.ClosedOperator.Basic,1,0
DK1970,DK-6.3-thm,unbounded_selfadjoint_spectral,TauCeti.LinearPMap.cayley,ForTauCeti.Analysis.InnerProductSpace.LinearPMap.SelfAdjointResolvent,3,0
DK1970,DK-6.3-thm,unbounded_selfadjoint_spectral,TauCeti.LinearPMap.cayleyInv,ForTauCeti.Analysis.InnerProductSpace.LinearPMap.SpectralMeasure.Construction,3,0
DK1970,DK-6.3-thm,unbounded_selfadjoint_spectral,TauCeti.LinearPMap.isStarNormal_cayley,ForTauCeti.Analysis.InnerProductSpace.LinearPMap.SelfAdjointResolvent,3,0
DK1970,DK-6.3-thm,unbounded_selfadjoint_spectral,TauCeti.LinearPMap.measurable_cayleyInv,ForTauCeti.Analysis.InnerProductSpace.LinearPMap.SpectralMeasure.Construction,3,0
DK1970,DK-6.3-thm,unbounded_selfadjoint_spectral,TauCeti.LinearPMap.negI_mem_resolventSet,ForTauCeti.Analysis.InnerProductSpace.LinearPMap.SelfAdjointResolvent,4,0
DK1970,DK-6.3-thm,unbounded_selfadjoint_spectral,TauCeti.LinearPMap.resolvent,ForTauCeti.Analysis.InnerProductSpace.LinearPMap.ResolventBound,4,0
DK1970,DK-6.3-thm,unbounded_selfadjoint_spectral,TauCeti.LinearPMap.resolventSet,ForTauCeti.Analysis.InnerProductSpace.LinearPMap.Resolvent,5,0
DK1970,DK-6.3-thm,unbounded_selfadjoint_spectral,TauCeti.LinearPMap.specProjection,ForTauCeti.Analysis.InnerProductSpace.LinearPMap.SpectralMeasure.Construction,1,0
DK1970,DK-6.3-thm,unbounded_selfadjoint_spectral,TauCeti.LinearPMap.spectralPVM,ForTauCeti.Analysis.InnerProductSpace.LinearPMap.SpectralMeasure.Construction,2,0
DK1970,DK-6.3-thm,operator_ideals_uinorms,TauCeti.OperatorIdealFamily,ForTauCeti.Analysis.OperatorIdeal.Family.Basic,3,0
DK1970,DK-6.3-thm,operator_ideals_uinorms,TauCeti.OperatorIdealFamily.gauge,ForTauCeti.Analysis.OperatorIdeal.Family.Basic,2,0
DK1970,DK-6.3-thm,borel_spectral_calculus,TauCeti.ProjValMeasure,ForTauCeti.Analysis.InnerProductSpace.ProjValMeasure.Basic,3,0
DK1970,DK-6.3-thm,borel_spectral_calculus,TauCeti.ProjValMeasure.mk,ForTauCeti.Analysis.InnerProductSpace.ProjValMeasure.Basic,4,0
DK1970,DK-6.3-thm,borel_spectral_calculus,TauCeti.ProjValMeasure.proj,ForTauCeti.Analysis.InnerProductSpace.ProjValMeasure.Basic,2,0
DK1970,DK-6.3-thm,real_complex_transfer,TauCeti.RealComplexification,ForTauCeti.Analysis.InnerProductSpace.Complexification.Basic,2,0
DK1970,DK-6.3-thm,real_complex_transfer,TauCeti.RealComplexification.im,ForTauCeti.Analysis.InnerProductSpace.Complexification.Basic,3,0
DK1970,DK-6.3-thm,real_complex_transfer,TauCeti.RealComplexification.instAddCommGroup,ForTauCeti.Analysis.InnerProductSpace.Complexification.Basic,3,0
DK1970,DK-6.3-thm,real_complex_transfer,TauCeti.RealComplexification.instCompleteSpace,ForTauCeti.Analysis.InnerProductSpace.Complexification.Basic,2,0
DK1970,DK-6.3-thm,real_complex_transfer,TauCeti.RealComplexification.instInnerProductSpaceComplex,ForTauCeti.Analysis.InnerProductSpace.Complexification.Basic,2,0
DK1970,DK-6.3-thm,real_complex_transfer,TauCeti.RealComplexification.instModuleComplex,ForTauCeti.Analysis.InnerProductSpace.Complexification.Basic,3,0
DK1970,DK-6.3-thm,real_complex_transfer,TauCeti.RealComplexification.instModuleReal,ForTauCeti.Analysis.InnerProductSpace.Complexification.Basic,3,0
DK1970,DK-6.3-thm,real_complex_transfer,TauCeti.RealComplexification.instNormedAddCommGroup,ForTauCeti.Analysis.InnerProductSpace.Complexification.Basic,2,0
DK1970,DK-6.3-thm,real_complex_transfer,TauCeti.RealComplexification.instNormedSpaceComplex,ForTauCeti.Analysis.InnerProductSpace.Complexification.Basic,3,0
DK1970,DK-6.3-thm,real_complex_transfer,TauCeti.RealComplexification.instSMulComplex,ForTauCeti.Analysis.InnerProductSpace.Complexification.Basic,4,0
DK1970,DK-6.3-thm,real_complex_transfer,TauCeti.RealComplexification.instSMulReal,ForTauCeti.Analysis.InnerProductSpace.Complexification.Basic,4,0
DK1970,DK-6.3-thm,real_complex_transfer,TauCeti.RealComplexification.mk,ForTauCeti.Analysis.InnerProductSpace.Complexification.Basic,4,0
DK1970,DK-6.3-thm,real_complex_transfer,TauCeti.RealComplexification.ofReal,ForTauCeti.Analysis.InnerProductSpace.Complexification.Basic,3,0
DK1970,DK-6.3-thm,real_complex_transfer,TauCeti.RealComplexification.re,ForTauCeti.Analysis.InnerProductSpace.Complexification.Basic,3,0
DK1970,DK-6.3-thm,real_complex_transfer,TauCeti.RealComplexification.realPartOperator,ForTauCeti.Analysis.InnerProductSpace.Complexification.Basic,2,0
DK1970,DK-6.3-thm,operator_ideals_uinorms,TauCeti.SymmetricOperatorIdealFamily,ForTauCeti.Analysis.OperatorIdeal.Family.Basic,3,0
DK1970,DK-6.3-thm,operator_ideals_uinorms,TauCeti.SymmetricOperatorIdealFamily.toOperatorIdealFamily,ForTauCeti.Analysis.OperatorIdeal.Family.Basic,2,0
DK1970,DK-6.3-thm,operator_ideals_uinorms,TauCeti.UnitarilyInvariantSeminorm,ForTauCeti.Analysis.InnerProductSpace.UnitarilyInvariantSeminorm,6,0
DK1970,DK-6.3-thm,operator_ideals_uinorms,TauCeti.UnitarilyInvariantSeminorm.gauge,ForTauCeti.Analysis.InnerProductSpace.UnitarilyInvariantSeminorm,5,0
DK1970,DK-6.3-thm,operator_ideals_uinorms,TauCeti.UnitarilyInvariantSeminorm.toFun,ForTauCeti.Analysis.InnerProductSpace.UnitarilyInvariantSeminorm,6,0
DK1970,DK-6.3-thm,operator_ideals_uinorms,TauCeti.diagOp,ForTauCeti.Analysis.InnerProductSpace.UnitarilyInvariantSeminorm,6,0
DK1970,DK-6.3-thm,borel_spectral_calculus,TauCeti.pvmRangeSubspace,ForTauCeti.Analysis.InnerProductSpace.ProjValMeasure.Subspace,2,0
DK1970,DK-8.1-thm,hilbert_subspace_geometry,ContinuousLinearMap.Reduces,ForTauCeti.Analysis.InnerProductSpace.ReducingSubspace,1,0
DK1970,DK-8.1-thm,operator_ideals_uinorms,ContinuousLinearMap.approximationNumber,ForTauCeti.Analysis.OperatorIdeal.ApproximationNumber.Basic,1,0
DK1970,DK-8.1-thm,hilbert_subspace_geometry,Submodule.projectionGap,ForTauCeti.Analysis.InnerProductSpace.Projection.Gap,3,0
DK1970,DK-8.1-thm,borel_spectral_calculus,TauCeti.BorelCalculus.IsBddMeasurable,ForTauCeti.Analysis.InnerProductSpace.BorelCalculus.Operator,9,0
DK1970,DK-8.1-thm,borel_spectral_calculus,TauCeti.BorelCalculus.IsBddMeasurable.chooseBound,ForTauCeti.Analysis.InnerProductSpace.BorelCalculus.Operator,9,0
DK1970,DK-8.1-thm,borel_spectral_calculus,TauCeti.BorelCalculus.IsBddMeasurable.exists_bound,ForTauCeti.Analysis.InnerProductSpace.BorelCalculus.Operator,10,0
DK1970,DK-8.1-thm,borel_spectral_calculus,TauCeti.BorelCalculus.borelCalculus,ForTauCeti.Analysis.InnerProductSpace.BorelCalculus.Operator,8,0
DK1970,DK-8.1-thm,borel_spectral_calculus,TauCeti.BorelCalculus.borelVector,ForTauCeti.Analysis.InnerProductSpace.BorelCalculus.Operator,9,0
DK1970,DK-8.1-thm,borel_spectral_calculus,TauCeti.BorelCalculus.boundedPVM,ForTauCeti.Analysis.InnerProductSpace.BorelCalculus.PVM,5,0
DK1970,DK-8.1-thm,borel_spectral_calculus,TauCeti.BorelCalculus.diagFunctional,ForTauCeti.Analysis.InnerProductSpace.BorelCalculus.DiagonalMeasure,9,0
DK1970,DK-8.1-thm,borel_spectral_calculus,TauCeti.BorelCalculus.diagMeasure,ForTauCeti.Analysis.InnerProductSpace.BorelCalculus.DiagonalMeasure,8,0
DK1970,DK-8.1-thm,borel_spectral_calculus,TauCeti.BorelCalculus.inner_specProj_self,ForTauCeti.Analysis.InnerProductSpace.BorelCalculus.PVM,7,0
DK1970,DK-8.1-thm,borel_spectral_calculus,TauCeti.BorelCalculus.isFiniteMeasure_specDiag,ForTauCeti.Analysis.InnerProductSpace.BorelCalculus.PVM,7,0
DK1970,DK-8.1-thm,borel_spectral_calculus,TauCeti.BorelCalculus.measurable_reCoord,ForTauCeti.Analysis.InnerProductSpace.BorelCalculus.PVM,6,0
DK1970,DK-8.1-thm,borel_spectral_calculus,TauCeti.BorelCalculus.norm_borelVector_le,ForTauCeti.Analysis.InnerProductSpace.BorelCalculus.Operator,9,0
DK1970,DK-8.1-thm,borel_spectral_calculus,TauCeti.BorelCalculus.ofRealLM,ForTauCeti.Analysis.InnerProductSpace.BorelCalculus.DiagonalMeasure,10,0
DK1970,DK-8.1-thm,borel_spectral_calculus,TauCeti.BorelCalculus.pair,ForTauCeti.Analysis.InnerProductSpace.BorelCalculus.Polarization,11,0
DK1970,DK-8.1-thm,borel_spectral_calculus,TauCeti.BorelCalculus.pairFunctional,ForTauCeti.Analysis.InnerProductSpace.BorelCalculus.Operator,10,0
DK1970,DK-8.1-thm,borel_spectral_calculus,TauCeti.BorelCalculus.reCoord,ForTauCeti.Analysis.InnerProductSpace.BorelCalculus.PVM,6,0
DK1970,DK-8.1-thm,borel_spectral_calculus,TauCeti.BorelCalculus.specDiag,ForTauCeti.Analysis.InnerProductSpace.BorelCalculus.PVM,7,0
DK1970,DK-8.1-thm,borel_spectral_calculus,TauCeti.BorelCalculus.specProj,ForTauCeti.Analysis.InnerProductSpace.BorelCalculus.PVM,7,0
DK1970,DK-8.1-thm,borel_spectral_calculus,TauCeti.BorelCalculus.specProj_inter,ForTauCeti.Analysis.InnerProductSpace.BorelCalculus.PVM,7,0
DK1970,DK-8.1-thm,borel_spectral_calculus,TauCeti.BorelCalculus.specProj_univ,ForTauCeti.Analysis.InnerProductSpace.BorelCalculus.PVM,7,0
DK1970,DK-8.1-thm,borel_spectral_calculus,TauCeti.BorelCalculus.toProjValMeasure,ForTauCeti.Analysis.InnerProductSpace.BorelCalculus.PVM,6,0
DK1970,DK-8.1-thm,unbounded_selfadjoint_spectral,TauCeti.DavisKahan.Foundation.InvariantFor,DavisKahan.SpectralTheory.AbstractSpectrum,2,0
DK1970,DK-8.1-thm,real_complex_transfer,TauCeti.DavisKahan.Foundation.RealComplexification.realBoundedSpectralProjectionIicOfGap,DavisKahan.SpectralTheory.Complexification.BoundedGapProjection,3,0
DK1970,DK-8.1-thm,real_complex_transfer,TauCeti.DavisKahan.Foundation.RealComplexification.realBoundedSpectralSubspaceIicOfGap,DavisKahan.SpectralTheory.Complexification.BoundedGapProjection,2,0
DK1970,DK-8.1-thm,unbounded_selfadjoint_spectral,TauCeti.DavisKahan.Foundation.SpectrumIn,DavisKahan.SpectralTheory.AbstractSpectrum,1,0
DK1970,DK-8.1-thm,unbounded_selfadjoint_spectral,TauCeti.DavisKahan.Foundation.realSpectrum,DavisKahan.SpectralTheory.AbstractSpectrum,3,0
DK1970,DK-8.1-thm,unbounded_selfadjoint_spectral,TauCeti.DavisKahan.Foundation.restrictedSpectrum,DavisKahan.SpectralTheory.AbstractSpectrum,2,0
DK1970,DK-8.1-thm,dk_result_layer,TauCeti.DavisKahan.IsSelfAdjointOperator,DavisKahan.BoundedOperator.Compat,2,0
DK1970,DK-8.1-thm,dk_result_layer,TauCeti.DavisKahan.subspaceGap,DavisKahan.BoundedOperator.Compat,2,0
DK1970,DK-8.1-thm,dk_result_layer,TauCeti.DavisKahan1970.Section8.Theorem81Conclusion,DavisKahan.Sources.DavisKahan1970.Section8.SourceTheorem81,1,0
DK1970,DK-8.1-thm,dk_result_layer,TauCeti.DavisKahan1970.Section8.Theorem81ConclusionReal,DavisKahan.Sources.DavisKahan1970.Section8.SourceTheorem81Real,1,0
DK1970,DK-8.1-thm,dk_result_layer,TauCeti.DavisKahan1970.Section8.approximationNumber_eq_eigenvalues_of_isPositive,DavisKahan.Frontier.Section8SourceDictionary,0,1
DK1970,DK-8.1-thm,dk_result_layer,TauCeti.DavisKahan1970.Section8.canonicalLowBranch,DavisKahan.Sources.DavisKahan1970.Section8.SourceTheorem81,1,0
DK1970,DK-8.1-thm,dk_result_layer,TauCeti.DavisKahan1970.Section8.canonicalLowBranchReal,DavisKahan.Frontier.Section8PartIIReal,1,0
DK1970,DK-8.1-thm,dk_result_layer,TauCeti.DavisKahan1970.Section8.canonicalLowBranchReal_hasOrthogonalProjection,DavisKahan.Frontier.Section8PartIIReal,1,0
DK1970,DK-8.1-thm,dk_result_layer,TauCeti.DavisKahan1970.Section8.canonicalLowBranch_hasOrthogonalProjection,DavisKahan.Sources.DavisKahan1970.Section8.SourceTheorem81,1,0
DK1970,DK-8.1-thm,dk_result_layer,TauCeti.DavisKahan1970.Section8.cosineBlock,DavisKahan.Frontier.Section8PartII,1,0
DK1970,DK-8.1-thm,dk_result_layer,TauCeti.DavisKahan1970.Section8.lowerBlockShift,DavisKahan.Frontier.Section8PartII,1,0
DK1970,DK-8.1-thm,dk_result_layer,TauCeti.DavisKahan1970.Section8.lowerCosineBlock,DavisKahan.Frontier.Section8PartII,1,0
DK1970,DK-8.1-thm,dk_result_layer,TauCeti.DavisKahan1970.Section8.theorem8_1_canonicalBranch,DavisKahan.Sources.DavisKahan1970.Section8.SourceTheorem81,0,1
DK1970,DK-8.1-thm,dk_result_layer,TauCeti.DavisKahan1970.Section8.theorem8_1_canonicalBranch_real,DavisKahan.Sources.DavisKahan1970.Section8.SourceTheorem81Real,0,1
DK1970,DK-8.1-thm,dk_result_layer,TauCeti.DavisKahan1970.Section8.theorem8_1_lowerApproximationRepulsion_real,DavisKahan.Frontier.Section8PartIIReal,0,1
DK1970,DK-8.1-thm,dk_result_layer,TauCeti.DavisKahan1970.Section8.theorem8_1_lowerApproximationRepulsion_source,DavisKahan.Frontier.Section8PartII,0,1
DK1970,DK-8.1-thm,dk_result_layer,TauCeti.DavisKahan1970.Section8.theorem8_1_lowerCompressionRepulsion_real,DavisKahan.Frontier.Section8PartIIReal,0,1
DK1970,DK-8.1-thm,dk_result_layer,TauCeti.DavisKahan1970.Section8.theorem8_1_lowerCompressionRepulsion_source,DavisKahan.Frontier.Section8SourceSurface,0,1
DK1970,DK-8.1-thm,dk_result_layer,TauCeti.DavisKahan1970.Section8.theorem8_1_lowerSymmetricGaugeRepulsion_angle_rev_real,DavisKahan.Frontier.Section8SourceDictionary,0,1
DK1970,DK-8.1-thm,dk_result_layer,TauCeti.DavisKahan1970.Section8.theorem8_1_lowerSymmetricGaugeRepulsion_angle_rev_source,DavisKahan.Frontier.Section8SourceDictionary,0,1
DK1970,DK-8.1-thm,dk_result_layer,TauCeti.DavisKahan1970.Section8.theorem8_1_maximalAngle_le_iff_spectrumIn,DavisKahan.Sources.DavisKahan1970.Section8.SourceTheorem81,0,1
DK1970,DK-8.1-thm,dk_result_layer,TauCeti.DavisKahan1970.Section8.theorem8_1_maximalAngle_le_iff_spectrumIn_real,DavisKahan.Sources.DavisKahan1970.Section8.SourceTheorem81Real,0,1
DK1970,DK-8.1-thm,dk_result_layer,TauCeti.DavisKahan1970.Section8.theorem8_1_spectralRepulsion_real,DavisKahan.Frontier.Section8PartIIReal,2,0
DK1970,DK-8.1-thm,dk_result_layer,TauCeti.DavisKahan1970.Section8.theorem8_1_upperApproximationRepulsion_real,DavisKahan.Frontier.Section8PartIIReal,0,1
DK1970,DK-8.1-thm,dk_result_layer,TauCeti.DavisKahan1970.Section8.theorem8_1_upperApproximationRepulsion_source,DavisKahan.Frontier.Section8PartII,0,1
DK1970,DK-8.1-thm,dk_result_layer,TauCeti.DavisKahan1970.Section8.theorem8_1_upperCompressionRepulsion_real,DavisKahan.Frontier.Section8PartIIReal,0,1
DK1970,DK-8.1-thm,dk_result_layer,TauCeti.DavisKahan1970.Section8.theorem8_1_upperCompressionRepulsion_source,DavisKahan.Frontier.Section8SourceSurface,0,1
DK1970,DK-8.1-thm,dk_result_layer,TauCeti.DavisKahan1970.Section8.theorem8_1_upperSymmetricGaugeRepulsion_angle_rev_real,DavisKahan.Frontier.Section8SourceDictionary,0,1
DK1970,DK-8.1-thm,dk_result_layer,TauCeti.DavisKahan1970.Section8.theorem8_1_upperSymmetricGaugeRepulsion_angle_rev_source,DavisKahan.Frontier.Section8SourceDictionary,0,1
DK1970,DK-8.1-thm,dk_result_layer,TauCeti.DavisKahan1970.Section8.upperBlockShift,DavisKahan.Frontier.Section8PartII,1,0
DK1970,DK-8.1-thm,borel_spectral_calculus,TauCeti.DavisKahanExt.boundedSelfAdjointSpectralPVM,DavisKahan.SpectralTheory.BoundedSelfAdjointSpectralProjection,4,0
DK1970,DK-8.1-thm,borel_spectral_calculus,TauCeti.DavisKahanExt.boundedSelfAdjointSpectralProjection,DavisKahan.SpectralTheory.BoundedSelfAdjointSpectralProjection,3,0
DK1970,DK-8.1-thm,borel_spectral_calculus,TauCeti.DavisKahanExt.boundedSelfAdjointSpectralSubspace,DavisKahan.SpectralTheory.BoundedSelfAdjointSpectralProjection,2,0
DK1970,DK-8.1-thm,operator_angle_double_angle,TauCeti.DavisKahanExt.maximalAngle,DavisKahan.SpectralTheory.OperatorAngle,1,0
DK1970,DK-8.1-thm,operator_ideals_uinorms,TauCeti.FiniteSymmetricGauge,ForTauCeti.Analysis.Convex.Majorization,1,0
DK1970,DK-8.1-thm,operator_ideals_uinorms,TauCeti.FiniteSymmetricGauge.toFun,ForTauCeti.Analysis.Convex.Majorization,1,0
DK1970,DK-8.1-thm,borel_spectral_calculus,TauCeti.ProjValMeasure,ForTauCeti.Analysis.InnerProductSpace.ProjValMeasure.Basic,5,0
DK1970,DK-8.1-thm,borel_spectral_calculus,TauCeti.ProjValMeasure.mk,ForTauCeti.Analysis.InnerProductSpace.ProjValMeasure.Basic,7,0
DK1970,DK-8.1-thm,borel_spectral_calculus,TauCeti.ProjValMeasure.proj,ForTauCeti.Analysis.InnerProductSpace.ProjValMeasure.Basic,4,0
DK1970,DK-8.1-thm,real_complex_transfer,TauCeti.RealComplexification,ForTauCeti.Analysis.InnerProductSpace.Complexification.Basic,4,0
DK1970,DK-8.1-thm,real_complex_transfer,TauCeti.RealComplexification.complexify,ForTauCeti.Analysis.InnerProductSpace.Complexification.Basic,4,0
DK1970,DK-8.1-thm,real_complex_transfer,TauCeti.RealComplexification.im,ForTauCeti.Analysis.InnerProductSpace.Complexification.Basic,5,0
DK1970,DK-8.1-thm,real_complex_transfer,TauCeti.RealComplexification.instAddCommGroup,ForTauCeti.Analysis.InnerProductSpace.Complexification.Basic,5,0
DK1970,DK-8.1-thm,real_complex_transfer,TauCeti.RealComplexification.instCompleteSpace,ForTauCeti.Analysis.InnerProductSpace.Complexification.Basic,4,0
DK1970,DK-8.1-thm,real_complex_transfer,TauCeti.RealComplexification.instInnerProductSpaceComplex,ForTauCeti.Analysis.InnerProductSpace.Complexification.Basic,4,0
DK1970,DK-8.1-thm,real_complex_transfer,TauCeti.RealComplexification.instModuleComplex,ForTauCeti.Analysis.InnerProductSpace.Complexification.Basic,5,0
DK1970,DK-8.1-thm,real_complex_transfer,TauCeti.RealComplexification.instModuleReal,ForTauCeti.Analysis.InnerProductSpace.Complexification.Basic,5,0
DK1970,DK-8.1-thm,real_complex_transfer,TauCeti.RealComplexification.instNormedAddCommGroup,ForTauCeti.Analysis.InnerProductSpace.Complexification.Basic,4,0
DK1970,DK-8.1-thm,real_complex_transfer,TauCeti.RealComplexification.instNormedSpaceComplex,ForTauCeti.Analysis.InnerProductSpace.Complexification.Basic,5,0
DK1970,DK-8.1-thm,real_complex_transfer,TauCeti.RealComplexification.instSMulComplex,ForTauCeti.Analysis.InnerProductSpace.Complexification.Basic,6,0
DK1970,DK-8.1-thm,real_complex_transfer,TauCeti.RealComplexification.instSMulReal,ForTauCeti.Analysis.InnerProductSpace.Complexification.Basic,6,0
DK1970,DK-8.1-thm,real_complex_transfer,TauCeti.RealComplexification.mk,ForTauCeti.Analysis.InnerProductSpace.Complexification.Basic,5,0
DK1970,DK-8.1-thm,real_complex_transfer,TauCeti.RealComplexification.ofReal,ForTauCeti.Analysis.InnerProductSpace.Complexification.Basic,5,0
DK1970,DK-8.1-thm,real_complex_transfer,TauCeti.RealComplexification.re,ForTauCeti.Analysis.InnerProductSpace.Complexification.Basic,5,0
DK1970,DK-8.1-thm,real_complex_transfer,TauCeti.RealComplexification.realPartOperator,ForTauCeti.Analysis.InnerProductSpace.Complexification.Basic,4,0
DK1970,DK-8.1-thm,hilbert_subspace_geometry,TauCeti.cosThetaMap,ForTauCeti.Analysis.InnerProductSpace.AngleGeometry,2,0
DK1970,DK-8.1-thm,hilbert_subspace_geometry,TauCeti.principalCosines,ForTauCeti.Analysis.InnerProductSpace.AngleGeometry,1,0
DK1970,DK-8.1-thm,spectral_gap_variational,TauCeti.projection,ForTauCeti.Analysis.InnerProductSpace.Spectral.Subspace,3,0
DK1970,DK-8.2-thm,hilbert_subspace_geometry,ContinuousLinearMap.Reduces,ForTauCeti.Analysis.InnerProductSpace.ReducingSubspace,1,0
DK1970,DK-8.2-thm,operator_ideals_uinorms,ContinuousLinearMap.approximationNumber,ForTauCeti.Analysis.OperatorIdeal.ApproximationNumber.Basic,6,0
DK1970,DK-8.2-thm,operator_ideals_uinorms,ContinuousLinearMap.modulus,ForTauCeti.Analysis.InnerProductSpace.OperatorModulus,4,0
DK1970,DK-8.2-thm,hilbert_subspace_geometry,Submodule.directedProjectionGap,ForTauCeti.Analysis.InnerProductSpace.Projection.Gap,2,0
DK1970,DK-8.2-thm,hilbert_subspace_geometry,Submodule.projectionGap,ForTauCeti.Analysis.InnerProductSpace.Projection.Gap,3,0
DK1970,DK-8.2-thm,operator_ideals_uinorms,TauCeti.ApproximationNumber.approximationSingularValue,ForTauCeti.Analysis.OperatorIdeal.ApproximationNumber.Core,5,0
DK1970,DK-8.2-thm,dk_result_layer,TauCeti.DavisKahan.ExactSinTheta.PaperUnitaryInvariantNorm,DavisKahan.Sources.DavisKahan1970.SineTheta.Norms.UnitaryInvariantNorm,1,0
DK1970,DK-8.2-thm,dk_result_layer,TauCeti.DavisKahan.ExactSinTheta.PaperUnitaryInvariantNorm.Mem,DavisKahan.Sources.DavisKahan1970.SineTheta.Norms.UnitaryInvariantNorm,1,0
DK1970,DK-8.2-thm,dk_result_layer,TauCeti.DavisKahan.ExactSinTheta.PaperUnitaryInvariantNorm.approximationPrefix,DavisKahan.Sources.DavisKahan1970.SineTheta.Norms.UnitaryInvariantNorm,4,0
DK1970,DK-8.2-thm,dk_result_layer,TauCeti.DavisKahan.ExactSinTheta.PaperUnitaryInvariantNorm.extendedGauge,DavisKahan.Sources.DavisKahan1970.SineTheta.Norms.UnitaryInvariantNorm,2,0
DK1970,DK-8.2-thm,dk_result_layer,TauCeti.DavisKahan.ExactSinTheta.PaperUnitaryInvariantNorm.finiteGauge,DavisKahan.Sources.DavisKahan1970.SineTheta.Norms.UnitaryInvariantNorm,4,0
DK1970,DK-8.2-thm,dk_result_layer,TauCeti.DavisKahan.ExactSinTheta.PaperUnitaryInvariantNorm.finiteNorm,DavisKahan.Sources.DavisKahan1970.SineTheta.Norms.UnitaryInvariantNorm,5,0
DK1970,DK-8.2-thm,dk_result_layer,TauCeti.DavisKahan.ExactSinTheta.PaperUnitaryInvariantNorm.gauge,DavisKahan.Sources.DavisKahan1970.SineTheta.Norms.UnitaryInvariantNorm,1,0
DK1970,DK-8.2-thm,dk_result_layer,TauCeti.DavisKahan.ExactSinTheta.PaperUnitaryInvariantNorm.prefixGauge,DavisKahan.Sources.DavisKahan1970.SineTheta.Norms.UnitaryInvariantNorm,3,0
DK1970,DK-8.2-thm,unbounded_selfadjoint_spectral,TauCeti.DavisKahan.Foundation.InvariantFor,DavisKahan.SpectralTheory.AbstractSpectrum,2,0
DK1970,DK-8.2-thm,real_complex_transfer,TauCeti.DavisKahan.Foundation.RealComplexification.complexifySubmodule,DavisKahan.SpectralTheory.Complexification.Subspace,2,0
DK1970,DK-8.2-thm,real_complex_transfer,TauCeti.DavisKahan.Foundation.RealComplexification.instHasOrthogonalProjectionComplexifySubmodule,DavisKahan.SpectralTheory.Complexification.Subspace,2,0
DK1970,DK-8.2-thm,unbounded_selfadjoint_spectral,TauCeti.DavisKahan.Foundation.SpectrumIn,DavisKahan.SpectralTheory.AbstractSpectrum,1,0
DK1970,DK-8.2-thm,unbounded_selfadjoint_spectral,TauCeti.DavisKahan.Foundation.restrictedSpectrum,DavisKahan.SpectralTheory.AbstractSpectrum,2,0
DK1970,DK-8.2-thm,direct_rotation_two_projection,TauCeti.DavisKahan.Frontier.CrossedDefectsEquivalent,DavisKahan.Geometry.Halmos.GenericRotationPredicates,1,0
DK1970,DK-8.2-thm,dk_result_layer,TauCeti.DavisKahan.Frontier.Section8.gapExterior,DavisKahan.Frontier.Section8Perturbation,1,0
DK1970,DK-8.2-thm,dk_result_layer,TauCeti.DavisKahan.Frontier.Section8.instCompleteSpaceCoeOfHasOrthogonalProjectionSection8Source,DavisKahan.Frontier.Section8SourceTheorem82,1,0
DK1970,DK-8.2-thm,dk_result_layer,TauCeti.DavisKahan.Frontier.Section8.instCompleteSpaceCoeOfHasOrthogonalProjectionSection8SourceReal,DavisKahan.Frontier.Section8SourceTheorem82Real,1,0
DK1970,DK-8.2-thm,dk_result_layer,TauCeti.DavisKahan.Frontier.Section8.theorem8_2_sinTwoTheta_residual_source_real_paperUINorm,DavisKahan.Frontier.Section8SourceTheorem82Real,0,1
DK1970,DK-8.2-thm,dk_result_layer,TauCeti.DavisKahan.IsSelfAdjointOperator,DavisKahan.BoundedOperator.Compat,1,0
DK1970,DK-8.2-thm,dk_result_layer,TauCeti.DavisKahan.directedGap,DavisKahan.BoundedOperator.Compat,1,0
DK1970,DK-8.2-thm,direct_rotation_two_projection,TauCeti.DavisKahan.halmosSourceDefect,DavisKahan.Geometry.Halmos.TwoProjections,2,0
DK1970,DK-8.2-thm,direct_rotation_two_projection,TauCeti.DavisKahan.halmosTargetDefect,DavisKahan.Geometry.Halmos.TwoProjections,2,0
DK1970,DK-8.2-thm,dk_result_layer,TauCeti.DavisKahan.residual,DavisKahan.BoundedOperator.Compat,1,0
DK1970,DK-8.2-thm,operator_angle_double_angle,TauCeti.DavisKahan.sinTwoThetaIdealBlock,DavisKahan.DoubleAngle.UnboundedIdeal,1,0
DK1970,DK-8.2-thm,dk_result_layer,TauCeti.DavisKahan.subspaceGap,DavisKahan.BoundedOperator.Compat,2,0
DK1970,DK-8.2-thm,dk_result_layer,TauCeti.DavisKahan1970.Section8.theorem8_2_branch_source_directed,DavisKahan.Frontier.Section8SourceSurface,0,1
DK1970,DK-8.2-thm,dk_result_layer,TauCeti.DavisKahan1970.Section8.theorem8_2_branch_source_directed_real,DavisKahan.Frontier.Section8SourceSurface,0,1
DK1970,DK-8.2-thm,dk_result_layer,TauCeti.DavisKahan1970.Section8.theorem8_2_branch_source_maximalAngle_lt_of_crossedDefects,DavisKahan.Frontier.Section8SourceSurface,0,1
DK1970,DK-8.2-thm,dk_result_layer,TauCeti.DavisKahan1970.Section8.theorem8_2_branch_source_real_maximalAngle_lt_of_crossedDefects,DavisKahan.Frontier.Section8SourceSurface,0,1
DK1970,DK-8.2-thm,dk_result_layer,TauCeti.DavisKahan1970.Section8.theorem8_2_sinTwoTheta_perturbation_source_paperUINorm,DavisKahan.Frontier.Section8SourceSurface,0,1
DK1970,DK-8.2-thm,dk_result_layer,TauCeti.DavisKahan1970.Section8.theorem8_2_sinTwoTheta_perturbation_source_real_paperUINorm,DavisKahan.Frontier.Section8SourceSurface,0,1
DK1970,DK-8.2-thm,dk_result_layer,TauCeti.DavisKahan1970.Section8.theorem8_2_sinTwoTheta_residual_source_paperUINorm,DavisKahan.Frontier.Section8SourceSurface,0,1
DK1970,DK-8.2-thm,sylvester_intertwiner,TauCeti.DavisKahanExt.compressOperator,DavisKahan.Sylvester.Spectrum,1,0
DK1970,DK-8.2-thm,operator_angle_double_angle,TauCeti.DavisKahanExt.maximalAngle,DavisKahan.SpectralTheory.OperatorAngle,1,0
DK1970,DK-8.2-thm,operator_angle_double_angle,TauCeti.DavisKahanExt.paperAngleOperatorC,DavisKahan.Geometry.Angle.PaperOperatorAngle,2,0
DK1970,DK-8.2-thm,operator_angle_double_angle,TauCeti.DavisKahanExt.paperSinTwoAngleOperatorC,DavisKahan.Geometry.Angle.PaperDoubleAngle,1,0
DK1970,DK-8.2-thm,operator_angle_double_angle,TauCeti.DavisKahanExt.paperSinTwoAngleOperatorR,DavisKahan.Geometry.Angle.PaperOperatorAngleReal,1,0
DK1970,DK-8.2-thm,operator_angle_double_angle,TauCeti.DavisKahanExt.sinAngleOperatorC,DavisKahan.Geometry.Angle.OperatorAngleComplex,3,0
DK1970,DK-8.2-thm,real_complex_transfer,TauCeti.RealComplexification,ForTauCeti.Analysis.InnerProductSpace.Complexification.Basic,2,0
DK1970,DK-8.2-thm,real_complex_transfer,TauCeti.RealComplexification.im,ForTauCeti.Analysis.InnerProductSpace.Complexification.Basic,3,0
DK1970,DK-8.2-thm,real_complex_transfer,TauCeti.RealComplexification.instAddCommGroup,ForTauCeti.Analysis.InnerProductSpace.Complexification.Basic,3,0
DK1970,DK-8.2-thm,real_complex_transfer,TauCeti.RealComplexification.instCompleteSpace,ForTauCeti.Analysis.InnerProductSpace.Complexification.Basic,2,0
DK1970,DK-8.2-thm,real_complex_transfer,TauCeti.RealComplexification.instInnerProductSpaceComplex,ForTauCeti.Analysis.InnerProductSpace.Complexification.Basic,2,0
DK1970,DK-8.2-thm,real_complex_transfer,TauCeti.RealComplexification.instModuleComplex,ForTauCeti.Analysis.InnerProductSpace.Complexification.Basic,3,0
DK1970,DK-8.2-thm,real_complex_transfer,TauCeti.RealComplexification.instModuleReal,ForTauCeti.Analysis.InnerProductSpace.Complexification.Basic,3,0
DK1970,DK-8.2-thm,real_complex_transfer,TauCeti.RealComplexification.instNormedAddCommGroup,ForTauCeti.Analysis.InnerProductSpace.Complexification.Basic,2,0
DK1970,DK-8.2-thm,real_complex_transfer,TauCeti.RealComplexification.instNormedSpaceComplex,ForTauCeti.Analysis.InnerProductSpace.Complexification.Basic,3,0
DK1970,DK-8.2-thm,real_complex_transfer,TauCeti.RealComplexification.instSMulComplex,ForTauCeti.Analysis.InnerProductSpace.Complexification.Basic,4,0
DK1970,DK-8.2-thm,real_complex_transfer,TauCeti.RealComplexification.instSMulReal,ForTauCeti.Analysis.InnerProductSpace.Complexification.Basic,4,0
DK1970,DK-8.2-thm,real_complex_transfer,TauCeti.RealComplexification.mk,ForTauCeti.Analysis.InnerProductSpace.Complexification.Basic,4,0
DK1970,DK-8.2-thm,real_complex_transfer,TauCeti.RealComplexification.ofReal,ForTauCeti.Analysis.InnerProductSpace.Complexification.Basic,3,0
DK1970,DK-8.2-thm,real_complex_transfer,TauCeti.RealComplexification.re,ForTauCeti.Analysis.InnerProductSpace.Complexification.Basic,3,0
DK1970,DK-8.2-thm,real_complex_transfer,TauCeti.RealComplexification.realPartOperator,ForTauCeti.Analysis.InnerProductSpace.Complexification.Basic,2,0
DK1970,DK-8.2-thm,operator_ideals_uinorms,TauCeti.UnitarilyInvariantSeminorm,ForTauCeti.Analysis.InnerProductSpace.UnitarilyInvariantSeminorm,6,0
DK1970,DK-8.2-thm,operator_ideals_uinorms,TauCeti.UnitarilyInvariantSeminorm.gauge,ForTauCeti.Analysis.InnerProductSpace.UnitarilyInvariantSeminorm,5,0
DK1970,DK-8.2-thm,operator_ideals_uinorms,TauCeti.UnitarilyInvariantSeminorm.toFun,ForTauCeti.Analysis.InnerProductSpace.UnitarilyInvariantSeminorm,6,0
DK1970,DK-8.2-thm,operator_ideals_uinorms,TauCeti.diagOp,ForTauCeti.Analysis.InnerProductSpace.UnitarilyInvariantSeminorm,6,0
DK1970,S2-sin-theta,operator_ideals_uinorms,ContinuousLinearMap.HasMinMaxLowerBoundEverywhere,ForTauCeti.Analysis.OperatorIdeal.ApproximationNumber.FiniteRestriction,1,0
DK1970,S2-sin-theta,operator_ideals_uinorms,ContinuousLinearMap.approximationNumber,ForTauCeti.Analysis.OperatorIdeal.ApproximationNumber.Basic,6,0
DK1970,S2-sin-theta,dk_result_layer,DavisKahan1970.IsExactSpectralDecomposition,DavisKahan.Sources.DavisKahan1970.SineTheta.PaperSurface,1,0
DK1970,S2-sin-theta,dk_result_layer,DavisKahan1970.IsTrialResidual,DavisKahan.Sources.DavisKahan1970.SineTheta.PaperSurface,1,0
DK1970,S2-sin-theta,dk_result_layer,DavisKahan1970.sinTheta_headline,DavisKahan.Sources.DavisKahan1970.SineTheta.PaperSurface,0,1
DK1970,S2-sin-theta,operator_ideals_uinorms,TauCeti.ApproximationNumber.approximationSingularValue,ForTauCeti.Analysis.OperatorIdeal.ApproximationNumber.Core,5,0
DK1970,S2-sin-theta,dk_result_layer,TauCeti.DavisKahan.ExactSinTheta.ClosedOperatorAmbient,DavisKahan.SinTheta.Unbounded.Core,5,0
DK1970,S2-sin-theta,dk_result_layer,TauCeti.DavisKahan.ExactSinTheta.ClosedOperatorComplement,DavisKahan.SinTheta.Unbounded.Core,5,0
DK1970,S2-sin-theta,dk_result_layer,TauCeti.DavisKahan.ExactSinTheta.ClosedOperatorTrial,DavisKahan.SinTheta.Unbounded.Core,5,0
DK1970,S2-sin-theta,dk_result_layer,TauCeti.DavisKahan.ExactSinTheta.FormBoundedGeneralSinThetaProblem,DavisKahan.SinTheta.Canonical,1,0
DK1970,S2-sin-theta,dk_result_layer,TauCeti.DavisKahan.ExactSinTheta.FormBoundedGeneralSinThetaProblem.data,DavisKahan.SinTheta.Canonical,1,0
DK1970,S2-sin-theta,dk_result_layer,TauCeti.DavisKahan.ExactSinTheta.FormBoundedGeneralSinThetaProblem.exactMap,DavisKahan.SinTheta.Canonical,1,0
DK1970,S2-sin-theta,dk_result_layer,TauCeti.DavisKahan.ExactSinTheta.FormBoundedGeneralSinThetaProblem.frameLowerBound,DavisKahan.SinTheta.Canonical,1,0
DK1970,S2-sin-theta,dk_result_layer,TauCeti.DavisKahan.ExactSinTheta.FormBoundedGeneralSinThetaProblem.frameLowerBound_pos,DavisKahan.SinTheta.Canonical,1,0
DK1970,S2-sin-theta,dk_result_layer,TauCeti.DavisKahan.ExactSinTheta.FormBoundedGeneralSinThetaProblem.gap,DavisKahan.SinTheta.Canonical,1,0
DK1970,S2-sin-theta,dk_result_layer,TauCeti.DavisKahan.ExactSinTheta.FormBoundedGeneralSinThetaProblem.lowerFrame,DavisKahan.SinTheta.Canonical,1,0
DK1970,S2-sin-theta,dk_result_layer,TauCeti.DavisKahan.ExactSinTheta.FormBoundedIsometricSinThetaProblem,DavisKahan.SinTheta.Canonical,1,0
DK1970,S2-sin-theta,dk_result_layer,TauCeti.DavisKahan.ExactSinTheta.FormBoundedIsometricSinThetaProblem.data,DavisKahan.SinTheta.Canonical,1,0
DK1970,S2-sin-theta,dk_result_layer,TauCeti.DavisKahan.ExactSinTheta.FormBoundedIsometricSinThetaProblem.exactMap,DavisKahan.SinTheta.Canonical,1,0
DK1970,S2-sin-theta,dk_result_layer,TauCeti.DavisKahan.ExactSinTheta.FormBoundedIsometricSinThetaProblem.gap,DavisKahan.SinTheta.Canonical,1,0
DK1970,S2-sin-theta,sylvester_intertwiner,TauCeti.DavisKahan.ExactSinTheta.FormBoundedSylvesterGap,DavisKahan.Sylvester.Gap,4,0
DK1970,S2-sin-theta,sylvester_intertwiner,TauCeti.DavisKahan.ExactSinTheta.HasUnboundedSylvesterKyFan,DavisKahan.Sylvester.ScalarGeneric,1,0
DK1970,S2-sin-theta,operator_ideals_uinorms,TauCeti.DavisKahan.ExactSinTheta.KyFanDominantIdealFamily,DavisKahan.OperatorIdeal.ApproximationNumbers.ScalarGeneric,1,0
DK1970,S2-sin-theta,operator_ideals_uinorms,TauCeti.DavisKahan.ExactSinTheta.KyFanDominantIdealFamily.Mem,DavisKahan.OperatorIdeal.ApproximationNumbers.ScalarGeneric,1,0
DK1970,S2-sin-theta,operator_ideals_uinorms,TauCeti.DavisKahan.ExactSinTheta.KyFanDominantIdealFamily.gauge,DavisKahan.OperatorIdeal.ApproximationNumbers.ScalarGeneric,1,0
DK1970,S2-sin-theta,operator_ideals_uinorms,TauCeti.DavisKahan.ExactSinTheta.KyFanDominantIdealFamily.toSymmetricOperatorIdealFamily,DavisKahan.OperatorIdeal.ApproximationNumbers.ScalarGeneric,2,0
DK1970,S2-sin-theta,dk_result_layer,TauCeti.DavisKahan.ExactSinTheta.LowerFrameBound,DavisKahan.SinTheta.FrameFactorization,2,0
DK1970,S2-sin-theta,dk_result_layer,TauCeti.DavisKahan.ExactSinTheta.LowerFramePolarData,DavisKahan.SinTheta.FrameFactorization,4,0
DK1970,S2-sin-theta,dk_result_layer,TauCeti.DavisKahan.ExactSinTheta.LowerFramePolarData.invSqrt,DavisKahan.SinTheta.FrameFactorization,4,0
DK1970,S2-sin-theta,dk_result_layer,TauCeti.DavisKahan.ExactSinTheta.OrthogonalExactDecomposition,DavisKahan.SinTheta.Bounded.Core,4,0
DK1970,S2-sin-theta,dk_result_layer,TauCeti.DavisKahan.ExactSinTheta.PaperRealIsometricTheoremData,DavisKahan.Sources.DavisKahan1970.SineTheta.Theorem61Universal,1,0
DK1970,S2-sin-theta,dk_result_layer,TauCeti.DavisKahan.ExactSinTheta.PaperRealIsometricTheoremData.ambient_selfAdjoint,DavisKahan.Sources.DavisKahan1970.SineTheta.Theorem61Universal,3,0
DK1970,S2-sin-theta,dk_result_layer,TauCeti.DavisKahan.ExactSinTheta.PaperRealIsometricTheoremData.canonicalSinTheta,DavisKahan.Sources.DavisKahan1970.SineTheta.Theorem61Universal,1,0
DK1970,S2-sin-theta,dk_result_layer,TauCeti.DavisKahan.ExactSinTheta.PaperRealIsometricTheoremData.complement_selfAdjoint,DavisKahan.Sources.DavisKahan1970.SineTheta.Theorem61Universal,3,0
DK1970,S2-sin-theta,dk_result_layer,TauCeti.DavisKahan.ExactSinTheta.PaperRealIsometricTheoremData.data,DavisKahan.Sources.DavisKahan1970.SineTheta.Theorem61Universal,1,0
DK1970,S2-sin-theta,dk_result_layer,TauCeti.DavisKahan.ExactSinTheta.PaperRealIsometricTheoremData.exactMap,DavisKahan.Sources.DavisKahan1970.SineTheta.Theorem61Universal,3,0
DK1970,S2-sin-theta,dk_result_layer,TauCeti.DavisKahan.ExactSinTheta.PaperRealIsometricTheoremData.exact_decomposition,DavisKahan.Sources.DavisKahan1970.SineTheta.Theorem61Universal,3,0
DK1970,S2-sin-theta,dk_result_layer,TauCeti.DavisKahan.ExactSinTheta.PaperRealIsometricTheoremData.gap,DavisKahan.Sources.DavisKahan1970.SineTheta.Theorem61Universal,1,0
DK1970,S2-sin-theta,dk_result_layer,TauCeti.DavisKahan.ExactSinTheta.PaperRealIsometricTheoremData.gap_pos,DavisKahan.Sources.DavisKahan1970.SineTheta.Theorem61Universal,3,0
DK1970,S2-sin-theta,dk_result_layer,TauCeti.DavisKahan.ExactSinTheta.PaperRealIsometricTheoremData.spectral_gap,DavisKahan.Sources.DavisKahan1970.SineTheta.Theorem61Universal,3,0
DK1970,S2-sin-theta,dk_result_layer,TauCeti.DavisKahan.ExactSinTheta.PaperRealIsometricTheoremData.toGeneral,DavisKahan.Sources.DavisKahan1970.SineTheta.Theorem61Universal,2,0
DK1970,S2-sin-theta,dk_result_layer,TauCeti.DavisKahan.ExactSinTheta.PaperRealIsometricTheoremData.trial_selfAdjoint,DavisKahan.Sources.DavisKahan1970.SineTheta.Theorem61Universal,3,0
DK1970,S2-sin-theta,dk_result_layer,TauCeti.DavisKahan.ExactSinTheta.PaperRealTheorem61Data,DavisKahan.Sources.DavisKahan1970.SineTheta.Theorem61Universal,1,0
DK1970,S2-sin-theta,dk_result_layer,TauCeti.DavisKahan.ExactSinTheta.PaperRealTheorem61Data.canonicalSinTheta,DavisKahan.Sources.DavisKahan1970.SineTheta.Theorem61Universal,1,0
DK1970,S2-sin-theta,dk_result_layer,TauCeti.DavisKahan.ExactSinTheta.PaperRealTheorem61Data.data,DavisKahan.Sources.DavisKahan1970.SineTheta.Theorem61Universal,1,0
DK1970,S2-sin-theta,dk_result_layer,TauCeti.DavisKahan.ExactSinTheta.PaperRealTheorem61Data.exactMap,DavisKahan.Sources.DavisKahan1970.SineTheta.Theorem61Universal,2,0
DK1970,S2-sin-theta,dk_result_layer,TauCeti.DavisKahan.ExactSinTheta.PaperRealTheorem61Data.frameLowerBound,DavisKahan.Sources.DavisKahan1970.SineTheta.Theorem61Universal,1,0
DK1970,S2-sin-theta,dk_result_layer,TauCeti.DavisKahan.ExactSinTheta.PaperRealTheorem61Data.frameLowerBound_pos,DavisKahan.Sources.DavisKahan1970.SineTheta.Theorem61Universal,2,0
DK1970,S2-sin-theta,dk_result_layer,TauCeti.DavisKahan.ExactSinTheta.PaperRealTheorem61Data.gap,DavisKahan.Sources.DavisKahan1970.SineTheta.Theorem61Universal,1,0
DK1970,S2-sin-theta,dk_result_layer,TauCeti.DavisKahan.ExactSinTheta.PaperRealTheorem61Data.lowerFrame,DavisKahan.Sources.DavisKahan1970.SineTheta.Theorem61Universal,2,0
DK1970,S2-sin-theta,dk_result_layer,TauCeti.DavisKahan.ExactSinTheta.PaperRealTheorem61Data.mk,DavisKahan.Sources.DavisKahan1970.SineTheta.Theorem61Universal,3,0
DK1970,S2-sin-theta,dk_result_layer,TauCeti.DavisKahan.ExactSinTheta.PaperSinThetaRepresentativeAcross,DavisKahan.Sources.DavisKahan1970.SineTheta.Norms.SingularValueTransport,1,0
DK1970,S2-sin-theta,dk_result_layer,TauCeti.DavisKahan.ExactSinTheta.PaperSinThetaRepresentativeAcross.operator,DavisKahan.Sources.DavisKahan1970.SineTheta.Norms.SingularValueTransport,1,0
DK1970,S2-sin-theta,dk_result_layer,TauCeti.DavisKahan.ExactSinTheta.PaperUnitaryInvariantNorm,DavisKahan.Sources.DavisKahan1970.SineTheta.Norms.UnitaryInvariantNorm,1,0
DK1970,S2-sin-theta,dk_result_layer,TauCeti.DavisKahan.ExactSinTheta.PaperUnitaryInvariantNorm.Mem,DavisKahan.Sources.DavisKahan1970.SineTheta.Norms.UnitaryInvariantNorm,1,0
DK1970,S2-sin-theta,dk_result_layer,TauCeti.DavisKahan.ExactSinTheta.PaperUnitaryInvariantNorm.approximationPrefix,DavisKahan.Sources.DavisKahan1970.SineTheta.Norms.UnitaryInvariantNorm,4,0
DK1970,S2-sin-theta,dk_result_layer,TauCeti.DavisKahan.ExactSinTheta.PaperUnitaryInvariantNorm.extendedGauge,DavisKahan.Sources.DavisKahan1970.SineTheta.Norms.UnitaryInvariantNorm,2,0
DK1970,S2-sin-theta,dk_result_layer,TauCeti.DavisKahan.ExactSinTheta.PaperUnitaryInvariantNorm.finiteGauge,DavisKahan.Sources.DavisKahan1970.SineTheta.Norms.UnitaryInvariantNorm,4,0
DK1970,S2-sin-theta,dk_result_layer,TauCeti.DavisKahan.ExactSinTheta.PaperUnitaryInvariantNorm.finiteNorm,DavisKahan.Sources.DavisKahan1970.SineTheta.Norms.UnitaryInvariantNorm,5,0
DK1970,S2-sin-theta,dk_result_layer,TauCeti.DavisKahan.ExactSinTheta.PaperUnitaryInvariantNorm.gauge,DavisKahan.Sources.DavisKahan1970.SineTheta.Norms.UnitaryInvariantNorm,1,0
DK1970,S2-sin-theta,dk_result_layer,TauCeti.DavisKahan.ExactSinTheta.PaperUnitaryInvariantNorm.prefixGauge,DavisKahan.Sources.DavisKahan1970.SineTheta.Norms.UnitaryInvariantNorm,3,0
DK1970,S2-sin-theta,dk_result_layer,TauCeti.DavisKahan.ExactSinTheta.UnboundedSinThetaData,DavisKahan.SinTheta.Unbounded.Core,2,0
DK1970,S2-sin-theta,dk_result_layer,TauCeti.DavisKahan.ExactSinTheta.UnboundedSinThetaData.A,DavisKahan.SinTheta.Unbounded.Core,4,0
DK1970,S2-sin-theta,dk_result_layer,TauCeti.DavisKahan.ExactSinTheta.UnboundedSinThetaData.A₀,DavisKahan.SinTheta.Unbounded.Core,4,0
DK1970,S2-sin-theta,dk_result_layer,TauCeti.DavisKahan.ExactSinTheta.UnboundedSinThetaData.F₁,DavisKahan.SinTheta.Unbounded.Core,4,0
DK1970,S2-sin-theta,dk_result_layer,TauCeti.DavisKahan.ExactSinTheta.UnboundedSinThetaData.X,DavisKahan.SinTheta.Unbounded.Core,1,0
DK1970,S2-sin-theta,dk_result_layer,TauCeti.DavisKahan.ExactSinTheta.UnboundedSinThetaData.residual,DavisKahan.SinTheta.Unbounded.Core,1,0
DK1970,S2-sin-theta,dk_result_layer,TauCeti.DavisKahan.ExactSinTheta.UnboundedSinThetaData.Λ₁,DavisKahan.SinTheta.Unbounded.Core,4,0
DK1970,S2-sin-theta,dk_result_layer,TauCeti.DavisKahan.ExactSinTheta.directedSinThetaOperator,DavisKahan.SinTheta.Bounded.Core,1,0
DK1970,S2-sin-theta,dk_result_layer,TauCeti.DavisKahan.ExactSinTheta.directedSinThetaOperatorOfPolarData,DavisKahan.SinTheta.FrameFactorizationGeneric,3,0
DK1970,S2-sin-theta,dk_result_layer,TauCeti.DavisKahan.ExactSinTheta.directedSinThetaOperatorReal,DavisKahan.SinTheta.Real.Generalized,2,0
DK1970,S2-sin-theta,dk_result_layer,TauCeti.DavisKahan.ExactSinTheta.frameIsometry,DavisKahan.SinTheta.FrameFactorization,2,0
DK1970,S2-sin-theta,dk_result_layer,TauCeti.DavisKahan.ExactSinTheta.frameIsometryOfPolarData,DavisKahan.SinTheta.FrameFactorizationGeneric,4,0
DK1970,S2-sin-theta,dk_result_layer,TauCeti.DavisKahan.ExactSinTheta.gramInvSqrt,DavisKahan.SinTheta.FrameFactorization,3,0
DK1970,S2-sin-theta,sylvester_intertwiner,TauCeti.DavisKahan.ExactSinTheta.linearPMap_FormBoundedSylvesterGap,DavisKahan.Sylvester.Gap,5,0
DK1970,S2-sin-theta,dk_result_layer,TauCeti.DavisKahan.ExactSinTheta.lowerFramePolarData,DavisKahan.SinTheta.FrameFactorization,4,0
DK1970,S2-sin-theta,dk_result_layer,TauCeti.DavisKahan.ExactSinTheta.lowerFramePolarDataReal,DavisKahan.SinTheta.Real.FrameFactorization,3,0
DK1970,S2-sin-theta,dk_result_layer,TauCeti.DavisKahan.ExactSinTheta.lowerFramePolarData_nonempty,DavisKahan.SinTheta.FrameFactorization,5,0
DK1970,S2-sin-theta,dk_result_layer,TauCeti.DavisKahan.ExactSinTheta.lowerFramePolarData_real_nonempty,DavisKahan.SinTheta.Real.FrameFactorization,4,0
DK1970,S2-sin-theta,dk_result_layer,TauCeti.DavisKahan.IsometricEmbedding,DavisKahan.BoundedOperator.Compat,1,0
DK1970,S2-sin-theta,dk_result_layer,TauCeti.DavisKahan1970.UnitaryInvariantNorm,DavisKahan.Sources.DavisKahan1970.FullSineTheta,1,0
DK1970,S2-sin-theta,dk_result_layer,TauCeti.DavisKahan1970.generalizedSinTheta,DavisKahan.Sources.DavisKahan1970.GeneralSinTheta,0,1
DK1970,S2-sin-theta,dk_result_layer,TauCeti.DavisKahan1970.generalizedSinTheta_real_exactPaper,DavisKahan.Sources.DavisKahan1970.FullSineTheta,0,1
DK1970,S2-sin-theta,dk_result_layer,TauCeti.DavisKahan1970.sinTheta,DavisKahan.Sources.DavisKahan1970.GeneralSinTheta,0,1
DK1970,S2-sin-theta,dk_result_layer,TauCeti.DavisKahan1970.sinTheta_headline_generic,DavisKahan.Sources.DavisKahan1970.SineTheta.HeadlineGeneric,0,1
DK1970,S2-sin-theta,dk_result_layer,TauCeti.DavisKahan1970.sinTheta_real_exactPaper,DavisKahan.Sources.DavisKahan1970.FullSineTheta,0,1
DK1970,S2-sin-theta,unbounded_selfadjoint_spectral,TauCeti.DavisKahanExt.ClosedOperator,DavisKahan.SpectralTheory.ClosedOperator.Basic,1,0
DK1970,S2-sin-theta,unbounded_selfadjoint_spectral,TauCeti.DavisKahanExt.ClosedOperator.IsSelfAdjoint,DavisKahan.SpectralTheory.ClosedOperator.Basic,1,0
DK1970,S2-sin-theta,unbounded_selfadjoint_spectral,TauCeti.DavisKahanExt.ClosedOperator.domain,DavisKahan.SpectralTheory.ClosedOperator.Basic,1,0
DK1970,S2-sin-theta,unbounded_selfadjoint_spectral,TauCeti.DavisKahanExt.ClosedOperator.toLinearMap,DavisKahan.SpectralTheory.ClosedOperator.Basic,1,0
DK1970,S2-sin-theta,unbounded_selfadjoint_spectral,TauCeti.DavisKahanExt.ClosedOperator.toLinearPMap,DavisKahan.SpectralTheory.ClosedOperator.Basic,1,0
DK1970,S2-sin-theta,unbounded_selfadjoint_spectral,TauCeti.LinearPMap.realResolventSet,ForTauCeti.Analysis.InnerProductSpace.LinearPMap.Closed,2,0
DK1970,S2-sin-theta,unbounded_selfadjoint_spectral,TauCeti.LinearPMap.realSpectrum,ForTauCeti.Analysis.InnerProductSpace.LinearPMap.Closed,1,0
DK1970,S2-sin-theta,operator_ideals_uinorms,TauCeti.OperatorIdealFamily,ForTauCeti.Analysis.OperatorIdeal.Family.Basic,3,0
DK1970,S2-sin-theta,operator_ideals_uinorms,TauCeti.OperatorIdealFamily.gauge,ForTauCeti.Analysis.OperatorIdeal.Family.Basic,2,0
DK1970,S2-sin-theta,operator_ideals_uinorms,TauCeti.SymmetricOperatorIdealFamily,ForTauCeti.Analysis.OperatorIdeal.Family.Basic,3,0
DK1970,S2-sin-theta,operator_ideals_uinorms,TauCeti.SymmetricOperatorIdealFamily.toOperatorIdealFamily,ForTauCeti.Analysis.OperatorIdeal.Family.Basic,2,0
DK1970,S2-sin-theta,operator_ideals_uinorms,TauCeti.UnitarilyInvariantSeminorm,ForTauCeti.Analysis.InnerProductSpace.UnitarilyInvariantSeminorm,6,0
DK1970,S2-sin-theta,operator_ideals_uinorms,TauCeti.UnitarilyInvariantSeminorm.gauge,ForTauCeti.Analysis.InnerProductSpace.UnitarilyInvariantSeminorm,5,0
DK1970,S2-sin-theta,operator_ideals_uinorms,TauCeti.UnitarilyInvariantSeminorm.toFun,ForTauCeti.Analysis.InnerProductSpace.UnitarilyInvariantSeminorm,6,0
DK1970,S2-sin-theta,operator_ideals_uinorms,TauCeti.diagOp,ForTauCeti.Analysis.InnerProductSpace.UnitarilyInvariantSeminorm,6,0
DK1970,S2-sin-two-theta,hilbert_subspace_geometry,ContinuousLinearMap.Reduces,ForTauCeti.Analysis.InnerProductSpace.ReducingSubspace,1,0
DK1970,S2-sin-two-theta,operator_ideals_uinorms,ContinuousLinearMap.approximationNumber,ForTauCeti.Analysis.OperatorIdeal.ApproximationNumber.Basic,6,0
DK1970,S2-sin-two-theta,operator_ideals_uinorms,ContinuousLinearMap.modulus,ForTauCeti.Analysis.InnerProductSpace.OperatorModulus,4,0
DK1970,S2-sin-two-theta,borel_spectral_calculus,LinearMap.IsPositive.sqrt,ForTauCeti.Analysis.InnerProductSpace.SelfAdjointFunctionalCalculus,4,0
DK1970,S2-sin-two-theta,hilbert_subspace_geometry,Submodule.reflectionOperator,ForTauCeti.Analysis.InnerProductSpace.Projection.Blocks,1,0
DK1970,S2-sin-two-theta,operator_ideals_uinorms,TauCeti.ApproximationNumber.approximationSingularValue,ForTauCeti.Analysis.OperatorIdeal.ApproximationNumber.Core,5,0
DK1970,S2-sin-two-theta,borel_spectral_calculus,TauCeti.BorelCalculus.IsBddMeasurable,ForTauCeti.Analysis.InnerProductSpace.BorelCalculus.Operator,6,0
DK1970,S2-sin-two-theta,borel_spectral_calculus,TauCeti.BorelCalculus.IsBddMeasurable.chooseBound,ForTauCeti.Analysis.InnerProductSpace.BorelCalculus.Operator,6,0
DK1970,S2-sin-two-theta,borel_spectral_calculus,TauCeti.BorelCalculus.IsBddMeasurable.exists_bound,ForTauCeti.Analysis.InnerProductSpace.BorelCalculus.Operator,7,0
DK1970,S2-sin-two-theta,borel_spectral_calculus,TauCeti.BorelCalculus.borelCalculus,ForTauCeti.Analysis.InnerProductSpace.BorelCalculus.Operator,5,0
DK1970,S2-sin-two-theta,borel_spectral_calculus,TauCeti.BorelCalculus.borelVector,ForTauCeti.Analysis.InnerProductSpace.BorelCalculus.Operator,6,0
DK1970,S2-sin-two-theta,borel_spectral_calculus,TauCeti.BorelCalculus.diagFunctional,ForTauCeti.Analysis.InnerProductSpace.BorelCalculus.DiagonalMeasure,6,0
DK1970,S2-sin-two-theta,borel_spectral_calculus,TauCeti.BorelCalculus.diagMeasure,ForTauCeti.Analysis.InnerProductSpace.BorelCalculus.DiagonalMeasure,5,0
DK1970,S2-sin-two-theta,borel_spectral_calculus,TauCeti.BorelCalculus.inner_specProj_self,ForTauCeti.Analysis.InnerProductSpace.BorelCalculus.PVM,4,0
DK1970,S2-sin-two-theta,borel_spectral_calculus,TauCeti.BorelCalculus.isFiniteMeasure_specDiag,ForTauCeti.Analysis.InnerProductSpace.BorelCalculus.PVM,4,0
DK1970,S2-sin-two-theta,borel_spectral_calculus,TauCeti.BorelCalculus.norm_borelVector_le,ForTauCeti.Analysis.InnerProductSpace.BorelCalculus.Operator,6,0
DK1970,S2-sin-two-theta,borel_spectral_calculus,TauCeti.BorelCalculus.ofRealLM,ForTauCeti.Analysis.InnerProductSpace.BorelCalculus.DiagonalMeasure,7,0
DK1970,S2-sin-two-theta,borel_spectral_calculus,TauCeti.BorelCalculus.pair,ForTauCeti.Analysis.InnerProductSpace.BorelCalculus.Polarization,8,0
DK1970,S2-sin-two-theta,borel_spectral_calculus,TauCeti.BorelCalculus.pairFunctional,ForTauCeti.Analysis.InnerProductSpace.BorelCalculus.Operator,7,0
DK1970,S2-sin-two-theta,borel_spectral_calculus,TauCeti.BorelCalculus.specDiag,ForTauCeti.Analysis.InnerProductSpace.BorelCalculus.PVM,4,0
DK1970,S2-sin-two-theta,borel_spectral_calculus,TauCeti.BorelCalculus.specProj,ForTauCeti.Analysis.InnerProductSpace.BorelCalculus.PVM,4,0
DK1970,S2-sin-two-theta,borel_spectral_calculus,TauCeti.BorelCalculus.specProj_inter,ForTauCeti.Analysis.InnerProductSpace.BorelCalculus.PVM,4,0
DK1970,S2-sin-two-theta,borel_spectral_calculus,TauCeti.BorelCalculus.specProj_univ,ForTauCeti.Analysis.InnerProductSpace.BorelCalculus.PVM,4,0
DK1970,S2-sin-two-theta,borel_spectral_calculus,TauCeti.BorelCalculus.toProjValMeasure,ForTauCeti.Analysis.InnerProductSpace.BorelCalculus.PVM,3,0
DK1970,S2-sin-two-theta,unbounded_selfadjoint_spectral,TauCeti.DavisKahan.DKClosedOperator,DavisKahan.SpectralTheory.ClosedOperator.MathlibBridge,1,0
DK1970,S2-sin-two-theta,real_complex_transfer,TauCeti.DavisKahan.ExactSinTheta.ClosedOperatorComplexification.complexify,DavisKahan.SpectralTheory.ClosedOperator.Complexification,3,0
DK1970,S2-sin-two-theta,real_complex_transfer,TauCeti.DavisKahan.ExactSinTheta.ClosedOperatorComplexification.domain,DavisKahan.SpectralTheory.ClosedOperator.Complexification,4,0
DK1970,S2-sin-two-theta,real_complex_transfer,TauCeti.DavisKahan.ExactSinTheta.ClosedOperatorComplexification.domainIm,DavisKahan.SpectralTheory.ClosedOperator.Complexification,5,0
DK1970,S2-sin-two-theta,real_complex_transfer,TauCeti.DavisKahan.ExactSinTheta.ClosedOperatorComplexification.domainRe,DavisKahan.SpectralTheory.ClosedOperator.Complexification,5,0
DK1970,S2-sin-two-theta,real_complex_transfer,TauCeti.DavisKahan.ExactSinTheta.ClosedOperatorComplexification.isSelfAdjoint_complexify,DavisKahan.SpectralTheory.ClosedOperator.Complexification,3,0
DK1970,S2-sin-two-theta,real_complex_transfer,TauCeti.DavisKahan.ExactSinTheta.ClosedOperatorComplexification.linearMap,DavisKahan.SpectralTheory.ClosedOperator.Complexification,4,0
DK1970,S2-sin-two-theta,sylvester_intertwiner,TauCeti.DavisKahan.ExactSinTheta.ClosedOperatorE,DavisKahan.Sylvester.ClosedSylvesterEquation,2,0
DK1970,S2-sin-two-theta,sylvester_intertwiner,TauCeti.DavisKahan.ExactSinTheta.FormBoundedSylvesterGap,DavisKahan.Sylvester.Gap,1,0
DK1970,S2-sin-two-theta,operator_ideals_uinorms,TauCeti.DavisKahan.ExactSinTheta.KyFanDominantIdealFamily,DavisKahan.OperatorIdeal.ApproximationNumbers.ScalarGeneric,1,0
DK1970,S2-sin-two-theta,operator_ideals_uinorms,TauCeti.DavisKahan.ExactSinTheta.KyFanDominantIdealFamily.Mem,DavisKahan.OperatorIdeal.ApproximationNumbers.ScalarGeneric,1,0
DK1970,S2-sin-two-theta,operator_ideals_uinorms,TauCeti.DavisKahan.ExactSinTheta.KyFanDominantIdealFamily.gauge,DavisKahan.OperatorIdeal.ApproximationNumbers.ScalarGeneric,1,0
DK1970,S2-sin-two-theta,operator_ideals_uinorms,TauCeti.DavisKahan.ExactSinTheta.KyFanDominantIdealFamily.toSymmetricOperatorIdealFamily,DavisKahan.OperatorIdeal.ApproximationNumbers.ScalarGeneric,2,0
DK1970,S2-sin-two-theta,dk_result_layer,TauCeti.DavisKahan.ExactSinTheta.PaperSinThetaRepresentative,DavisKahan.Sources.DavisKahan1970.SineTheta.Norms.SingularValueTransport,1,0
DK1970,S2-sin-two-theta,dk_result_layer,TauCeti.DavisKahan.ExactSinTheta.PaperSinThetaRepresentative.operator,DavisKahan.Sources.DavisKahan1970.SineTheta.Norms.SingularValueTransport,1,0
DK1970,S2-sin-two-theta,dk_result_layer,TauCeti.DavisKahan.ExactSinTheta.PaperUnitaryInvariantNorm,DavisKahan.Sources.DavisKahan1970.SineTheta.Norms.UnitaryInvariantNorm,1,0
DK1970,S2-sin-two-theta,dk_result_layer,TauCeti.DavisKahan.ExactSinTheta.PaperUnitaryInvariantNorm.Mem,DavisKahan.Sources.DavisKahan1970.SineTheta.Norms.UnitaryInvariantNorm,1,0
DK1970,S2-sin-two-theta,dk_result_layer,TauCeti.DavisKahan.ExactSinTheta.PaperUnitaryInvariantNorm.approximationPrefix,DavisKahan.Sources.DavisKahan1970.SineTheta.Norms.UnitaryInvariantNorm,4,0
DK1970,S2-sin-two-theta,dk_result_layer,TauCeti.DavisKahan.ExactSinTheta.PaperUnitaryInvariantNorm.extendedGauge,DavisKahan.Sources.DavisKahan1970.SineTheta.Norms.UnitaryInvariantNorm,2,0
DK1970,S2-sin-two-theta,dk_result_layer,TauCeti.DavisKahan.ExactSinTheta.PaperUnitaryInvariantNorm.finiteGauge,DavisKahan.Sources.DavisKahan1970.SineTheta.Norms.UnitaryInvariantNorm,4,0
DK1970,S2-sin-two-theta,dk_result_layer,TauCeti.DavisKahan.ExactSinTheta.PaperUnitaryInvariantNorm.finiteNorm,DavisKahan.Sources.DavisKahan1970.SineTheta.Norms.UnitaryInvariantNorm,5,0
DK1970,S2-sin-two-theta,dk_result_layer,TauCeti.DavisKahan.ExactSinTheta.PaperUnitaryInvariantNorm.gauge,DavisKahan.Sources.DavisKahan1970.SineTheta.Norms.UnitaryInvariantNorm,1,0
DK1970,S2-sin-two-theta,dk_result_layer,TauCeti.DavisKahan.ExactSinTheta.PaperUnitaryInvariantNorm.prefixGauge,DavisKahan.Sources.DavisKahan1970.SineTheta.Norms.UnitaryInvariantNorm,3,0
DK1970,S2-sin-two-theta,sylvester_intertwiner,TauCeti.DavisKahan.ExactSinTheta.RealSpectrumIntervalExteriorGap,DavisKahan.Sylvester.Gap,1,0
DK1970,S2-sin-two-theta,sylvester_intertwiner,TauCeti.DavisKahan.ExactSinTheta.SemiboundedAbove,DavisKahan.Sylvester.ClosedSylvesterEquation,1,0
DK1970,S2-sin-two-theta,sylvester_intertwiner,TauCeti.DavisKahan.ExactSinTheta.SemiboundedBelow,DavisKahan.Sylvester.ClosedSylvesterEquation,1,0
DK1970,S2-sin-two-theta,sylvester_intertwiner,TauCeti.DavisKahan.ExactSinTheta.linearPMap_FormBoundedSylvesterGap,DavisKahan.Sylvester.Gap,2,0
DK1970,S2-sin-two-theta,sylvester_intertwiner,TauCeti.DavisKahan.ExactSinTheta.linearPMap_RealSpectrumIntervalExteriorGap,DavisKahan.Sylvester.Gap,2,0
DK1970,S2-sin-two-theta,real_complex_transfer,TauCeti.DavisKahan.Foundation.RealComplexification.complexifySubmodule,DavisKahan.SpectralTheory.Complexification.Subspace,2,0
DK1970,S2-sin-two-theta,real_complex_transfer,TauCeti.DavisKahan.Foundation.RealComplexification.instHasOrthogonalProjectionComplexifySubmodule,DavisKahan.SpectralTheory.Complexification.Subspace,2,0
DK1970,S2-sin-two-theta,dk_result_layer,TauCeti.DavisKahan.IsSelfAdjointOperator,DavisKahan.BoundedOperator.Compat,1,0
DK1970,S2-sin-two-theta,unbounded_selfadjoint_spectral,TauCeti.DavisKahan.RealSpectralRestriction.realSelfAdjointSpectralProjection,DavisKahan.SpectralTheory.Real.SpectralRestriction,2,0
DK1970,S2-sin-two-theta,unbounded_selfadjoint_spectral,TauCeti.DavisKahan.RealSpectralRestriction.realSelfAdjointSpectralRestriction,DavisKahan.SpectralTheory.Real.SpectralRestriction,1,0
DK1970,S2-sin-two-theta,unbounded_selfadjoint_spectral,TauCeti.DavisKahan.RealSpectralRestriction.realSelfAdjointSpectralSubspace,DavisKahan.SpectralTheory.Real.SpectralRestriction,1,0
DK1970,S2-sin-two-theta,unbounded_selfadjoint_spectral,TauCeti.DavisKahan.RealSpectralRestriction.realSelfAdjointSpectralSubspace_hasOrthogonalProjection,DavisKahan.SpectralTheory.Real.SpectralRestriction,1,0
DK1970,S2-sin-two-theta,unbounded_selfadjoint_spectral,TauCeti.DavisKahan.RealSpectralRestriction.realSelfAdjointSpectralSubspace_reducing,DavisKahan.SpectralTheory.Real.SpectralRestriction,2,0
DK1970,S2-sin-two-theta,dk_result_layer,TauCeti.DavisKahan.addBounded_isSelfAdjoint,DavisKahan.SinTheta.BoundedPerturbation,1,0
DK1970,S2-sin-two-theta,unbounded_selfadjoint_spectral,TauCeti.DavisKahan.closedOperatorOfSelfAdjointPMap,DavisKahan.SpectralTheory.ClosedOperator.MathlibBridge,2,0
DK1970,S2-sin-two-theta,unbounded_selfadjoint_spectral,TauCeti.DavisKahan.selfAdjointSpectralProjection,DavisKahan.SpectralTheory.SpectralRestriction,3,0
DK1970,S2-sin-two-theta,unbounded_selfadjoint_spectral,TauCeti.DavisKahan.selfAdjointSpectralRestriction,DavisKahan.SpectralTheory.SpectralRestrictionOperator,1,0
DK1970,S2-sin-two-theta,unbounded_selfadjoint_spectral,TauCeti.DavisKahan.selfAdjointSpectralSubspace,DavisKahan.SpectralTheory.SpectralRestriction,1,0
DK1970,S2-sin-two-theta,unbounded_selfadjoint_spectral,TauCeti.DavisKahan.selfAdjointSpectralSubspace_hasOrthogonalProjection,DavisKahan.SpectralTheory.SpectralRestriction,1,0
DK1970,S2-sin-two-theta,operator_angle_double_angle,TauCeti.DavisKahan.sinTwoThetaIdealBlock,DavisKahan.DoubleAngle.UnboundedIdeal,1,0
DK1970,S2-sin-two-theta,dk_result_layer,TauCeti.DavisKahan1970.compressOperatorReal,DavisKahan.Sources.DavisKahan1970.WholeSpaceReal,1,0
DK1970,S2-sin-two-theta,dk_result_layer,TauCeti.DavisKahan1970.headlineCompleteF,DavisKahan.Sources.DavisKahan1970.HeadlineGeneric,1,0
DK1970,S2-sin-two-theta,dk_result_layer,TauCeti.DavisKahan1970.instCompleteSpaceCoeOfHasOrthogonalProjectionDirectedResidual,DavisKahan.Sources.DavisKahan1970.SinTwoThetaUnboundedDirectedResidual,1,0
DK1970,S2-sin-two-theta,dk_result_layer,TauCeti.DavisKahan1970.instCompleteSpaceCoeOfHasOrthogonalProjectionDirectedResidualReal,DavisKahan.Sources.DavisKahan1970.SinTwoThetaUnboundedDirectedResidualReal,1,0
DK1970,S2-sin-two-theta,dk_result_layer,TauCeti.DavisKahan1970.sinTwoTheta_headline_generic_directed,DavisKahan.Sources.DavisKahan1970.HeadlineGeneric,0,1
DK1970,S2-sin-two-theta,dk_result_layer,TauCeti.DavisKahan1970.sinTwoTheta_unbounded_directedResidual_paperUINorm,DavisKahan.Sources.DavisKahan1970.SinTwoThetaUnboundedDirectedResidual,0,1
DK1970,S2-sin-two-theta,dk_result_layer,TauCeti.DavisKahan1970.sinTwoTheta_unbounded_directedResidual_paperUINorm_real,DavisKahan.Sources.DavisKahan1970.SinTwoThetaUnboundedDirectedResidualReal,0,1
DK1970,S2-sin-two-theta,dk_result_layer,TauCeti.DavisKahan1970.sinTwoTheta_unbounded_directedResidual_paperUINorm_real_of_intervalExterior,DavisKahan.Sources.DavisKahan1970.SinTwoThetaUnboundedDirectedResidualReal,0,1
DK1970,S2-sin-two-theta,dk_result_layer,TauCeti.DavisKahan1970.sinTwoTheta_wholeSpace_paperUINorm,DavisKahan.Sources.DavisKahan1970.SinTwoThetaWholeSpace,0,1
DK1970,S2-sin-two-theta,dk_result_layer,TauCeti.DavisKahan1970.sinTwoTheta_wholeSpace_paperUINorm_real,DavisKahan.Sources.DavisKahan1970.WholeSpaceReal,0,1
DK1970,S2-sin-two-theta,dk_result_layer,TauCeti.DavisKahan1970.unbounded_sinTwoTheta_residual_uiNorm_representative,DavisKahan.Sources.DavisKahan1970.SinTwoTheta,0,1
DK1970,S2-sin-two-theta,dk_result_layer,TauCeti.DavisKahan1970.unbounded_sinTwoTheta_residual_uiNorm_representative_real,DavisKahan.Sources.DavisKahan1970.SinTwoTheta,0,1
DK1970,S2-sin-two-theta,dk_result_layer,TauCeti.DavisKahan1970.unbounded_sinTwoTheta_uiNorm_representative,DavisKahan.Sources.DavisKahan1970.SinTwoTheta,0,1
DK1970,S2-sin-two-theta,dk_result_layer,TauCeti.DavisKahan1970.unbounded_sinTwoTheta_uiNorm_representative_real,DavisKahan.Sources.DavisKahan1970.SinTwoTheta,0,1
DK1970,S2-sin-two-theta,unbounded_selfadjoint_spectral,TauCeti.DavisKahanExt.ClosedOperator,DavisKahan.SpectralTheory.ClosedOperator.Basic,1,0
DK1970,S2-sin-two-theta,unbounded_selfadjoint_spectral,TauCeti.DavisKahanExt.ClosedOperator.IsSelfAdjoint,DavisKahan.SpectralTheory.ClosedOperator.Basic,1,0
DK1970,S2-sin-two-theta,unbounded_selfadjoint_spectral,TauCeti.DavisKahanExt.ClosedOperator.ReducesSubspace,DavisKahan.SpectralTheory.ReducingSubspace.Restriction,3,0
DK1970,S2-sin-two-theta,unbounded_selfadjoint_spectral,TauCeti.DavisKahanExt.ClosedOperator.addBounded,DavisKahan.SpectralTheory.ClosedOperator.Basic,1,0
DK1970,S2-sin-two-theta,unbounded_selfadjoint_spectral,TauCeti.DavisKahanExt.ClosedOperator.dense_domain,DavisKahan.SpectralTheory.ClosedOperator.Basic,2,0
DK1970,S2-sin-two-theta,unbounded_selfadjoint_spectral,TauCeti.DavisKahanExt.ClosedOperator.domain,DavisKahan.SpectralTheory.ClosedOperator.Basic,1,0
DK1970,S2-sin-two-theta,unbounded_selfadjoint_spectral,TauCeti.DavisKahanExt.ClosedOperator.mk,DavisKahan.SpectralTheory.ClosedOperator.Basic,2,0
DK1970,S2-sin-two-theta,unbounded_selfadjoint_spectral,TauCeti.DavisKahanExt.ClosedOperator.reducingRestriction,DavisKahan.SpectralTheory.ReducingSubspace.Restriction,2,0
DK1970,S2-sin-two-theta,unbounded_selfadjoint_spectral,TauCeti.DavisKahanExt.ClosedOperator.toLinearMap,DavisKahan.SpectralTheory.ClosedOperator.Basic,1,0
DK1970,S2-sin-two-theta,unbounded_selfadjoint_spectral,TauCeti.DavisKahanExt.ClosedOperator.toLinearPMap,DavisKahan.SpectralTheory.ClosedOperator.Basic,1,0
DK1970,S2-sin-two-theta,sylvester_intertwiner,TauCeti.DavisKahanExt.compressOperator,DavisKahan.Sylvester.Spectrum,1,0
DK1970,S2-sin-two-theta,operator_angle_double_angle,TauCeti.DavisKahanExt.paperAngleOperatorC,DavisKahan.Geometry.Angle.PaperOperatorAngle,2,0
DK1970,S2-sin-two-theta,operator_angle_double_angle,TauCeti.DavisKahanExt.paperSinTwoAngleOperatorC,DavisKahan.Geometry.Angle.PaperDoubleAngle,1,0
DK1970,S2-sin-two-theta,operator_angle_double_angle,TauCeti.DavisKahanExt.paperSinTwoAngleOperatorR,DavisKahan.Geometry.Angle.PaperOperatorAngleReal,1,0
DK1970,S2-sin-two-theta,operator_angle_double_angle,TauCeti.DavisKahanExt.sinAngleOperatorC,DavisKahan.Geometry.Angle.OperatorAngleComplex,3,0
DK1970,S2-sin-two-theta,residual_ritz_geometry,TauCeti.DavisKahanTheory.sinTwoThetaEmbedding,DavisKahan.FiniteDimensional.Residual.AngleEmbeddings,1,0
DK1970,S2-sin-two-theta,spectral_gap_variational,TauCeti.IsInvariant,ForTauCeti.Analysis.InnerProductSpace.Spectral.Subspace,1,0
DK1970,S2-sin-two-theta,unbounded_selfadjoint_spectral,TauCeti.LinearPMap.InvariantSubspace,ForTauCeti.Analysis.InnerProductSpace.LinearPMap.Closed,5,0
DK1970,S2-sin-two-theta,unbounded_selfadjoint_spectral,TauCeti.LinearPMap.ReducesSubspace,ForTauCeti.Analysis.InnerProductSpace.LinearPMap.Closed,4,0
DK1970,S2-sin-two-theta,sylvester_intertwiner,TauCeti.LinearPMap.SemiboundedAbove,ForTauCeti.Analysis.InnerProductSpace.LinearPMap.Sylvester,2,0
DK1970,S2-sin-two-theta,sylvester_intertwiner,TauCeti.LinearPMap.SemiboundedBelow,ForTauCeti.Analysis.InnerProductSpace.LinearPMap.Sylvester,2,0
DK1970,S2-sin-two-theta,unbounded_selfadjoint_spectral,TauCeti.LinearPMap.cayley,ForTauCeti.Analysis.InnerProductSpace.LinearPMap.SelfAdjointResolvent,3,0
DK1970,S2-sin-two-theta,unbounded_selfadjoint_spectral,TauCeti.LinearPMap.cayleyInv,ForTauCeti.Analysis.InnerProductSpace.LinearPMap.SpectralMeasure.Construction,3,0
DK1970,S2-sin-two-theta,unbounded_selfadjoint_spectral,TauCeti.LinearPMap.isStarNormal_cayley,ForTauCeti.Analysis.InnerProductSpace.LinearPMap.SelfAdjointResolvent,3,0
DK1970,S2-sin-two-theta,unbounded_selfadjoint_spectral,TauCeti.LinearPMap.measurable_cayleyInv,ForTauCeti.Analysis.InnerProductSpace.LinearPMap.SpectralMeasure.Construction,3,0
DK1970,S2-sin-two-theta,unbounded_selfadjoint_spectral,TauCeti.LinearPMap.negI_mem_resolventSet,ForTauCeti.Analysis.InnerProductSpace.LinearPMap.SelfAdjointResolvent,4,0
DK1970,S2-sin-two-theta,unbounded_selfadjoint_spectral,TauCeti.LinearPMap.realResolventSet,ForTauCeti.Analysis.InnerProductSpace.LinearPMap.Closed,4,0
DK1970,S2-sin-two-theta,unbounded_selfadjoint_spectral,TauCeti.LinearPMap.realSpectrum,ForTauCeti.Analysis.InnerProductSpace.LinearPMap.Closed,3,0
DK1970,S2-sin-two-theta,unbounded_selfadjoint_spectral,TauCeti.LinearPMap.reducingRestriction,ForTauCeti.Analysis.InnerProductSpace.LinearPMap.Closed,3,0
DK1970,S2-sin-two-theta,unbounded_selfadjoint_spectral,TauCeti.LinearPMap.reducingRestrictionDomain,ForTauCeti.Analysis.InnerProductSpace.LinearPMap.Closed,4,0
DK1970,S2-sin-two-theta,unbounded_selfadjoint_spectral,TauCeti.LinearPMap.reducingRestrictionDomainToAmbient,ForTauCeti.Analysis.InnerProductSpace.LinearPMap.Closed,5,0
DK1970,S2-sin-two-theta,unbounded_selfadjoint_spectral,TauCeti.LinearPMap.reducingRestrictionLinearMap,ForTauCeti.Analysis.InnerProductSpace.LinearPMap.Closed,4,0
DK1970,S2-sin-two-theta,unbounded_selfadjoint_spectral,TauCeti.LinearPMap.resolvent,ForTauCeti.Analysis.InnerProductSpace.LinearPMap.ResolventBound,4,0
DK1970,S2-sin-two-theta,unbounded_selfadjoint_spectral,TauCeti.LinearPMap.resolventSet,ForTauCeti.Analysis.InnerProductSpace.LinearPMap.Resolvent,2,0
DK1970,S2-sin-two-theta,unbounded_selfadjoint_spectral,TauCeti.LinearPMap.specProjection,ForTauCeti.Analysis.InnerProductSpace.LinearPMap.SpectralMeasure.Construction,4,0
DK1970,S2-sin-two-theta,unbounded_selfadjoint_spectral,TauCeti.LinearPMap.specRange,ForTauCeti.Analysis.InnerProductSpace.LinearPMap.SpectralMeasure.Construction,3,0
DK1970,S2-sin-two-theta,unbounded_selfadjoint_spectral,TauCeti.LinearPMap.specRestrict,ForTauCeti.Analysis.InnerProductSpace.LinearPMap.SpectralMeasure.Construction,2,0
DK1970,S2-sin-two-theta,unbounded_selfadjoint_spectral,TauCeti.LinearPMap.spectralPVM,ForTauCeti.Analysis.InnerProductSpace.LinearPMap.SpectralMeasure.Construction,2,0
DK1970,S2-sin-two-theta,unbounded_selfadjoint_spectral,TauCeti.LinearPMap.spectrum,ForTauCeti.Analysis.InnerProductSpace.LinearPMap.Resolvent,1,0
DK1970,S2-sin-two-theta,operator_ideals_uinorms,TauCeti.OperatorIdealFamily,ForTauCeti.Analysis.OperatorIdeal.Family.Basic,3,0
DK1970,S2-sin-two-theta,operator_ideals_uinorms,TauCeti.OperatorIdealFamily.gauge,ForTauCeti.Analysis.OperatorIdeal.Family.Basic,2,0
DK1970,S2-sin-two-theta,borel_spectral_calculus,TauCeti.ProjValMeasure,ForTauCeti.Analysis.InnerProductSpace.ProjValMeasure.Basic,3,0
DK1970,S2-sin-two-theta,borel_spectral_calculus,TauCeti.ProjValMeasure.mk,ForTauCeti.Analysis.InnerProductSpace.ProjValMeasure.Basic,4,0
DK1970,S2-sin-two-theta,borel_spectral_calculus,TauCeti.ProjValMeasure.proj,ForTauCeti.Analysis.InnerProductSpace.ProjValMeasure.Basic,3,0
DK1970,S2-sin-two-theta,real_complex_transfer,TauCeti.RealComplexification,ForTauCeti.Analysis.InnerProductSpace.Complexification.Basic,2,0
DK1970,S2-sin-two-theta,real_complex_transfer,TauCeti.RealComplexification.im,ForTauCeti.Analysis.InnerProductSpace.Complexification.Basic,3,0
DK1970,S2-sin-two-theta,real_complex_transfer,TauCeti.RealComplexification.instAddCommGroup,ForTauCeti.Analysis.InnerProductSpace.Complexification.Basic,3,0
DK1970,S2-sin-two-theta,real_complex_transfer,TauCeti.RealComplexification.instCompleteSpace,ForTauCeti.Analysis.InnerProductSpace.Complexification.Basic,2,0
DK1970,S2-sin-two-theta,real_complex_transfer,TauCeti.RealComplexification.instInnerProductSpaceComplex,ForTauCeti.Analysis.InnerProductSpace.Complexification.Basic,2,0
DK1970,S2-sin-two-theta,real_complex_transfer,TauCeti.RealComplexification.instModuleComplex,ForTauCeti.Analysis.InnerProductSpace.Complexification.Basic,3,0
DK1970,S2-sin-two-theta,real_complex_transfer,TauCeti.RealComplexification.instModuleReal,ForTauCeti.Analysis.InnerProductSpace.Complexification.Basic,3,0
DK1970,S2-sin-two-theta,real_complex_transfer,TauCeti.RealComplexification.instNormedAddCommGroup,ForTauCeti.Analysis.InnerProductSpace.Complexification.Basic,2,0
DK1970,S2-sin-two-theta,real_complex_transfer,TauCeti.RealComplexification.instNormedSpaceComplex,ForTauCeti.Analysis.InnerProductSpace.Complexification.Basic,3,0
DK1970,S2-sin-two-theta,real_complex_transfer,TauCeti.RealComplexification.instSMulComplex,ForTauCeti.Analysis.InnerProductSpace.Complexification.Basic,4,0
DK1970,S2-sin-two-theta,real_complex_transfer,TauCeti.RealComplexification.instSMulReal,ForTauCeti.Analysis.InnerProductSpace.Complexification.Basic,4,0
DK1970,S2-sin-two-theta,real_complex_transfer,TauCeti.RealComplexification.mk,ForTauCeti.Analysis.InnerProductSpace.Complexification.Basic,4,0
DK1970,S2-sin-two-theta,real_complex_transfer,TauCeti.RealComplexification.ofReal,ForTauCeti.Analysis.InnerProductSpace.Complexification.Basic,3,0
DK1970,S2-sin-two-theta,real_complex_transfer,TauCeti.RealComplexification.re,ForTauCeti.Analysis.InnerProductSpace.Complexification.Basic,3,0
DK1970,S2-sin-two-theta,real_complex_transfer,TauCeti.RealComplexification.realPartOperator,ForTauCeti.Analysis.InnerProductSpace.Complexification.Basic,2,0
DK1970,S2-sin-two-theta,spectral_gap_variational,TauCeti.SpectrumIn,ForTauCeti.Analysis.InnerProductSpace.Spectral.Subspace,1,0
DK1970,S2-sin-two-theta,operator_ideals_uinorms,TauCeti.SymmetricOperatorIdealFamily,ForTauCeti.Analysis.OperatorIdeal.Family.Basic,3,0
DK1970,S2-sin-two-theta,operator_ideals_uinorms,TauCeti.SymmetricOperatorIdealFamily.toOperatorIdealFamily,ForTauCeti.Analysis.OperatorIdeal.Family.Basic,2,0
DK1970,S2-sin-two-theta,operator_ideals_uinorms,TauCeti.UnitarilyInvariantSeminorm,ForTauCeti.Analysis.InnerProductSpace.UnitarilyInvariantSeminorm,6,0
DK1970,S2-sin-two-theta,operator_ideals_uinorms,TauCeti.UnitarilyInvariantSeminorm.gauge,ForTauCeti.Analysis.InnerProductSpace.UnitarilyInvariantSeminorm,5,0
DK1970,S2-sin-two-theta,operator_ideals_uinorms,TauCeti.UnitarilyInvariantSeminorm.toFun,ForTauCeti.Analysis.InnerProductSpace.UnitarilyInvariantSeminorm,6,0
DK1970,S2-sin-two-theta,spectral_gap_variational,TauCeti.complementaryProjection,ForTauCeti.Analysis.InnerProductSpace.Spectral.Subspace,3,0
DK1970,S2-sin-two-theta,residual_ritz_geometry,TauCeti.cosThetaEmbedding,ForTauCeti.Analysis.InnerProductSpace.Residual.AngleEmbedding,3,0
DK1970,S2-sin-two-theta,residual_ritz_geometry,TauCeti.cosThetaMagnitude,ForTauCeti.Analysis.InnerProductSpace.Residual.AngleEmbedding,2,0
DK1970,S2-sin-two-theta,operator_ideals_uinorms,TauCeti.diagOp,ForTauCeti.Analysis.InnerProductSpace.UnitarilyInvariantSeminorm,6,0
DK1970,S2-sin-two-theta,spectral_gap_variational,TauCeti.projection,ForTauCeti.Analysis.InnerProductSpace.Spectral.Subspace,4,0
DK1970,S2-sin-two-theta,borel_spectral_calculus,TauCeti.pvmRangeSubspace,ForTauCeti.Analysis.InnerProductSpace.ProjValMeasure.Subspace,2,0
DK1970,S2-sin-two-theta,residual_ritz_geometry,TauCeti.residual,ForTauCeti.Analysis.InnerProductSpace.Residual.Ritz,1,0
DK1970,S2-sin-two-theta,spectral_gap_variational,TauCeti.restrictedSpectrum,ForTauCeti.Analysis.InnerProductSpace.Spectral.Subspace,2,0
DK1970,S2-sin-two-theta,borel_spectral_calculus,TauCeti.selfAdjointFunctionalCalculus,ForTauCeti.Analysis.InnerProductSpace.SelfAdjointFunctionalCalculus,5,0
DK1970,S2-sin-two-theta,residual_ritz_geometry,TauCeti.sinThetaEmbedding,ForTauCeti.Analysis.InnerProductSpace.Residual.AngleEmbedding,2,0
DK1970,S2-sin-two-theta,singular_subspace_gram_geometry,TauCeti.trialGramSqrt,ForTauCeti.Analysis.InnerProductSpace.FrameFactorization,3,0
DK1970,S2-tan-theta,hilbert_subspace_geometry,ContinuousLinearMap.Reduces,ForTauCeti.Analysis.InnerProductSpace.ReducingSubspace,1,0
DK1970,S2-tan-theta,operator_ideals_uinorms,ContinuousLinearMap.approximationNumber,ForTauCeti.Analysis.OperatorIdeal.ApproximationNumber.Basic,3,0
DK1970,S2-tan-theta,operator_ideals_uinorms,ContinuousLinearMap.modulus,ForTauCeti.Analysis.InnerProductSpace.OperatorModulus,2,0
DK1970,S2-tan-theta,operator_ideals_uinorms,TauCeti.ApproximationNumber.approximationSingularValue,ForTauCeti.Analysis.OperatorIdeal.ApproximationNumber.Core,2,0
DK1970,S2-tan-theta,unbounded_selfadjoint_spectral,TauCeti.DavisKahan.DKClosedOperator,DavisKahan.SpectralTheory.ClosedOperator.MathlibBridge,1,0
DK1970,S2-tan-theta,sylvester_intertwiner,TauCeti.DavisKahan.ExactSinTheta.ClosedOperatorE,DavisKahan.Sylvester.ClosedSylvesterEquation,2,0
DK1970,S2-tan-theta,operator_ideals_uinorms,TauCeti.DavisKahan.ExactSinTheta.KyFanDominantIdealFamily,DavisKahan.OperatorIdeal.ApproximationNumbers.ScalarGeneric,1,0
DK1970,S2-tan-theta,operator_ideals_uinorms,TauCeti.DavisKahan.ExactSinTheta.KyFanDominantIdealFamily.Mem,DavisKahan.OperatorIdeal.ApproximationNumbers.ScalarGeneric,1,0
DK1970,S2-tan-theta,operator_ideals_uinorms,TauCeti.DavisKahan.ExactSinTheta.KyFanDominantIdealFamily.gauge,DavisKahan.OperatorIdeal.ApproximationNumbers.ScalarGeneric,1,0
DK1970,S2-tan-theta,operator_ideals_uinorms,TauCeti.DavisKahan.ExactSinTheta.KyFanDominantIdealFamily.toSymmetricOperatorIdealFamily,DavisKahan.OperatorIdeal.ApproximationNumbers.ScalarGeneric,2,0
DK1970,S2-tan-theta,dk_result_layer,TauCeti.DavisKahan.ExactSinTheta.PaperUnitaryInvariantNorm,DavisKahan.Sources.DavisKahan1970.SineTheta.Norms.UnitaryInvariantNorm,1,0
DK1970,S2-tan-theta,dk_result_layer,TauCeti.DavisKahan.ExactSinTheta.PaperUnitaryInvariantNorm.Mem,DavisKahan.Sources.DavisKahan1970.SineTheta.Norms.UnitaryInvariantNorm,1,0
DK1970,S2-tan-theta,dk_result_layer,TauCeti.DavisKahan.ExactSinTheta.PaperUnitaryInvariantNorm.approximationPrefix,DavisKahan.Sources.DavisKahan1970.SineTheta.Norms.UnitaryInvariantNorm,4,0
DK1970,S2-tan-theta,dk_result_layer,TauCeti.DavisKahan.ExactSinTheta.PaperUnitaryInvariantNorm.extendedGauge,DavisKahan.Sources.DavisKahan1970.SineTheta.Norms.UnitaryInvariantNorm,2,0
DK1970,S2-tan-theta,dk_result_layer,TauCeti.DavisKahan.ExactSinTheta.PaperUnitaryInvariantNorm.finiteGauge,DavisKahan.Sources.DavisKahan1970.SineTheta.Norms.UnitaryInvariantNorm,4,0
DK1970,S2-tan-theta,dk_result_layer,TauCeti.DavisKahan.ExactSinTheta.PaperUnitaryInvariantNorm.finiteNorm,DavisKahan.Sources.DavisKahan1970.SineTheta.Norms.UnitaryInvariantNorm,5,0
DK1970,S2-tan-theta,dk_result_layer,TauCeti.DavisKahan.ExactSinTheta.PaperUnitaryInvariantNorm.gauge,DavisKahan.Sources.DavisKahan1970.SineTheta.Norms.UnitaryInvariantNorm,1,0
DK1970,S2-tan-theta,dk_result_layer,TauCeti.DavisKahan.ExactSinTheta.PaperUnitaryInvariantNorm.prefixGauge,DavisKahan.Sources.DavisKahan1970.SineTheta.Norms.UnitaryInvariantNorm,3,0
DK1970,S2-tan-theta,sylvester_intertwiner,TauCeti.DavisKahan.ExactSinTheta.SemiboundedAbove,DavisKahan.Sylvester.ClosedSylvesterEquation,1,0
DK1970,S2-tan-theta,dk_result_layer,TauCeti.DavisKahan.ExactTanTheta.HasTheorem63DirectedTangentApproximationNumbersInfinite,DavisKahan.TanTheta.Theorem63InfiniteTrial,1,0
DK1970,S2-tan-theta,dk_result_layer,TauCeti.DavisKahan.ExactTanTheta.UnboundedCompressionTrialData,DavisKahan.TanTheta.Theorem63UnboundedCompression,1,0
DK1970,S2-tan-theta,dk_result_layer,TauCeti.DavisKahan.ExactTanTheta.UnboundedCompressionTrialData.action,DavisKahan.TanTheta.Theorem63UnboundedCompression,1,0
DK1970,S2-tan-theta,dk_result_layer,TauCeti.DavisKahan.ExactTanTheta.UnboundedCompressionTrialData.compression,DavisKahan.TanTheta.Theorem63UnboundedCompression,1,0
DK1970,S2-tan-theta,dk_result_layer,TauCeti.DavisKahan.ExactTanTheta.UnboundedCompressionTrialData.residual,DavisKahan.TanTheta.Theorem63UnboundedCompression,1,0
DK1970,S2-tan-theta,dk_result_layer,TauCeti.DavisKahan.ExactTanTheta.theorem63Compression,DavisKahan.TanTheta.Theorem63FiniteSource,1,0
DK1970,S2-tan-theta,dk_result_layer,TauCeti.DavisKahan.ExactTanTheta.theorem63DirectedSineBlock,DavisKahan.TanTheta.Theorem63FiniteSource,2,0
DK1970,S2-tan-theta,real_complex_transfer,TauCeti.DavisKahan.Foundation.RealComplexification.complexifySubmodule,DavisKahan.SpectralTheory.Complexification.Subspace,2,0
DK1970,S2-tan-theta,real_complex_transfer,TauCeti.DavisKahan.Foundation.RealComplexification.instHasOrthogonalProjectionComplexifySubmodule,DavisKahan.SpectralTheory.Complexification.Subspace,2,0
DK1970,S2-tan-theta,direct_rotation_two_projection,TauCeti.DavisKahan.Frontier.CrossedDefectsEquivalent,DavisKahan.Geometry.Halmos.GenericRotationPredicates,1,0
DK1970,S2-tan-theta,dk_result_layer,TauCeti.DavisKahan.Section2.theorem6_3_perturbation_infiniteTrial,DavisKahan.Sources.DavisKahan1970.Section2TanThetaPerturbation,0,1
DK1970,S2-tan-theta,dk_result_layer,TauCeti.DavisKahan.TanTheta.UnboundedTrialBlock,DavisKahan.TanTheta.UnboundedSpectrum,1,0
DK1970,S2-tan-theta,dk_result_layer,TauCeti.DavisKahan.TanTheta.UnboundedTrialBlock.operator,DavisKahan.TanTheta.UnboundedSpectrum,1,0
DK1970,S2-tan-theta,dk_result_layer,TauCeti.DavisKahan.TanTheta.UnboundedTrialBlock.residual,DavisKahan.TanTheta.UnboundedSpectrum,1,0
DK1970,S2-tan-theta,direct_rotation_two_projection,TauCeti.DavisKahan.halmosSourceDefect,DavisKahan.Geometry.Halmos.TwoProjections,2,0
DK1970,S2-tan-theta,direct_rotation_two_projection,TauCeti.DavisKahan.halmosTargetDefect,DavisKahan.Geometry.Halmos.TwoProjections,2,0
DK1970,S2-tan-theta,dk_result_layer,TauCeti.DavisKahan1970.compressOperatorReal,DavisKahan.Sources.DavisKahan1970.WholeSpaceReal,1,0
DK1970,S2-tan-theta,dk_result_layer,TauCeti.DavisKahan1970.headlineCompleteF,DavisKahan.Sources.DavisKahan1970.HeadlineGeneric,1,0
DK1970,S2-tan-theta,dk_result_layer,TauCeti.DavisKahan1970.instCompleteSpaceCoeOfHasOrthogonalProjectionTanThetaUnboundedAmbient,DavisKahan.Sources.DavisKahan1970.TanThetaUnboundedAmbient,1,0
DK1970,S2-tan-theta,dk_result_layer,TauCeti.DavisKahan1970.instCompleteSpaceCoeOfHasOrthogonalProjectionUnboundedAmbientReal,DavisKahan.Sources.DavisKahan1970.TanThetaUnboundedAmbientReal,1,0
DK1970,S2-tan-theta,dk_result_layer,TauCeti.DavisKahan1970.tanTheta_headline_generic_directed,DavisKahan.Sources.DavisKahan1970.HeadlineGeneric,0,1
DK1970,S2-tan-theta,dk_result_layer,TauCeti.DavisKahan1970.tanTheta_unboundedCompression_ambient_paperUINorm_exact,DavisKahan.Sources.DavisKahan1970.TanThetaUnboundedAmbient,0,1
DK1970,S2-tan-theta,dk_result_layer,TauCeti.DavisKahan1970.tanTheta_unboundedCompression_ambient_paperUINorm_real_exact,DavisKahan.Sources.DavisKahan1970.TanThetaUnboundedAmbientReal,0,1
DK1970,S2-tan-theta,dk_result_layer,TauCeti.DavisKahan1970.tanTheta_unbounded_ambient_paperUINorm_exact,DavisKahan.Sources.DavisKahan1970.TanThetaUnboundedAmbient,0,1
DK1970,S2-tan-theta,dk_result_layer,TauCeti.DavisKahan1970.tanTheta_unbounded_ambient_paperUINorm_real_exact,DavisKahan.Sources.DavisKahan1970.TanThetaUnboundedAmbientReal,0,1
DK1970,S2-tan-theta,dk_result_layer,TauCeti.DavisKahan1970.tanTheta_wholeSpace_paperUINorm,DavisKahan.Sources.DavisKahan1970.TanThetaWholeSpace,0,1
DK1970,S2-tan-theta,dk_result_layer,TauCeti.DavisKahan1970.tanTheta_wholeSpace_paperUINorm_of_crossedDefectsEquivalent,DavisKahan.Sources.DavisKahan1970.TanThetaWholeSpace,0,1
DK1970,S2-tan-theta,dk_result_layer,TauCeti.DavisKahan1970.tanTheta_wholeSpace_paperUINorm_real,DavisKahan.Sources.DavisKahan1970.WholeSpaceReal,0,1
DK1970,S2-tan-theta,dk_result_layer,TauCeti.DavisKahan1970.tanTheta_wholeSpace_paperUINorm_real_of_crossedDefectsEquivalent,DavisKahan.Sources.DavisKahan1970.DirectedReal,0,1
DK1970,S2-tan-theta,unbounded_selfadjoint_spectral,TauCeti.DavisKahanExt.ClosedOperator,DavisKahan.SpectralTheory.ClosedOperator.Basic,1,0
DK1970,S2-tan-theta,unbounded_selfadjoint_spectral,TauCeti.DavisKahanExt.ClosedOperator.domain,DavisKahan.SpectralTheory.ClosedOperator.Basic,1,0
DK1970,S2-tan-theta,unbounded_selfadjoint_spectral,TauCeti.DavisKahanExt.ClosedOperator.toLinearMap,DavisKahan.SpectralTheory.ClosedOperator.Basic,1,0
DK1970,S2-tan-theta,unbounded_selfadjoint_spectral,TauCeti.DavisKahanExt.ClosedOperator.toLinearPMap,DavisKahan.SpectralTheory.ClosedOperator.Basic,2,0
DK1970,S2-tan-theta,operator_angle_double_angle,TauCeti.DavisKahanExt.paperAngleOperatorC,DavisKahan.Geometry.Angle.PaperOperatorAngle,2,0
DK1970,S2-tan-theta,operator_angle_double_angle,TauCeti.DavisKahanExt.paperSinAngleOperatorR,DavisKahan.Geometry.Angle.PaperOperatorAngleReal,1,0
DK1970,S2-tan-theta,operator_angle_double_angle,TauCeti.DavisKahanExt.paperTanAngleOperatorC,DavisKahan.Geometry.Angle.PaperTanAngle,1,0
DK1970,S2-tan-theta,operator_angle_double_angle,TauCeti.DavisKahanExt.paperTanAngleOperatorR,DavisKahan.Geometry.Angle.PaperOperatorAngleReal,1,0
DK1970,S2-tan-theta,operator_angle_double_angle,TauCeti.DavisKahanExt.sinAngleOperatorC,DavisKahan.Geometry.Angle.OperatorAngleComplex,1,0
DK1970,S2-tan-theta,residual_ritz_geometry,TauCeti.DavisKahanTheory.TanThetaIntervalGap,DavisKahan.FiniteDimensional.TanTheta.RitzResidual,1,0
DK1970,S2-tan-theta,dk_result_layer,TauCeti.DavisKahanTheory.partIII_tanTheta_ritzResidual_uiNorm,DavisKahan.Sources.DavisKahan1970.PartIII,0,1
DK1970,S2-tan-theta,spectral_gap_variational,TauCeti.IsInvariant,ForTauCeti.Analysis.InnerProductSpace.Spectral.Subspace,1,0
DK1970,S2-tan-theta,sylvester_intertwiner,TauCeti.LinearPMap.SemiboundedAbove,ForTauCeti.Analysis.InnerProductSpace.LinearPMap.Sylvester,2,0
DK1970,S2-tan-theta,operator_ideals_uinorms,TauCeti.OperatorIdealFamily,ForTauCeti.Analysis.OperatorIdeal.Family.Basic,3,0
DK1970,S2-tan-theta,operator_ideals_uinorms,TauCeti.OperatorIdealFamily.gauge,ForTauCeti.Analysis.OperatorIdeal.Family.Basic,2,0
DK1970,S2-tan-theta,real_complex_transfer,TauCeti.RealComplexification,ForTauCeti.Analysis.InnerProductSpace.Complexification.Basic,2,0
DK1970,S2-tan-theta,real_complex_transfer,TauCeti.RealComplexification.im,ForTauCeti.Analysis.InnerProductSpace.Complexification.Basic,3,0
DK1970,S2-tan-theta,real_complex_transfer,TauCeti.RealComplexification.instAddCommGroup,ForTauCeti.Analysis.InnerProductSpace.Complexification.Basic,3,0
DK1970,S2-tan-theta,real_complex_transfer,TauCeti.RealComplexification.instCompleteSpace,ForTauCeti.Analysis.InnerProductSpace.Complexification.Basic,2,0
DK1970,S2-tan-theta,real_complex_transfer,TauCeti.RealComplexification.instInnerProductSpaceComplex,ForTauCeti.Analysis.InnerProductSpace.Complexification.Basic,2,0
DK1970,S2-tan-theta,real_complex_transfer,TauCeti.RealComplexification.instModuleComplex,ForTauCeti.Analysis.InnerProductSpace.Complexification.Basic,3,0
DK1970,S2-tan-theta,real_complex_transfer,TauCeti.RealComplexification.instModuleReal,ForTauCeti.Analysis.InnerProductSpace.Complexification.Basic,3,0
DK1970,S2-tan-theta,real_complex_transfer,TauCeti.RealComplexification.instNormedAddCommGroup,ForTauCeti.Analysis.InnerProductSpace.Complexification.Basic,2,0
DK1970,S2-tan-theta,real_complex_transfer,TauCeti.RealComplexification.instNormedSpaceComplex,ForTauCeti.Analysis.InnerProductSpace.Complexification.Basic,3,0
DK1970,S2-tan-theta,real_complex_transfer,TauCeti.RealComplexification.instSMulComplex,ForTauCeti.Analysis.InnerProductSpace.Complexification.Basic,4,0
DK1970,S2-tan-theta,real_complex_transfer,TauCeti.RealComplexification.instSMulReal,ForTauCeti.Analysis.InnerProductSpace.Complexification.Basic,4,0
DK1970,S2-tan-theta,real_complex_transfer,TauCeti.RealComplexification.mk,ForTauCeti.Analysis.InnerProductSpace.Complexification.Basic,4,0
DK1970,S2-tan-theta,real_complex_transfer,TauCeti.RealComplexification.ofReal,ForTauCeti.Analysis.InnerProductSpace.Complexification.Basic,3,0
DK1970,S2-tan-theta,real_complex_transfer,TauCeti.RealComplexification.re,ForTauCeti.Analysis.InnerProductSpace.Complexification.Basic,3,0
DK1970,S2-tan-theta,real_complex_transfer,TauCeti.RealComplexification.realPartOperator,ForTauCeti.Analysis.InnerProductSpace.Complexification.Basic,2,0
DK1970,S2-tan-theta,operator_ideals_uinorms,TauCeti.RectangularUnitarilyInvariantSeminorm,ForTauCeti.Analysis.InnerProductSpace.RectangularUnitarilyInvariantSeminorm.Basic,1,0
DK1970,S2-tan-theta,operator_ideals_uinorms,TauCeti.RectangularUnitarilyInvariantSeminorm.toFun,ForTauCeti.Analysis.InnerProductSpace.RectangularUnitarilyInvariantSeminorm.Basic,1,0
DK1970,S2-tan-theta,spectral_gap_variational,TauCeti.SpectrumIn,ForTauCeti.Analysis.InnerProductSpace.Spectral.Subspace,1,0
DK1970,S2-tan-theta,operator_ideals_uinorms,TauCeti.SymmetricOperatorIdealFamily,ForTauCeti.Analysis.OperatorIdeal.Family.Basic,3,0
DK1970,S2-tan-theta,operator_ideals_uinorms,TauCeti.SymmetricOperatorIdealFamily.toOperatorIdealFamily,ForTauCeti.Analysis.OperatorIdeal.Family.Basic,2,0
DK1970,S2-tan-theta,operator_ideals_uinorms,TauCeti.UnitarilyInvariantSeminorm,ForTauCeti.Analysis.InnerProductSpace.UnitarilyInvariantSeminorm,6,0
DK1970,S2-tan-theta,operator_ideals_uinorms,TauCeti.UnitarilyInvariantSeminorm.gauge,ForTauCeti.Analysis.InnerProductSpace.UnitarilyInvariantSeminorm,5,0
DK1970,S2-tan-theta,operator_ideals_uinorms,TauCeti.UnitarilyInvariantSeminorm.toFun,ForTauCeti.Analysis.InnerProductSpace.UnitarilyInvariantSeminorm,6,0
DK1970,S2-tan-theta,residual_ritz_geometry,TauCeti.approximateSubspace,ForTauCeti.Analysis.InnerProductSpace.Residual.Ritz,1,0
DK1970,S2-tan-theta,spectral_gap_variational,TauCeti.complementaryProjection,ForTauCeti.Analysis.InnerProductSpace.Spectral.Subspace,5,0
DK1970,S2-tan-theta,residual_ritz_geometry,TauCeti.compression,ForTauCeti.Analysis.InnerProductSpace.Residual.Ritz,1,0
DK1970,S2-tan-theta,operator_ideals_uinorms,TauCeti.diagOp,ForTauCeti.Analysis.InnerProductSpace.UnitarilyInvariantSeminorm,6,0
DK1970,S2-tan-theta,hilbert_subspace_geometry,TauCeti.principalAngles,ForTauCeti.Analysis.InnerProductSpace.AngleGeometry,2,0
DK1970,S2-tan-theta,hilbert_subspace_geometry,TauCeti.principalSines,ForTauCeti.Analysis.InnerProductSpace.AngleGeometry,3,0
DK1970,S2-tan-theta,hilbert_subspace_geometry,TauCeti.principalTangents,ForTauCeti.Analysis.InnerProductSpace.AngleGeometry,1,0
DK1970,S2-tan-theta,spectral_gap_variational,TauCeti.projection,ForTauCeti.Analysis.InnerProductSpace.Spectral.Subspace,5,0
DK1970,S2-tan-theta,residual_ritz_geometry,TauCeti.residual,ForTauCeti.Analysis.InnerProductSpace.Residual.Ritz,2,0
DK1970,S2-tan-theta,spectral_gap_variational,TauCeti.restrictedSpectrum,ForTauCeti.Analysis.InnerProductSpace.Spectral.Subspace,2,0
DK1970,S2-tan-theta,residual_ritz_geometry,TauCeti.ritzResidual,ForTauCeti.Analysis.InnerProductSpace.Residual.Ritz,1,0
DK1970,S2-tan-theta,hilbert_subspace_geometry,TauCeti.sinThetaMap,ForTauCeti.Analysis.InnerProductSpace.AngleGeometry,4,0
DK1970,S2-tan-two-theta,operator_ideals_uinorms,ContinuousLinearMap.approximationNumber,ForTauCeti.Analysis.OperatorIdeal.ApproximationNumber.Basic,2,0
DK1970,S2-tan-two-theta,operator_ideals_uinorms,ContinuousLinearMap.modulus,ForTauCeti.Analysis.InnerProductSpace.OperatorModulus,4,0
DK1970,S2-tan-two-theta,hilbert_subspace_geometry,Submodule.diagonalPart,ForTauCeti.Analysis.InnerProductSpace.Projection.Blocks,1,0
DK1970,S2-tan-two-theta,hilbert_subspace_geometry,Submodule.offDiagonalPart,ForTauCeti.Analysis.InnerProductSpace.Projection.Blocks,2,0
DK1970,S2-tan-two-theta,operator_ideals_uinorms,TauCeti.ApproximationNumber.approximationSingularValue,ForTauCeti.Analysis.OperatorIdeal.ApproximationNumber.Core,1,0
DK1970,S2-tan-two-theta,borel_spectral_calculus,TauCeti.BorelCalculus.IsBddMeasurable,ForTauCeti.Analysis.InnerProductSpace.BorelCalculus.Operator,7,0
DK1970,S2-tan-two-theta,borel_spectral_calculus,TauCeti.BorelCalculus.IsBddMeasurable.chooseBound,ForTauCeti.Analysis.InnerProductSpace.BorelCalculus.Operator,7,0
DK1970,S2-tan-two-theta,borel_spectral_calculus,TauCeti.BorelCalculus.IsBddMeasurable.exists_bound,ForTauCeti.Analysis.InnerProductSpace.BorelCalculus.Operator,8,0
DK1970,S2-tan-two-theta,borel_spectral_calculus,TauCeti.BorelCalculus.borelCalculus,ForTauCeti.Analysis.InnerProductSpace.BorelCalculus.Operator,6,0
DK1970,S2-tan-two-theta,borel_spectral_calculus,TauCeti.BorelCalculus.borelVector,ForTauCeti.Analysis.InnerProductSpace.BorelCalculus.Operator,7,0
DK1970,S2-tan-two-theta,borel_spectral_calculus,TauCeti.BorelCalculus.diagFunctional,ForTauCeti.Analysis.InnerProductSpace.BorelCalculus.DiagonalMeasure,7,0
DK1970,S2-tan-two-theta,borel_spectral_calculus,TauCeti.BorelCalculus.diagMeasure,ForTauCeti.Analysis.InnerProductSpace.BorelCalculus.DiagonalMeasure,6,0
DK1970,S2-tan-two-theta,borel_spectral_calculus,TauCeti.BorelCalculus.inner_specProj_self,ForTauCeti.Analysis.InnerProductSpace.BorelCalculus.PVM,5,0
DK1970,S2-tan-two-theta,borel_spectral_calculus,TauCeti.BorelCalculus.isFiniteMeasure_specDiag,ForTauCeti.Analysis.InnerProductSpace.BorelCalculus.PVM,5,0
DK1970,S2-tan-two-theta,borel_spectral_calculus,TauCeti.BorelCalculus.norm_borelVector_le,ForTauCeti.Analysis.InnerProductSpace.BorelCalculus.Operator,7,0
DK1970,S2-tan-two-theta,borel_spectral_calculus,TauCeti.BorelCalculus.ofRealLM,ForTauCeti.Analysis.InnerProductSpace.BorelCalculus.DiagonalMeasure,8,0
DK1970,S2-tan-two-theta,borel_spectral_calculus,TauCeti.BorelCalculus.pair,ForTauCeti.Analysis.InnerProductSpace.BorelCalculus.Polarization,9,0
DK1970,S2-tan-two-theta,borel_spectral_calculus,TauCeti.BorelCalculus.pairFunctional,ForTauCeti.Analysis.InnerProductSpace.BorelCalculus.Operator,8,0
DK1970,S2-tan-two-theta,borel_spectral_calculus,TauCeti.BorelCalculus.specDiag,ForTauCeti.Analysis.InnerProductSpace.BorelCalculus.PVM,5,0
DK1970,S2-tan-two-theta,borel_spectral_calculus,TauCeti.BorelCalculus.specProj,ForTauCeti.Analysis.InnerProductSpace.BorelCalculus.PVM,5,0
DK1970,S2-tan-two-theta,borel_spectral_calculus,TauCeti.BorelCalculus.specProj_inter,ForTauCeti.Analysis.InnerProductSpace.BorelCalculus.PVM,5,0
DK1970,S2-tan-two-theta,borel_spectral_calculus,TauCeti.BorelCalculus.specProj_univ,ForTauCeti.Analysis.InnerProductSpace.BorelCalculus.PVM,5,0
DK1970,S2-tan-two-theta,borel_spectral_calculus,TauCeti.BorelCalculus.toProjValMeasure,ForTauCeti.Analysis.InnerProductSpace.BorelCalculus.PVM,4,0
DK1970,S2-tan-two-theta,dk_result_layer,TauCeti.DavisKahan.ExactSinTheta.PaperUnitaryInvariantNorm,DavisKahan.Sources.DavisKahan1970.SineTheta.Norms.UnitaryInvariantNorm,1,0
DK1970,S2-tan-two-theta,dk_result_layer,TauCeti.DavisKahan.ExactSinTheta.PaperUnitaryInvariantNorm.Mem,DavisKahan.Sources.DavisKahan1970.SineTheta.Norms.UnitaryInvariantNorm,1,0
DK1970,S2-tan-two-theta,dk_result_layer,TauCeti.DavisKahan.ExactSinTheta.PaperUnitaryInvariantNorm.approximationPrefix,DavisKahan.Sources.DavisKahan1970.SineTheta.Norms.UnitaryInvariantNorm,4,0
DK1970,S2-tan-two-theta,dk_result_layer,TauCeti.DavisKahan.ExactSinTheta.PaperUnitaryInvariantNorm.extendedGauge,DavisKahan.Sources.DavisKahan1970.SineTheta.Norms.UnitaryInvariantNorm,2,0
DK1970,S2-tan-two-theta,dk_result_layer,TauCeti.DavisKahan.ExactSinTheta.PaperUnitaryInvariantNorm.finiteGauge,DavisKahan.Sources.DavisKahan1970.SineTheta.Norms.UnitaryInvariantNorm,4,0
DK1970,S2-tan-two-theta,dk_result_layer,TauCeti.DavisKahan.ExactSinTheta.PaperUnitaryInvariantNorm.finiteNorm,DavisKahan.Sources.DavisKahan1970.SineTheta.Norms.UnitaryInvariantNorm,5,0
DK1970,S2-tan-two-theta,dk_result_layer,TauCeti.DavisKahan.ExactSinTheta.PaperUnitaryInvariantNorm.gauge,DavisKahan.Sources.DavisKahan1970.SineTheta.Norms.UnitaryInvariantNorm,1,0
DK1970,S2-tan-two-theta,dk_result_layer,TauCeti.DavisKahan.ExactSinTheta.PaperUnitaryInvariantNorm.prefixGauge,DavisKahan.Sources.DavisKahan1970.SineTheta.Norms.UnitaryInvariantNorm,3,0
DK1970,S2-tan-two-theta,dk_result_layer,TauCeti.DavisKahan.ExactSinTheta.instCompleteSpaceCoeOfHasOrthogonalProjectionLemma61,DavisKahan.Sources.DavisKahan1970.SineTheta.Lemma61,2,0
DK1970,S2-tan-two-theta,dk_result_layer,TauCeti.DavisKahan.ExactSinTheta.paperBlockCompression,DavisKahan.Sources.DavisKahan1970.SineTheta.Lemma61,1,0
DK1970,S2-tan-two-theta,dk_result_layer,TauCeti.DavisKahan.ExactSinTheta.paperProjectionBlock,DavisKahan.Sources.DavisKahan1970.SineTheta.Lemma61,1,0
DK1970,S2-tan-two-theta,real_complex_transfer,TauCeti.DavisKahan.Foundation.RealComplexification.complexifySubmodule,DavisKahan.SpectralTheory.Complexification.Subspace,2,0
DK1970,S2-tan-two-theta,real_complex_transfer,TauCeti.DavisKahan.Foundation.RealComplexification.instHasOrthogonalProjectionComplexifySubmodule,DavisKahan.SpectralTheory.Complexification.Subspace,2,0
DK1970,S2-tan-two-theta,dk_result_layer,TauCeti.DavisKahan1970.compressOperatorReal,DavisKahan.Sources.DavisKahan1970.WholeSpaceReal,1,0
DK1970,S2-tan-two-theta,dk_result_layer,TauCeti.DavisKahan1970.instCompleteSpaceCoeOfHasOrthogonalProjectionUnboundedExact,DavisKahan.Sources.DavisKahan1970.TanTwoThetaUnboundedExact,1,0
DK1970,S2-tan-two-theta,dk_result_layer,TauCeti.DavisKahan1970.paperDoubleSecant,DavisKahan.Sources.DavisKahan1970.AmbientBlockVocabulary,1,0
DK1970,S2-tan-two-theta,dk_result_layer,TauCeti.DavisKahan1970.paperProjectorDifference,DavisKahan.Sources.DavisKahan1970.AmbientBlockVocabulary,1,0
DK1970,S2-tan-two-theta,dk_result_layer,TauCeti.DavisKahan1970.paperTanTwoDirectedCornerR,DavisKahan.Sources.DavisKahan1970.WholeSpaceReal,1,0
DK1970,S2-tan-two-theta,dk_result_layer,TauCeti.DavisKahan1970.reflectionResidualCorner,DavisKahan.Sources.DavisKahan1970.TanTwoThetaUnboundedGramMiddle,1,0
DK1970,S2-tan-two-theta,dk_result_layer,TauCeti.DavisKahan1970.reflectionTangentCorner,DavisKahan.Sources.DavisKahan1970.TanTwoThetaUnboundedGramBridge,1,0
DK1970,S2-tan-two-theta,dk_result_layer,TauCeti.DavisKahan1970.tanTwoTheta_directedCorner_residual_paperUINorm_exact,DavisKahan.Sources.DavisKahan1970.TanTwoThetaReflectionAmbient,0,1
DK1970,S2-tan-two-theta,dk_result_layer,TauCeti.DavisKahan1970.tanTwoTheta_directedCorner_residual_paperUINorm_real_exact,DavisKahan.Sources.DavisKahan1970.WholeSpaceReal,0,1
DK1970,S2-tan-two-theta,dk_result_layer,TauCeti.DavisKahan1970.tanTwoTheta_headline_generic,DavisKahan.Sources.DavisKahan1970.HeadlineGeneric,0,1
DK1970,S2-tan-two-theta,dk_result_layer,TauCeti.DavisKahan1970.tanTwoTheta_unbounded_ambient_paperUINorm_exact,DavisKahan.Sources.DavisKahan1970.TanTwoThetaUnboundedAmbientExact,0,1
DK1970,S2-tan-two-theta,dk_result_layer,TauCeti.DavisKahan1970.tanTwoTheta_unbounded_ambient_paperUINorm_real_exact,DavisKahan.Sources.DavisKahan1970.TanTwoThetaUnboundedExactReal,0,1
DK1970,S2-tan-two-theta,dk_result_layer,TauCeti.DavisKahan1970.tanTwoTheta_unbounded_directedResidual_paperUINorm_exact,DavisKahan.Sources.DavisKahan1970.TanTwoThetaUnboundedExact,0,1
DK1970,S2-tan-two-theta,dk_result_layer,TauCeti.DavisKahan1970.tanTwoTheta_unbounded_directedResidual_paperUINorm_real_exact,DavisKahan.Sources.DavisKahan1970.TanTwoThetaUnboundedExactReal,0,1
DK1970,S2-tan-two-theta,dk_result_layer,TauCeti.DavisKahan1970.tanTwoTheta_wholeSpace_paperUINorm_exact,DavisKahan.Sources.DavisKahan1970.TanTwoThetaReflectionAmbient,0,1
DK1970,S2-tan-two-theta,dk_result_layer,TauCeti.DavisKahan1970.tanTwoTheta_wholeSpace_paperUINorm_real_exact,DavisKahan.Sources.DavisKahan1970.WholeSpaceReal,0,1
DK1970,S2-tan-two-theta,dk_result_layer,TauCeti.DavisKahan1970.unboundedReflectionTangent,DavisKahan.Sources.DavisKahan1970.TanTwoThetaUnboundedKyFan,1,0
DK1970,S2-tan-two-theta,sylvester_intertwiner,TauCeti.DavisKahanExt.compressOperator,DavisKahan.Sylvester.Spectrum,1,0
DK1970,S2-tan-two-theta,operator_angle_double_angle,TauCeti.DavisKahanExt.paperAngleOperatorC,DavisKahan.Geometry.Angle.PaperOperatorAngle,2,0
DK1970,S2-tan-two-theta,operator_angle_double_angle,TauCeti.DavisKahanExt.paperTanTwoAngleOperatorC,DavisKahan.Geometry.Angle.PaperTanAngle,1,0
DK1970,S2-tan-two-theta,operator_angle_double_angle,TauCeti.DavisKahanExt.paperTanTwoAngleOperatorR,DavisKahan.Geometry.Angle.PaperOperatorAngleReal,1,0
DK1970,S2-tan-two-theta,operator_angle_double_angle,TauCeti.DavisKahanExt.sinAngleOperatorC,DavisKahan.Geometry.Angle.OperatorAngleComplex,3,0
DK1970,S2-tan-two-theta,operator_angle_double_angle,TauCeti.DavisKahanTheory.absDoubleAngleTangent,DavisKahan.DoubleAngle.TanTwoThetaBranchFree,1,0
DK1970,S2-tan-two-theta,operator_angle_double_angle,TauCeti.IsOddFor,ForTauCeti.Analysis.InnerProductSpace.DoubleAngle.UnboundedReflection,1,0
DK1970,S2-tan-two-theta,unbounded_selfadjoint_spectral,TauCeti.LinearPMap.MapsDomainTo,ForTauCeti.Analysis.InnerProductSpace.LinearPMap.Closed,1,0
DK1970,S2-tan-two-theta,unbounded_selfadjoint_spectral,TauCeti.LinearPMap.cayley,ForTauCeti.Analysis.InnerProductSpace.LinearPMap.SelfAdjointResolvent,4,0
DK1970,S2-tan-two-theta,unbounded_selfadjoint_spectral,TauCeti.LinearPMap.cayleyInv,ForTauCeti.Analysis.InnerProductSpace.LinearPMap.SpectralMeasure.Construction,4,0
DK1970,S2-tan-two-theta,real_complex_transfer,TauCeti.LinearPMap.complexificationDomain,ForTauCeti.Analysis.InnerProductSpace.LinearPMap.Complexification,4,0
DK1970,S2-tan-two-theta,real_complex_transfer,TauCeti.LinearPMap.complexificationDomainIm,ForTauCeti.Analysis.InnerProductSpace.LinearPMap.Complexification,5,0
DK1970,S2-tan-two-theta,real_complex_transfer,TauCeti.LinearPMap.complexificationDomainRe,ForTauCeti.Analysis.InnerProductSpace.LinearPMap.Complexification,5,0
DK1970,S2-tan-two-theta,real_complex_transfer,TauCeti.LinearPMap.complexificationLinearMap,ForTauCeti.Analysis.InnerProductSpace.LinearPMap.Complexification,4,0
DK1970,S2-tan-two-theta,real_complex_transfer,TauCeti.LinearPMap.complexifyReal,ForTauCeti.Analysis.InnerProductSpace.LinearPMap.Complexification,3,0
DK1970,S2-tan-two-theta,real_complex_transfer,TauCeti.LinearPMap.instCompleteSpace_realSpecRange,ForTauCeti.Analysis.InnerProductSpace.LinearPMap.Complexification.SpectralDescent,1,0
DK1970,S2-tan-two-theta,unbounded_selfadjoint_spectral,TauCeti.LinearPMap.instCompleteSpace_specRange,ForTauCeti.Analysis.InnerProductSpace.LinearPMap.SpectralMeasure.Construction,1,0
DK1970,S2-tan-two-theta,real_complex_transfer,TauCeti.LinearPMap.instHasOrthogonalProjection_realSpecRange,ForTauCeti.Analysis.InnerProductSpace.LinearPMap.Complexification.SpectralDescent,1,0
DK1970,S2-tan-two-theta,unbounded_selfadjoint_spectral,TauCeti.LinearPMap.instHasOrthogonalProjection_specRange,ForTauCeti.Analysis.InnerProductSpace.LinearPMap.SpectralMeasure.Construction,1,0
DK1970,S2-tan-two-theta,real_complex_transfer,TauCeti.LinearPMap.isSelfAdjoint_complexifyReal,ForTauCeti.Analysis.InnerProductSpace.LinearPMap.Complexification,3,0
DK1970,S2-tan-two-theta,unbounded_selfadjoint_spectral,TauCeti.LinearPMap.isStarNormal_cayley,ForTauCeti.Analysis.InnerProductSpace.LinearPMap.SelfAdjointResolvent,4,0
DK1970,S2-tan-two-theta,unbounded_selfadjoint_spectral,TauCeti.LinearPMap.measurable_cayleyInv,ForTauCeti.Analysis.InnerProductSpace.LinearPMap.SpectralMeasure.Construction,4,0
DK1970,S2-tan-two-theta,unbounded_selfadjoint_spectral,TauCeti.LinearPMap.negI_mem_resolventSet,ForTauCeti.Analysis.InnerProductSpace.LinearPMap.SelfAdjointResolvent,5,0
DK1970,S2-tan-two-theta,real_complex_transfer,TauCeti.LinearPMap.realSpecProjection,ForTauCeti.Analysis.InnerProductSpace.LinearPMap.Complexification.SpectralDescent,2,0
DK1970,S2-tan-two-theta,real_complex_transfer,TauCeti.LinearPMap.realSpecRange,ForTauCeti.Analysis.InnerProductSpace.LinearPMap.Complexification.SpectralDescent,1,0
DK1970,S2-tan-two-theta,unbounded_selfadjoint_spectral,TauCeti.LinearPMap.resolvent,ForTauCeti.Analysis.InnerProductSpace.LinearPMap.ResolventBound,5,0
DK1970,S2-tan-two-theta,unbounded_selfadjoint_spectral,TauCeti.LinearPMap.resolventSet,ForTauCeti.Analysis.InnerProductSpace.LinearPMap.Resolvent,6,0
DK1970,S2-tan-two-theta,unbounded_selfadjoint_spectral,TauCeti.LinearPMap.specProjection,ForTauCeti.Analysis.InnerProductSpace.LinearPMap.SpectralMeasure.Construction,2,0
DK1970,S2-tan-two-theta,unbounded_selfadjoint_spectral,TauCeti.LinearPMap.specRange,ForTauCeti.Analysis.InnerProductSpace.LinearPMap.SpectralMeasure.Construction,1,0
DK1970,S2-tan-two-theta,unbounded_selfadjoint_spectral,TauCeti.LinearPMap.spectralPVM,ForTauCeti.Analysis.InnerProductSpace.LinearPMap.SpectralMeasure.Construction,3,0
DK1970,S2-tan-two-theta,borel_spectral_calculus,TauCeti.ProjValMeasure,ForTauCeti.Analysis.InnerProductSpace.ProjValMeasure.Basic,4,0
DK1970,S2-tan-two-theta,borel_spectral_calculus,TauCeti.ProjValMeasure.mk,ForTauCeti.Analysis.InnerProductSpace.ProjValMeasure.Basic,5,0
DK1970,S2-tan-two-theta,borel_spectral_calculus,TauCeti.ProjValMeasure.proj,ForTauCeti.Analysis.InnerProductSpace.ProjValMeasure.Basic,3,0
DK1970,S2-tan-two-theta,real_complex_transfer,TauCeti.RealComplexification,ForTauCeti.Analysis.InnerProductSpace.Complexification.Basic,1,0
DK1970,S2-tan-two-theta,real_complex_transfer,TauCeti.RealComplexification.im,ForTauCeti.Analysis.InnerProductSpace.Complexification.Basic,2,0
DK1970,S2-tan-two-theta,real_complex_transfer,TauCeti.RealComplexification.instAddCommGroup,ForTauCeti.Analysis.InnerProductSpace.Complexification.Basic,2,0
DK1970,S2-tan-two-theta,real_complex_transfer,TauCeti.RealComplexification.instCompleteSpace,ForTauCeti.Analysis.InnerProductSpace.Complexification.Basic,1,0
DK1970,S2-tan-two-theta,real_complex_transfer,TauCeti.RealComplexification.instInnerProductSpaceComplex,ForTauCeti.Analysis.InnerProductSpace.Complexification.Basic,1,0
DK1970,S2-tan-two-theta,real_complex_transfer,TauCeti.RealComplexification.instModuleComplex,ForTauCeti.Analysis.InnerProductSpace.Complexification.Basic,2,0
DK1970,S2-tan-two-theta,real_complex_transfer,TauCeti.RealComplexification.instModuleReal,ForTauCeti.Analysis.InnerProductSpace.Complexification.Basic,3,0
DK1970,S2-tan-two-theta,real_complex_transfer,TauCeti.RealComplexification.instNormedAddCommGroup,ForTauCeti.Analysis.InnerProductSpace.Complexification.Basic,1,0
DK1970,S2-tan-two-theta,real_complex_transfer,TauCeti.RealComplexification.instNormedSpaceComplex,ForTauCeti.Analysis.InnerProductSpace.Complexification.Basic,2,0
DK1970,S2-tan-two-theta,real_complex_transfer,TauCeti.RealComplexification.instSMulComplex,ForTauCeti.Analysis.InnerProductSpace.Complexification.Basic,3,0
DK1970,S2-tan-two-theta,real_complex_transfer,TauCeti.RealComplexification.instSMulReal,ForTauCeti.Analysis.InnerProductSpace.Complexification.Basic,4,0
DK1970,S2-tan-two-theta,real_complex_transfer,TauCeti.RealComplexification.mk,ForTauCeti.Analysis.InnerProductSpace.Complexification.Basic,4,0
DK1970,S2-tan-two-theta,real_complex_transfer,TauCeti.RealComplexification.ofReal,ForTauCeti.Analysis.InnerProductSpace.Complexification.Basic,3,0
DK1970,S2-tan-two-theta,real_complex_transfer,TauCeti.RealComplexification.re,ForTauCeti.Analysis.InnerProductSpace.Complexification.Basic,2,0
DK1970,S2-tan-two-theta,real_complex_transfer,TauCeti.RealComplexification.realPartOperator,ForTauCeti.Analysis.InnerProductSpace.Complexification.Basic,2,0
DK1970,S2-tan-two-theta,operator_ideals_uinorms,TauCeti.UnitarilyInvariantSeminorm,ForTauCeti.Analysis.InnerProductSpace.UnitarilyInvariantSeminorm,6,0
DK1970,S2-tan-two-theta,operator_ideals_uinorms,TauCeti.UnitarilyInvariantSeminorm.gauge,ForTauCeti.Analysis.InnerProductSpace.UnitarilyInvariantSeminorm,5,0
DK1970,S2-tan-two-theta,operator_ideals_uinorms,TauCeti.UnitarilyInvariantSeminorm.toFun,ForTauCeti.Analysis.InnerProductSpace.UnitarilyInvariantSeminorm,6,0
DK1970,S2-tan-two-theta,operator_ideals_uinorms,TauCeti.diagOp,ForTauCeti.Analysis.InnerProductSpace.UnitarilyInvariantSeminorm,6,0
YWS2015,YWS-A-dilation-alternative,spectral_gap_variational,TauCeti.HybridGap,ForTauCeti.Analysis.InnerProductSpace.Spectral.Gap,1,0
YWS2015,YWS-A-dilation-alternative,spectral_gap_variational,TauCeti.SpectraSeparated,ForTauCeti.Analysis.InnerProductSpace.Spectral.Gap,2,0
YWS2015,YWS-A-dilation-alternative,spectral_gap_variational,TauCeti.complementaryProjection,ForTauCeti.Analysis.InnerProductSpace.Spectral.Subspace,2,0
YWS2015,YWS-A-dilation-alternative,singular_subspace_gram_geometry,TauCeti.leftGram,ForTauCeti.Analysis.InnerProductSpace.Gram.Operator,3,0
YWS2015,YWS-A-dilation-alternative,spectral_gap_variational,TauCeti.projection,ForTauCeti.Analysis.InnerProductSpace.Spectral.Subspace,2,0
YWS2015,YWS-A-dilation-alternative,spectral_gap_variational,TauCeti.restrictedSpectrum,ForTauCeti.Analysis.InnerProductSpace.Spectral.Subspace,3,0
YWS2015,YWS-A-dilation-alternative,singular_subspace_gram_geometry,TauCeti.rightGram,ForTauCeti.Analysis.InnerProductSpace.Gram.Operator,3,0
YWS2015,YWS-A-dilation-alternative,hilbert_subspace_geometry,TauCeti.sinThetaMap,ForTauCeti.Analysis.InnerProductSpace.AngleGeometry,1,0
YWS2015,YWS-A-dilation-alternative,spectral_gap_variational,TauCeti.spectralSubspace,ForTauCeti.Analysis.InnerProductSpace.Spectral.Subspace,1,0
YWS2015,YWS-A-dilation-alternative,singular_subspace_gram_geometry,YuWangSamworth2015.gramBlockDiagonal,YuWangSamworth2015.Core.SingularSubspace,1,0
YWS2015,YWS-A-dilation-alternative,singular_subspace_gram_geometry,YuWangSamworth2015.gramBlockDiagonalProd,YuWangSamworth2015.Core.SingularSubspace,2,0
YWS2015,YWS-A-dilation-alternative,singular_subspace_gram_geometry,YuWangSamworth2015.hermitianDilation,YuWangSamworth2015.Core.SingularSubspace,0,1
YWS2015,YWS-A-dilation-alternative,singular_subspace_gram_geometry,YuWangSamworth2015.hermitianDilationProd,YuWangSamworth2015.Core.SingularSubspace,1,0
YWS2015,YWS-A-dilation-alternative,singular_subspace_gram_geometry,YuWangSamworth2015.hermitianDilation_sq,YuWangSamworth2015.Core.SingularSubspace,0,1
YWS2015,YWS-A-dilation-alternative,singular_subspace_gram_geometry,YuWangSamworth2015.isSymmetric_hermitianDilation,YuWangSamworth2015.Core.SingularSubspace,0,1
YWS2015,YWS-A-dilation-alternative,singular_subspace_gram_geometry,YuWangSamworth2015.singularSubspace_dilation_sinTheta_le,YuWangSamworth2015.Core.SingularSubspace,0,1
YWS2015,YWS-A-gram-transport,operator_ideals_uinorms,TauCeti.RectangularUnitarilyInvariantSeminorm,ForTauCeti.Analysis.InnerProductSpace.RectangularUnitarilyInvariantSeminorm.Basic,2,0
YWS2015,YWS-A-gram-transport,operator_ideals_uinorms,TauCeti.RectangularUnitarilyInvariantSeminorm.frobenius,ForTauCeti.Analysis.InnerProductSpace.RectangularUnitarilyInvariantSeminorm.Instances,1,0
YWS2015,YWS-A-gram-transport,operator_ideals_uinorms,TauCeti.RectangularUnitarilyInvariantSeminorm.mk,ForTauCeti.Analysis.InnerProductSpace.RectangularUnitarilyInvariantSeminorm.Basic,2,0
YWS2015,YWS-A-gram-transport,operator_ideals_uinorms,TauCeti.RectangularUnitarilyInvariantSeminorm.toFun,ForTauCeti.Analysis.InnerProductSpace.RectangularUnitarilyInvariantSeminorm.Basic,1,0
YWS2015,YWS-A-gram-transport,operator_ideals_uinorms,TauCeti.UnitarilyInvariantSeminorm,ForTauCeti.Analysis.InnerProductSpace.UnitarilyInvariantSeminorm,2,0
YWS2015,YWS-A-gram-transport,operator_ideals_uinorms,TauCeti.UnitarilyInvariantSeminorm.frobenius,ForTauCeti.Analysis.InnerProductSpace.UnitarilyInvariantSeminorm,1,0
YWS2015,YWS-A-gram-transport,operator_ideals_uinorms,TauCeti.UnitarilyInvariantSeminorm.mk,ForTauCeti.Analysis.InnerProductSpace.UnitarilyInvariantSeminorm,2,0
YWS2015,YWS-A-gram-transport,operator_ideals_uinorms,TauCeti.UnitarilyInvariantSeminorm.toFun,ForTauCeti.Analysis.InnerProductSpace.UnitarilyInvariantSeminorm,1,0
YWS2015,YWS-A-gram-transport,singular_subspace_gram_geometry,TauCeti.leftGram,ForTauCeti.Analysis.InnerProductSpace.Gram.Operator,1,0
YWS2015,YWS-A-gram-transport,singular_subspace_gram_geometry,TauCeti.rightGram,ForTauCeti.Analysis.InnerProductSpace.Gram.Operator,1,0
YWS2015,YWS-A-gram-transport,singular_subspace_gram_geometry,YuWangSamworth2015.DavisKahanTheory.frobenius_leftGram_sub_le,YuWangSamworth2015.Rectangular.FrobeniusGram,0,1
YWS2015,YWS-A-gram-transport,singular_subspace_gram_geometry,YuWangSamworth2015.DavisKahanTheory.frobenius_leftGram_sub_le_paperCoefficient,YuWangSamworth2015.Rectangular.FrobeniusGram,0,1
YWS2015,YWS-A-gram-transport,singular_subspace_gram_geometry,YuWangSamworth2015.DavisKahanTheory.frobenius_rightGram_sub_le,YuWangSamworth2015.Rectangular.FrobeniusGram,0,1
YWS2015,YWS-A-gram-transport,singular_subspace_gram_geometry,YuWangSamworth2015.DavisKahanTheory.frobenius_rightGram_sub_le_paperCoefficient,YuWangSamworth2015.Rectangular.FrobeniusGram,0,1
YWS2015,YWS-A-gram-transport,singular_subspace_gram_geometry,YuWangSamworth2015.DavisKahanTheory.opNorm_leftGram_sub_le_paperCoefficient,YuWangSamworth2015.Rectangular.FrobeniusGram,0,1
YWS2015,YWS-A-gram-transport,singular_subspace_gram_geometry,YuWangSamworth2015.DavisKahanTheory.opNorm_rightGram_sub_le_paperCoefficient,YuWangSamworth2015.Rectangular.FrobeniusGram,0,1
YWS2015,YWS-A-gram-transport,singular_subspace_gram_geometry,YuWangSamworth2015.DavisKahanTheory.sum_opNorm_le_paperCoefficient,YuWangSamworth2015.Rectangular.FrobeniusGram,0,1
YWS2015,YWS-C1-rankone,hilbert_subspace_geometry,OrthonormalBasis.spanIndices,ForTauCeti.Analysis.InnerProductSpace.BasisSpan,2,0
YWS2015,YWS-C1-rankone,operator_ideals_uinorms,TauCeti.UnitarilyInvariantSeminorm,ForTauCeti.Analysis.InnerProductSpace.UnitarilyInvariantSeminorm,3,0
YWS2015,YWS-C1-rankone,operator_ideals_uinorms,TauCeti.UnitarilyInvariantSeminorm.frobenius,ForTauCeti.Analysis.InnerProductSpace.UnitarilyInvariantSeminorm,2,0
YWS2015,YWS-C1-rankone,operator_ideals_uinorms,TauCeti.UnitarilyInvariantSeminorm.mk,ForTauCeti.Analysis.InnerProductSpace.UnitarilyInvariantSeminorm,3,0
YWS2015,YWS-C1-rankone,operator_ideals_uinorms,TauCeti.UnitarilyInvariantSeminorm.toFun,ForTauCeti.Analysis.InnerProductSpace.UnitarilyInvariantSeminorm,2,0
YWS2015,YWS-C1-rankone,spectral_gap_variational,TauCeti.basisDiagonal,ForTauCeti.Analysis.InnerProductSpace.BasisDiagonal,1,0
YWS2015,YWS-C1-rankone,spectral_gap_variational,TauCeti.complementaryProjection,ForTauCeti.Analysis.InnerProductSpace.Spectral.Subspace,3,0
YWS2015,YWS-C1-rankone,spectral_gap_variational,TauCeti.isSymmetric_basisDiagonal,ForTauCeti.Analysis.InnerProductSpace.BasisDiagonal,1,0
YWS2015,YWS-C1-rankone,spectral_gap_variational,TauCeti.projection,ForTauCeti.Analysis.InnerProductSpace.Spectral.Subspace,3,0
YWS2015,YWS-C1-rankone,spectral_gap_variational,TauCeti.restrictedSpectrum,ForTauCeti.Analysis.InnerProductSpace.Spectral.Subspace,1,0
YWS2015,YWS-C1-rankone,hilbert_subspace_geometry,TauCeti.sinThetaFrobenius,ForTauCeti.Analysis.InnerProductSpace.SinTheta.Frobenius,1,0
YWS2015,YWS-C1-rankone,hilbert_subspace_geometry,TauCeti.sinThetaMap,ForTauCeti.Analysis.InnerProductSpace.AngleGeometry,2,0
YWS2015,YWS-C1-rankone,yws_result_layer,YuWangSamworth2015.CorrespondingEigenblock,YuWangSamworth2015.Core.Statistics,1,0
YWS2015,YWS-C1-rankone,yws_result_layer,YuWangSamworth2015.DavisKahanTheory.eigenvalues_scalarSamplePopulation_zero,YuWangSamworth2015.Symmetric.Corollary1,0,1
YWS2015,YWS-C1-rankone,yws_result_layer,YuWangSamworth2015.DavisKahanTheory.eigenvalues_scalarSampleSample,YuWangSamworth2015.Symmetric.Corollary1,0,1
YWS2015,YWS-C1-rankone,yws_result_layer,YuWangSamworth2015.DavisKahanTheory.scalarSamplePopulationData,YuWangSamworth2015.Symmetric.Corollary1,1,0
YWS2015,YWS-C1-rankone,yws_result_layer,YuWangSamworth2015.DavisKahanTheory.yuWangSamworth_corollary1_real_le,YuWangSamworth2015.Symmetric.Corollary1,0,1
YWS2015,YWS-C1-rankone,yws_result_layer,YuWangSamworth2015.DavisKahanTheory.yuWangSamworth_corollary1_scalarSample,YuWangSamworth2015.Symmetric.Corollary1,0,1
YWS2015,YWS-C1-rankone,yws_result_layer,YuWangSamworth2015.DavisKahanTheory.yuWangSamworth_corollary1_sinTheta_le,YuWangSamworth2015.Symmetric.Corollary1,0,1
YWS2015,YWS-C1-rankone,spectral_gap_variational,YuWangSamworth2015.OrderedBlockBoundaryGap,YuWangSamworth2015.Core.ConsecutiveBlock,1,0
YWS2015,YWS-C1-rankone,spectral_gap_variational,YuWangSamworth2015.OrderedBlockBoundaryGap.gap_of_singleton,YuWangSamworth2015.Core.ConsecutiveBlock,0,1
YWS2015,YWS-C1-rankone,yws_result_layer,YuWangSamworth2015.yuWangSamworth_eigenvector_frame_le,YuWangSamworth2015.Core.Statistics,0,1
YWS2015,YWS-C1-rankone,yws_result_layer,YuWangSamworth2015.yuWangSamworth_eigenvector_frame_sinTheta_le,YuWangSamworth2015.Core.Statistics,0,1
YWS2015,YWS-C1-rankone,yws_result_layer,YuWangSamworth2015.yuWangSamworth_eigenvector_le,YuWangSamworth2015.Core.Statistics,0,1
YWS2015,YWS-C1-rankone,yws_result_layer,YuWangSamworth2015.yuWangSamworth_eigenvector_real_le,YuWangSamworth2015.Core.Statistics,0,1
YWS2015,YWS-EQ4-double-angle,hilbert_subspace_geometry,YuWangSamworth2015.DavisKahanTheory.yuWangSamworth_equation4,YuWangSamworth2015.Symmetric.AngleIdentity,0,1
YWS2015,YWS-EQ4-double-angle,hilbert_subspace_geometry,YuWangSamworth2015.DavisKahanTheory.yuWangSamworth_equation4_printed_counterexample,YuWangSamworth2015.Symmetric.AngleIdentity,0,1
YWS2015,YWS-LA1-equality,operator_ideals_uinorms,TauCeti.RectangularUnitarilyInvariantSeminorm,ForTauCeti.Analysis.InnerProductSpace.RectangularUnitarilyInvariantSeminorm.Basic,2,0
YWS2015,YWS-LA1-equality,operator_ideals_uinorms,TauCeti.RectangularUnitarilyInvariantSeminorm.frobenius,ForTauCeti.Analysis.InnerProductSpace.RectangularUnitarilyInvariantSeminorm.Instances,1,0
YWS2015,YWS-LA1-equality,operator_ideals_uinorms,TauCeti.RectangularUnitarilyInvariantSeminorm.mk,ForTauCeti.Analysis.InnerProductSpace.RectangularUnitarilyInvariantSeminorm.Basic,2,0
YWS2015,YWS-LA1-equality,operator_ideals_uinorms,TauCeti.RectangularUnitarilyInvariantSeminorm.toFun,ForTauCeti.Analysis.InnerProductSpace.RectangularUnitarilyInvariantSeminorm.Basic,1,0
YWS2015,YWS-LA1-equality,yws_result_layer,YuWangSamworth2015.DavisKahanTheory.yuWangSamworth_lemma5_orthonormalRows,YuWangSamworth2015.Appendix.Lemma5,0,1
YWS2015,YWS-LA1-equality,yws_result_layer,YuWangSamworth2015.DavisKahanTheory.yuWangSamworth_lemma5_rows,YuWangSamworth2015.Appendix.Lemma5,0,1
YWS2015,YWS-LA1-inequality,operator_ideals_uinorms,TauCeti.RectangularUnitarilyInvariantSeminorm,ForTauCeti.Analysis.InnerProductSpace.RectangularUnitarilyInvariantSeminorm.Basic,2,0
YWS2015,YWS-LA1-inequality,operator_ideals_uinorms,TauCeti.RectangularUnitarilyInvariantSeminorm.frobenius,ForTauCeti.Analysis.InnerProductSpace.RectangularUnitarilyInvariantSeminorm.Instances,1,0
YWS2015,YWS-LA1-inequality,operator_ideals_uinorms,TauCeti.RectangularUnitarilyInvariantSeminorm.mk,ForTauCeti.Analysis.InnerProductSpace.RectangularUnitarilyInvariantSeminorm.Basic,2,0
YWS2015,YWS-LA1-inequality,operator_ideals_uinorms,TauCeti.RectangularUnitarilyInvariantSeminorm.toFun,ForTauCeti.Analysis.InnerProductSpace.RectangularUnitarilyInvariantSeminorm.Basic,1,0
YWS2015,YWS-LA1-inequality,yws_result_layer,YuWangSamworth2015.DavisKahanTheory.yuWangSamworth_lemma5_columns,YuWangSamworth2015.Appendix.Lemma5,0,1
YWS2015,YWS-LA1-inequality,yws_result_layer,YuWangSamworth2015.DavisKahanTheory.yuWangSamworth_lemma5_isometricColumns,YuWangSamworth2015.Appendix.Lemma5,0,1
YWS2015,YWS-LA1-inequality,yws_result_layer,YuWangSamworth2015.DavisKahanTheory.yuWangSamworth_lemma5_orthonormalColumns,YuWangSamworth2015.Appendix.Lemma5,0,1
YWS2015,YWS-LA1-inequality,residual_ritz_geometry,YuWangSamworth2015.sum_sq_norm_apply_orthonormal_le,YuWangSamworth2015.Core.Residual,0,1
YWS2015,YWS-S1-complement-identity,operator_ideals_uinorms,TauCeti.UnitarilyInvariantSeminorm,ForTauCeti.Analysis.InnerProductSpace.UnitarilyInvariantSeminorm,3,0
YWS2015,YWS-S1-complement-identity,operator_ideals_uinorms,TauCeti.UnitarilyInvariantSeminorm.frobenius,ForTauCeti.Analysis.InnerProductSpace.UnitarilyInvariantSeminorm,2,0
YWS2015,YWS-S1-complement-identity,operator_ideals_uinorms,TauCeti.UnitarilyInvariantSeminorm.mk,ForTauCeti.Analysis.InnerProductSpace.UnitarilyInvariantSeminorm,3,0
YWS2015,YWS-S1-complement-identity,operator_ideals_uinorms,TauCeti.UnitarilyInvariantSeminorm.toFun,ForTauCeti.Analysis.InnerProductSpace.UnitarilyInvariantSeminorm,2,0
YWS2015,YWS-S1-complement-identity,spectral_gap_variational,TauCeti.complementaryProjection,ForTauCeti.Analysis.InnerProductSpace.Spectral.Subspace,3,0
YWS2015,YWS-S1-complement-identity,spectral_gap_variational,TauCeti.projection,ForTauCeti.Analysis.InnerProductSpace.Spectral.Subspace,3,0
YWS2015,YWS-S1-complement-identity,hilbert_subspace_geometry,TauCeti.sinThetaFrobenius,ForTauCeti.Analysis.InnerProductSpace.SinTheta.Frobenius,1,0
YWS2015,YWS-S1-complement-identity,hilbert_subspace_geometry,TauCeti.sinThetaMap,ForTauCeti.Analysis.InnerProductSpace.AngleGeometry,2,0
YWS2015,YWS-S1-complement-identity,yws_result_layer,YuWangSamworth2015.sinThetaFrobenius_eq_sqrt_sum_cross,YuWangSamworth2015.Core.Statistics,0,1
YWS2015,YWS-S1-principal-angles,operator_ideals_uinorms,TauCeti.UnitarilyInvariantSeminorm,ForTauCeti.Analysis.InnerProductSpace.UnitarilyInvariantSeminorm,2,0
YWS2015,YWS-S1-principal-angles,operator_ideals_uinorms,TauCeti.UnitarilyInvariantSeminorm.frobenius,ForTauCeti.Analysis.InnerProductSpace.UnitarilyInvariantSeminorm,1,0
YWS2015,YWS-S1-principal-angles,operator_ideals_uinorms,TauCeti.UnitarilyInvariantSeminorm.mk,ForTauCeti.Analysis.InnerProductSpace.UnitarilyInvariantSeminorm,2,0
YWS2015,YWS-S1-principal-angles,operator_ideals_uinorms,TauCeti.UnitarilyInvariantSeminorm.toFun,ForTauCeti.Analysis.InnerProductSpace.UnitarilyInvariantSeminorm,1,0
YWS2015,YWS-S1-principal-angles,spectral_gap_variational,TauCeti.complementaryProjection,ForTauCeti.Analysis.InnerProductSpace.Spectral.Subspace,2,0
YWS2015,YWS-S1-principal-angles,hilbert_subspace_geometry,TauCeti.cosPrincipalAngles,ForTauCeti.Analysis.InnerProductSpace.PrincipalAngles,2,0
YWS2015,YWS-S1-principal-angles,singular_subspace_gram_geometry,TauCeti.familyIsometry,ForTauCeti.Analysis.InnerProductSpace.Gram.Matrix,4,0
YWS2015,YWS-S1-principal-angles,singular_subspace_gram_geometry,TauCeti.familyMap,ForTauCeti.Analysis.InnerProductSpace.Gram.Matrix,5,0
YWS2015,YWS-S1-principal-angles,singular_subspace_gram_geometry,TauCeti.familyMap_inner_map_map,ForTauCeti.Analysis.InnerProductSpace.Gram.Matrix,5,0
YWS2015,YWS-S1-principal-angles,hilbert_subspace_geometry,TauCeti.overlapOp,ForTauCeti.Analysis.InnerProductSpace.AlignedBasis,3,0
YWS2015,YWS-S1-principal-angles,spectral_gap_variational,TauCeti.projection,ForTauCeti.Analysis.InnerProductSpace.Spectral.Subspace,2,0
YWS2015,YWS-S1-principal-angles,hilbert_subspace_geometry,TauCeti.sinThetaFrobenius,ForTauCeti.Analysis.InnerProductSpace.SinTheta.Frobenius,0,1
YWS2015,YWS-S1-principal-angles,hilbert_subspace_geometry,TauCeti.sinThetaMap,ForTauCeti.Analysis.InnerProductSpace.AngleGeometry,1,0
YWS2015,YWS-S1-principal-angles,hilbert_subspace_geometry,TauCeti.sinThetaSq,ForTauCeti.Analysis.InnerProductSpace.PrincipalAngles,1,0
YWS2015,YWS-S1-principal-angles,yws_result_layer,YuWangSamworth2015.sinThetaFrobenius_eq_sqrt_sum_cross,YuWangSamworth2015.Core.Statistics,0,1
YWS2015,YWS-S1-principal-angles,yws_result_layer,YuWangSamworth2015.sinThetaSq_eq_sinThetaFrobenius_sq_of_spans,YuWangSamworth2015.Core.Statistics,0,1
YWS2015,YWS-S1-procrustes,operator_ideals_uinorms,TauCeti.UnitarilyInvariantSeminorm,ForTauCeti.Analysis.InnerProductSpace.UnitarilyInvariantSeminorm,3,0
YWS2015,YWS-S1-procrustes,operator_ideals_uinorms,TauCeti.UnitarilyInvariantSeminorm.frobenius,ForTauCeti.Analysis.InnerProductSpace.UnitarilyInvariantSeminorm,2,0
YWS2015,YWS-S1-procrustes,operator_ideals_uinorms,TauCeti.UnitarilyInvariantSeminorm.mk,ForTauCeti.Analysis.InnerProductSpace.UnitarilyInvariantSeminorm,3,0
YWS2015,YWS-S1-procrustes,operator_ideals_uinorms,TauCeti.UnitarilyInvariantSeminorm.toFun,ForTauCeti.Analysis.InnerProductSpace.UnitarilyInvariantSeminorm,2,0
YWS2015,YWS-S1-procrustes,direct_rotation_two_projection,TauCeti.choosePolarUnitary,ForTauCeti.Analysis.InnerProductSpace.Polar.Decomposition,1,0
YWS2015,YWS-S1-procrustes,spectral_gap_variational,TauCeti.complementaryProjection,ForTauCeti.Analysis.InnerProductSpace.Spectral.Subspace,3,0
YWS2015,YWS-S1-procrustes,hilbert_subspace_geometry,TauCeti.cosPrincipalAngles,ForTauCeti.Analysis.InnerProductSpace.PrincipalAngles,2,0
YWS2015,YWS-S1-procrustes,singular_subspace_gram_geometry,TauCeti.familyIsometry,ForTauCeti.Analysis.InnerProductSpace.Gram.Matrix,1,0
YWS2015,YWS-S1-procrustes,singular_subspace_gram_geometry,TauCeti.familyMap,ForTauCeti.Analysis.InnerProductSpace.Gram.Matrix,2,0
YWS2015,YWS-S1-procrustes,singular_subspace_gram_geometry,TauCeti.familyMap_inner_map_map,ForTauCeti.Analysis.InnerProductSpace.Gram.Matrix,2,0
YWS2015,YWS-S1-procrustes,hilbert_subspace_geometry,TauCeti.overlapOp,ForTauCeti.Analysis.InnerProductSpace.AlignedBasis,1,0
YWS2015,YWS-S1-procrustes,spectral_gap_variational,TauCeti.projection,ForTauCeti.Analysis.InnerProductSpace.Spectral.Subspace,3,0
YWS2015,YWS-S1-procrustes,hilbert_subspace_geometry,TauCeti.sinThetaFrobenius,ForTauCeti.Analysis.InnerProductSpace.SinTheta.Frobenius,1,0
YWS2015,YWS-S1-procrustes,hilbert_subspace_geometry,TauCeti.sinThetaMap,ForTauCeti.Analysis.InnerProductSpace.AngleGeometry,2,0
YWS2015,YWS-S1-procrustes,hilbert_subspace_geometry,TauCeti.sinThetaSq,ForTauCeti.Analysis.InnerProductSpace.PrincipalAngles,1,0
YWS2015,YWS-S1-procrustes,hilbert_subspace_geometry,TauCeti.sum_sq_norm_aligned_le,ForTauCeti.Analysis.InnerProductSpace.AlignedBasis,0,1
YWS2015,YWS-S1-procrustes,hilbert_subspace_geometry,TauCeti.sum_sq_norm_aligned_le_sinThetaSq,ForTauCeti.Analysis.InnerProductSpace.PrincipalAngles,0,1
YWS2015,YWS-S1-procrustes,singular_subspace_gram_geometry,YuWangSamworth2015.adjoint_comp_self_eq_id,YuWangSamworth2015.Core.Procrustes,0,1
YWS2015,YWS-S1-procrustes,yws_result_layer,YuWangSamworth2015.exists_aligned_orthonormalBasis,YuWangSamworth2015.Core.Statistics,0,1
YWS2015,YWS-S1-procrustes,singular_subspace_gram_geometry,YuWangSamworth2015.exists_unitary_sum_sq_norm_frameComp_sub_le,YuWangSamworth2015.Core.Procrustes,0,1
YWS2015,YWS-S1-procrustes,singular_subspace_gram_geometry,YuWangSamworth2015.frameAlignMatrix,YuWangSamworth2015.Core.Procrustes,0,1
YWS2015,YWS-S1-procrustes,singular_subspace_gram_geometry,YuWangSamworth2015.frameAlignMatrix_mem_orthogonalGroup,YuWangSamworth2015.Core.Procrustes,0,1
YWS2015,YWS-S1-procrustes,singular_subspace_gram_geometry,YuWangSamworth2015.frameComp,YuWangSamworth2015.Core.Procrustes,0,1
YWS2015,YWS-S1-procrustes,singular_subspace_gram_geometry,YuWangSamworth2015.frameComp_apply,YuWangSamworth2015.Core.Procrustes,0,1
YWS2015,YWS-S1-procrustes,singular_subspace_gram_geometry,YuWangSamworth2015.frameComp_eq_sum_frameAlignMatrix,YuWangSamworth2015.Core.Procrustes,0,1
YWS2015,YWS-S1-procrustes,singular_subspace_gram_geometry,YuWangSamworth2015.orthonormal_frameComp,YuWangSamworth2015.Core.Procrustes,0,1
YWS2015,YWS-S1-procrustes,singular_subspace_gram_geometry,YuWangSamworth2015.span_range_frameComp,YuWangSamworth2015.Core.Procrustes,0,1
YWS2015,YWS-S1-toy-example,spectral_gap_variational,TauCeti.InternalGap,ForTauCeti.Analysis.InnerProductSpace.Spectral.Gap,1,0
YWS2015,YWS-S1-toy-example,spectral_gap_variational,TauCeti.SpectraSeparated,ForTauCeti.Analysis.InnerProductSpace.Spectral.Gap,2,0
YWS2015,YWS-S1-toy-example,spectral_gap_variational,TauCeti.basisDiagonal,ForTauCeti.Analysis.InnerProductSpace.BasisDiagonal,2,0
YWS2015,YWS-S1-toy-example,spectral_gap_variational,TauCeti.restrictedSpectrum,ForTauCeti.Analysis.InnerProductSpace.Spectral.Subspace,3,0
YWS2015,YWS-S1-toy-example,spectral_gap_variational,YuWangSamworth2015.DavisKahanTheory.internalGap_section1,YuWangSamworth2015.Symmetric.MixedGap,0,1
YWS2015,YWS-S1-toy-example,spectral_gap_variational,YuWangSamworth2015.DavisKahanTheory.mixedSeparation,YuWangSamworth2015.Symmetric.MixedGap,0,1
YWS2015,YWS-S1-toy-example,spectral_gap_variational,YuWangSamworth2015.DavisKahanTheory.mixedSeparationSet,YuWangSamworth2015.Symmetric.MixedGap,0,1
YWS2015,YWS-S1-toy-example,spectral_gap_variational,YuWangSamworth2015.DavisKahanTheory.mixedSeparation_eq_zero_of_le,YuWangSamworth2015.Symmetric.MixedGap,0,1
YWS2015,YWS-S1-toy-example,spectral_gap_variational,YuWangSamworth2015.DavisKahanTheory.opNorm_section1_perturbation,YuWangSamworth2015.Symmetric.MixedGap,0,1
YWS2015,YWS-S1-toy-example,spectral_gap_variational,YuWangSamworth2015.DavisKahanTheory.section1Population,YuWangSamworth2015.Symmetric.MixedGap,1,0
YWS2015,YWS-S1-toy-example,spectral_gap_variational,YuWangSamworth2015.DavisKahanTheory.section1PopulationData,YuWangSamworth2015.Symmetric.MixedGap,0,1
YWS2015,YWS-S1-toy-example,spectral_gap_variational,YuWangSamworth2015.DavisKahanTheory.section1Sample,YuWangSamworth2015.Symmetric.MixedGap,1,0
YWS2015,YWS-S1-toy-example,spectral_gap_variational,YuWangSamworth2015.DavisKahanTheory.section1SampleData,YuWangSamworth2015.Symmetric.MixedGap,0,1
YWS2015,YWS-S1-toy-example,spectral_gap_variational,YuWangSamworth2015.DavisKahanTheory.section1_mixedSeparation_eq_zero,YuWangSamworth2015.Symmetric.MixedGap,0,1
YWS2015,YWS-S1-toy-example,spectral_gap_variational,YuWangSamworth2015.DavisKahanTheory.section1_populationGap,YuWangSamworth2015.Symmetric.MixedGap,0,1
YWS2015,YWS-S2-sharpness-orthogonal,hilbert_subspace_geometry,LinearMap.IsSymmetric.eigenvalues_level_eq_Ico,ForTauCeti.Analysis.InnerProductSpace.EigenblockSpan,0,1
YWS2015,YWS-S2-sharpness-orthogonal,hilbert_subspace_geometry,LinearMap.IsSymmetric.spanIndices_Ico_eq_eigenspace,ForTauCeti.Analysis.InnerProductSpace.EigenblockSpan,0,1
YWS2015,YWS-S2-sharpness-orthogonal,hilbert_subspace_geometry,OrthonormalBasis.spanIndices,ForTauCeti.Analysis.InnerProductSpace.BasisSpan,1,0
YWS2015,YWS-S2-sharpness-orthogonal,spectral_gap_variational,TauCeti.InternalGap,ForTauCeti.Analysis.InnerProductSpace.Spectral.Gap,1,0
YWS2015,YWS-S2-sharpness-orthogonal,spectral_gap_variational,TauCeti.SpectraSeparated,ForTauCeti.Analysis.InnerProductSpace.Spectral.Gap,2,0
YWS2015,YWS-S2-sharpness-orthogonal,operator_ideals_uinorms,TauCeti.UnitarilyInvariantSeminorm,ForTauCeti.Analysis.InnerProductSpace.UnitarilyInvariantSeminorm,3,0
YWS2015,YWS-S2-sharpness-orthogonal,operator_ideals_uinorms,TauCeti.UnitarilyInvariantSeminorm.frobenius,ForTauCeti.Analysis.InnerProductSpace.UnitarilyInvariantSeminorm,2,0
YWS2015,YWS-S2-sharpness-orthogonal,operator_ideals_uinorms,TauCeti.UnitarilyInvariantSeminorm.mk,ForTauCeti.Analysis.InnerProductSpace.UnitarilyInvariantSeminorm,3,0
YWS2015,YWS-S2-sharpness-orthogonal,operator_ideals_uinorms,TauCeti.UnitarilyInvariantSeminorm.toFun,ForTauCeti.Analysis.InnerProductSpace.UnitarilyInvariantSeminorm,2,0
YWS2015,YWS-S2-sharpness-orthogonal,spectral_gap_variational,TauCeti.basisDiagonal,ForTauCeti.Analysis.InnerProductSpace.BasisDiagonal,1,0
YWS2015,YWS-S2-sharpness-orthogonal,spectral_gap_variational,TauCeti.card_filter_lt_eigenvalues_basisDiagonal,ForTauCeti.Analysis.InnerProductSpace.BasisDiagonal,0,1
YWS2015,YWS-S2-sharpness-orthogonal,spectral_gap_variational,TauCeti.complementaryProjection,ForTauCeti.Analysis.InnerProductSpace.Spectral.Subspace,3,0
YWS2015,YWS-S2-sharpness-orthogonal,spectral_gap_variational,TauCeti.eigenvalues_basisDiagonal_eq_of_card,ForTauCeti.Analysis.InnerProductSpace.BasisDiagonal,0,1
YWS2015,YWS-S2-sharpness-orthogonal,spectral_gap_variational,TauCeti.isSymmetric_basisDiagonal,ForTauCeti.Analysis.InnerProductSpace.BasisDiagonal,1,0
YWS2015,YWS-S2-sharpness-orthogonal,spectral_gap_variational,TauCeti.projection,ForTauCeti.Analysis.InnerProductSpace.Spectral.Subspace,3,0
YWS2015,YWS-S2-sharpness-orthogonal,spectral_gap_variational,TauCeti.restrictedSpectrum,ForTauCeti.Analysis.InnerProductSpace.Spectral.Subspace,3,0
YWS2015,YWS-S2-sharpness-orthogonal,hilbert_subspace_geometry,TauCeti.sinThetaFrobenius,ForTauCeti.Analysis.InnerProductSpace.SinTheta.Frobenius,1,0
YWS2015,YWS-S2-sharpness-orthogonal,hilbert_subspace_geometry,TauCeti.sinThetaMap,ForTauCeti.Analysis.InnerProductSpace.AngleGeometry,2,0
YWS2015,YWS-S2-sharpness-orthogonal,yws_result_layer,YuWangSamworth2015.CorrespondingEigenblock,YuWangSamworth2015.Core.Statistics,1,0
YWS2015,YWS-S2-sharpness-orthogonal,yws_result_layer,YuWangSamworth2015.DavisKahanTheory.card_middleSharpnessSample_level_three,YuWangSamworth2015.Symmetric.MiddleBlockSharpness,0,1
YWS2015,YWS-S2-sharpness-orthogonal,yws_result_layer,YuWangSamworth2015.DavisKahanTheory.correspondingEigenblock_middleSharpness,YuWangSamworth2015.Symmetric.MiddleBlockSharpness,0,1
YWS2015,YWS-S2-sharpness-orthogonal,yws_result_layer,YuWangSamworth2015.DavisKahanTheory.correspondingEigenblock_orthogonalSharpness,YuWangSamworth2015.Symmetric.OrthogonalSharpness,0,1
YWS2015,YWS-S2-sharpness-orthogonal,yws_result_layer,YuWangSamworth2015.DavisKahanTheory.dist_middleSharpness_aligned,YuWangSamworth2015.Symmetric.MiddleBlockSharpness,0,1
YWS2015,YWS-S2-sharpness-orthogonal,yws_result_layer,YuWangSamworth2015.DavisKahanTheory.dist_orthogonalSharpness_aligned,YuWangSamworth2015.Symmetric.OrthogonalSharpness,0,1
YWS2015,YWS-S2-sharpness-orthogonal,yws_result_layer,YuWangSamworth2015.DavisKahanTheory.internalGap_middleSharpness,YuWangSamworth2015.Symmetric.MiddleBlockSharpness,0,1
YWS2015,YWS-S2-sharpness-orthogonal,yws_result_layer,YuWangSamworth2015.DavisKahanTheory.internalGap_orthogonalSharpness,YuWangSamworth2015.Symmetric.OrthogonalSharpness,0,1
YWS2015,YWS-S2-sharpness-orthogonal,yws_result_layer,YuWangSamworth2015.DavisKahanTheory.middleSharpnessPopulation,YuWangSamworth2015.Symmetric.MiddleBlockSharpness,1,0
YWS2015,YWS-S2-sharpness-orthogonal,yws_result_layer,YuWangSamworth2015.DavisKahanTheory.middleSharpnessPopulationData,YuWangSamworth2015.Symmetric.MiddleBlockSharpness,1,0
YWS2015,YWS-S2-sharpness-orthogonal,yws_result_layer,YuWangSamworth2015.DavisKahanTheory.middleSharpnessSample,YuWangSamworth2015.Symmetric.MiddleBlockSharpness,1,0
YWS2015,YWS-S2-sharpness-orthogonal,yws_result_layer,YuWangSamworth2015.DavisKahanTheory.middleSharpnessSampleData,YuWangSamworth2015.Symmetric.MiddleBlockSharpness,1,0
YWS2015,YWS-S2-sharpness-orthogonal,yws_result_layer,YuWangSamworth2015.DavisKahanTheory.opNorm_middleSharpness_perturbation,YuWangSamworth2015.Symmetric.MiddleBlockSharpness,0,1
YWS2015,YWS-S2-sharpness-orthogonal,yws_result_layer,YuWangSamworth2015.DavisKahanTheory.opNorm_orthogonalSharpness_perturbation,YuWangSamworth2015.Symmetric.OrthogonalSharpness,0,1
YWS2015,YWS-S2-sharpness-orthogonal,yws_result_layer,YuWangSamworth2015.DavisKahanTheory.orthogonalSharpnessPopulation,YuWangSamworth2015.Symmetric.OrthogonalSharpness,1,0
YWS2015,YWS-S2-sharpness-orthogonal,yws_result_layer,YuWangSamworth2015.DavisKahanTheory.orthogonalSharpnessPopulationData,YuWangSamworth2015.Symmetric.OrthogonalSharpness,1,0
YWS2015,YWS-S2-sharpness-orthogonal,yws_result_layer,YuWangSamworth2015.DavisKahanTheory.orthogonalSharpnessSample,YuWangSamworth2015.Symmetric.OrthogonalSharpness,1,0
YWS2015,YWS-S2-sharpness-orthogonal,yws_result_layer,YuWangSamworth2015.DavisKahanTheory.orthogonalSharpnessSampleData,YuWangSamworth2015.Symmetric.OrthogonalSharpness,1,0
YWS2015,YWS-S2-sharpness-orthogonal,yws_result_layer,YuWangSamworth2015.DavisKahanTheory.orthogonal_middleSharpness,YuWangSamworth2015.Symmetric.MiddleBlockSharpness,0,1
YWS2015,YWS-S2-sharpness-orthogonal,yws_result_layer,YuWangSamworth2015.DavisKahanTheory.orthogonal_orthogonalSharpness,YuWangSamworth2015.Symmetric.OrthogonalSharpness,0,1
YWS2015,YWS-S2-sharpness-orthogonal,yws_result_layer,YuWangSamworth2015.DavisKahanTheory.sinThetaFrobenius_middleSharpness,YuWangSamworth2015.Symmetric.MiddleBlockSharpness,0,1
YWS2015,YWS-S2-sharpness-orthogonal,yws_result_layer,YuWangSamworth2015.DavisKahanTheory.sinThetaFrobenius_orthogonalSharpness,YuWangSamworth2015.Symmetric.OrthogonalSharpness,0,1
YWS2015,YWS-S2-sharpness-orthogonal,yws_result_layer,YuWangSamworth2015.DavisKahanTheory.yuWangSamworth_sharpness_middleBlock,YuWangSamworth2015.Symmetric.MiddleBlockSharpness,0,1
YWS2015,YWS-S2-sharpness-orthogonal,yws_result_layer,YuWangSamworth2015.DavisKahanTheory.yuWangSamworth_sharpness_orthogonalBlocks,YuWangSamworth2015.Symmetric.OrthogonalSharpness,0,1
YWS2015,YWS-S2-sharpness-orthogonal,spectral_gap_variational,YuWangSamworth2015.correspondingEigenblock_basisDiagonal_level,YuWangSamworth2015.Core.TopEigenblock,0,1
YWS2015,YWS-S2-sharpness-orthogonal,spectral_gap_variational,YuWangSamworth2015.correspondingEigenblock_eigenvalueLevel,YuWangSamworth2015.Core.TopEigenblock,0,1
YWS2015,YWS-S2-sharpness-orthogonal,yws_result_layer,YuWangSamworth2015.sinThetaFrobenius_spanIndices_of_subset_compl,YuWangSamworth2015.Core.Statistics,0,1
YWS2015,YWS-S2-sharpness-orthogonal,yws_result_layer,YuWangSamworth2015.sum_sq_norm_sub_eq_of_le_orthogonal,YuWangSamworth2015.Core.Statistics,0,1
YWS2015,YWS-S2-sharpness-planar,hilbert_subspace_geometry,OrthonormalBasis.spanIndices,ForTauCeti.Analysis.InnerProductSpace.BasisSpan,2,0
YWS2015,YWS-S2-sharpness-planar,spectral_gap_variational,TauCeti.InternalGap,ForTauCeti.Analysis.InnerProductSpace.Spectral.Gap,1,0
YWS2015,YWS-S2-sharpness-planar,spectral_gap_variational,TauCeti.SpectraSeparated,ForTauCeti.Analysis.InnerProductSpace.Spectral.Gap,2,0
YWS2015,YWS-S2-sharpness-planar,operator_ideals_uinorms,TauCeti.UnitarilyInvariantSeminorm,ForTauCeti.Analysis.InnerProductSpace.UnitarilyInvariantSeminorm,3,0
YWS2015,YWS-S2-sharpness-planar,operator_ideals_uinorms,TauCeti.UnitarilyInvariantSeminorm.frobenius,ForTauCeti.Analysis.InnerProductSpace.UnitarilyInvariantSeminorm,2,0
YWS2015,YWS-S2-sharpness-planar,operator_ideals_uinorms,TauCeti.UnitarilyInvariantSeminorm.mk,ForTauCeti.Analysis.InnerProductSpace.UnitarilyInvariantSeminorm,3,0
YWS2015,YWS-S2-sharpness-planar,operator_ideals_uinorms,TauCeti.UnitarilyInvariantSeminorm.toFun,ForTauCeti.Analysis.InnerProductSpace.UnitarilyInvariantSeminorm,2,0
YWS2015,YWS-S2-sharpness-planar,spectral_gap_variational,TauCeti.complementaryProjection,ForTauCeti.Analysis.InnerProductSpace.Spectral.Subspace,3,0
YWS2015,YWS-S2-sharpness-planar,spectral_gap_variational,TauCeti.isSymmetric_twoLevelOperator,ForTauCeti.Analysis.InnerProductSpace.TwoLevelOperator,1,0
YWS2015,YWS-S2-sharpness-planar,spectral_gap_variational,TauCeti.projection,ForTauCeti.Analysis.InnerProductSpace.Spectral.Subspace,1,0
YWS2015,YWS-S2-sharpness-planar,spectral_gap_variational,TauCeti.restrictedSpectrum,ForTauCeti.Analysis.InnerProductSpace.Spectral.Subspace,3,0
YWS2015,YWS-S2-sharpness-planar,hilbert_subspace_geometry,TauCeti.sinThetaFrobenius,ForTauCeti.Analysis.InnerProductSpace.SinTheta.Frobenius,1,0
YWS2015,YWS-S2-sharpness-planar,hilbert_subspace_geometry,TauCeti.sinThetaMap,ForTauCeti.Analysis.InnerProductSpace.AngleGeometry,2,0
YWS2015,YWS-S2-sharpness-planar,spectral_gap_variational,TauCeti.twoLevelOperator,ForTauCeti.Analysis.InnerProductSpace.TwoLevelOperator,1,0
YWS2015,YWS-S2-sharpness-planar,yws_result_layer,YuWangSamworth2015.CorrespondingEigenblock,YuWangSamworth2015.Core.Statistics,1,0
YWS2015,YWS-S2-sharpness-planar,yws_result_layer,YuWangSamworth2015.DavisKahanTheory.correspondingEigenblock_planarSharpness,YuWangSamworth2015.Symmetric.PlanarSharpness,0,1
YWS2015,YWS-S2-sharpness-planar,yws_result_layer,YuWangSamworth2015.DavisKahanTheory.internalGap_planarSharpness,YuWangSamworth2015.Symmetric.PlanarSharpness,0,1
YWS2015,YWS-S2-sharpness-planar,yws_result_layer,YuWangSamworth2015.DavisKahanTheory.norm_projection_orthogonal_span_singleton,YuWangSamworth2015.Symmetric.PlanarSharpness,0,1
YWS2015,YWS-S2-sharpness-planar,yws_result_layer,YuWangSamworth2015.DavisKahanTheory.norm_sub_sq_planarSharpness,YuWangSamworth2015.Symmetric.PlanarSharpness,0,1
YWS2015,YWS-S2-sharpness-planar,yws_result_layer,YuWangSamworth2015.DavisKahanTheory.opNorm_planarSharpness_perturbation,YuWangSamworth2015.Symmetric.PlanarSharpness,0,1
YWS2015,YWS-S2-sharpness-planar,yws_result_layer,YuWangSamworth2015.DavisKahanTheory.sinThetaFrobenius_planarSharpness,YuWangSamworth2015.Symmetric.PlanarSharpness,0,1
YWS2015,YWS-S2-sharpness-planar,yws_result_layer,YuWangSamworth2015.DavisKahanTheory.yuWangSamworth_sharpness_planarRotation,YuWangSamworth2015.Symmetric.PlanarSharpness,0,1
YWS2015,YWS-S3-applications,spectral_gap_variational,TauCeti.basisDiagonal,ForTauCeti.Analysis.InnerProductSpace.BasisDiagonal,2,0
YWS2015,YWS-S3-applications,spectral_gap_variational,YuWangSamworth2015.DavisKahanTheory.section1Population,YuWangSamworth2015.Symmetric.MixedGap,1,0
YWS2015,YWS-S3-applications,spectral_gap_variational,YuWangSamworth2015.DavisKahanTheory.section1PopulationData,YuWangSamworth2015.Symmetric.MixedGap,1,0
YWS2015,YWS-S3-applications,spectral_gap_variational,YuWangSamworth2015.DavisKahanTheory.section1Sample,YuWangSamworth2015.Symmetric.MixedGap,1,0
YWS2015,YWS-S3-applications,spectral_gap_variational,YuWangSamworth2015.DavisKahanTheory.section1SampleData,YuWangSamworth2015.Symmetric.MixedGap,1,0
YWS2015,YWS-S3-applications,spectral_gap_variational,YuWangSamworth2015.DavisKahanTheory.section1_no_sample_eigenvalue_in_block,YuWangSamworth2015.Symmetric.MixedGap,0,1
YWS2015,YWS-S3-applications,spectral_gap_variational,YuWangSamworth2015.DavisKahanTheory.section1_weylRecovery_fails,YuWangSamworth2015.Symmetric.MixedGap,0,1
YWS2015,YWS-S3-applications,spectral_gap_variational,YuWangSamworth2015.DavisKahanTheory.yuWangSamworth_weylRecovered_le_populationGap_bound,YuWangSamworth2015.Symmetric.MixedGap,0,1
YWS2015,YWS-S3-applications,yws_result_layer,YuWangSamworth2015.mixedGap_of_populationGap_weyl,YuWangSamworth2015.Core.Statistics,0,1
YWS2015,YWS-T1-baseline,spectral_gap_variational,TauCeti.IntervalExteriorGap,ForTauCeti.Analysis.InnerProductSpace.Spectral.Gap,1,0
YWS2015,YWS-T1-baseline,spectral_gap_variational,TauCeti.IsInvariant,ForTauCeti.Analysis.InnerProductSpace.Spectral.Subspace,1,0
YWS2015,YWS-T1-baseline,spectral_gap_variational,TauCeti.SpectrumIn,ForTauCeti.Analysis.InnerProductSpace.Spectral.Subspace,2,0
YWS2015,YWS-T1-baseline,operator_ideals_uinorms,TauCeti.UnitarilyInvariantSeminorm,ForTauCeti.Analysis.InnerProductSpace.UnitarilyInvariantSeminorm,1,0
YWS2015,YWS-T1-baseline,operator_ideals_uinorms,TauCeti.UnitarilyInvariantSeminorm.frobenius,ForTauCeti.Analysis.InnerProductSpace.UnitarilyInvariantSeminorm,1,0
YWS2015,YWS-T1-baseline,operator_ideals_uinorms,TauCeti.UnitarilyInvariantSeminorm.mk,ForTauCeti.Analysis.InnerProductSpace.UnitarilyInvariantSeminorm,2,0
YWS2015,YWS-T1-baseline,operator_ideals_uinorms,TauCeti.UnitarilyInvariantSeminorm.toFun,ForTauCeti.Analysis.InnerProductSpace.UnitarilyInvariantSeminorm,1,0
YWS2015,YWS-T1-baseline,spectral_gap_variational,TauCeti.complementaryProjection,ForTauCeti.Analysis.InnerProductSpace.Spectral.Subspace,2,0
YWS2015,YWS-T1-baseline,spectral_gap_variational,TauCeti.projection,ForTauCeti.Analysis.InnerProductSpace.Spectral.Subspace,2,0
YWS2015,YWS-T1-baseline,spectral_gap_variational,TauCeti.restrictedSpectrum,ForTauCeti.Analysis.InnerProductSpace.Spectral.Subspace,3,0
YWS2015,YWS-T1-baseline,hilbert_subspace_geometry,TauCeti.sinThetaFrobenius,ForTauCeti.Analysis.InnerProductSpace.SinTheta.Frobenius,1,0
YWS2015,YWS-T1-baseline,hilbert_subspace_geometry,TauCeti.sinThetaMap,ForTauCeti.Analysis.InnerProductSpace.AngleGeometry,1,0
YWS2015,YWS-T1-baseline,yws_result_layer,YuWangSamworth2015.DavisKahanTheory.yuWangSamworth_theorem1_frobenius_le,YuWangSamworth2015.Symmetric.Theorem1,0,1
YWS2015,YWS-T1-baseline,yws_result_layer,YuWangSamworth2015.DavisKahanTheory.yuWangSamworth_theorem1_opNorm_le,YuWangSamworth2015.Symmetric.Theorem1,0,1
YWS2015,YWS-T1-baseline,yws_result_layer,YuWangSamworth2015.DavisKahanTheory.yuWangSamworth_theorem1_uiNorm_le,YuWangSamworth2015.Symmetric.Theorem1,0,1
YWS2015,YWS-T1-eq1,hilbert_subspace_geometry,OrthonormalBasis.spanIndices,ForTauCeti.Analysis.InnerProductSpace.BasisSpan,2,0
YWS2015,YWS-T1-eq1,spectral_gap_variational,TauCeti.InternalGap,ForTauCeti.Analysis.InnerProductSpace.Spectral.Gap,1,0
YWS2015,YWS-T1-eq1,spectral_gap_variational,TauCeti.SpectraSeparated,ForTauCeti.Analysis.InnerProductSpace.Spectral.Gap,2,0
YWS2015,YWS-T1-eq1,operator_ideals_uinorms,TauCeti.UnitarilyInvariantSeminorm,ForTauCeti.Analysis.InnerProductSpace.UnitarilyInvariantSeminorm,2,0
YWS2015,YWS-T1-eq1,operator_ideals_uinorms,TauCeti.UnitarilyInvariantSeminorm.frobenius,ForTauCeti.Analysis.InnerProductSpace.UnitarilyInvariantSeminorm,1,0
YWS2015,YWS-T1-eq1,operator_ideals_uinorms,TauCeti.UnitarilyInvariantSeminorm.mk,ForTauCeti.Analysis.InnerProductSpace.UnitarilyInvariantSeminorm,2,0
YWS2015,YWS-T1-eq1,operator_ideals_uinorms,TauCeti.UnitarilyInvariantSeminorm.toFun,ForTauCeti.Analysis.InnerProductSpace.UnitarilyInvariantSeminorm,1,0
YWS2015,YWS-T1-eq1,spectral_gap_variational,TauCeti.complementaryProjection,ForTauCeti.Analysis.InnerProductSpace.Spectral.Subspace,3,0
YWS2015,YWS-T1-eq1,spectral_gap_variational,TauCeti.projection,ForTauCeti.Analysis.InnerProductSpace.Spectral.Subspace,3,0
YWS2015,YWS-T1-eq1,spectral_gap_variational,TauCeti.restrictedSpectrum,ForTauCeti.Analysis.InnerProductSpace.Spectral.Subspace,3,0
YWS2015,YWS-T1-eq1,hilbert_subspace_geometry,TauCeti.sinThetaFrobenius,ForTauCeti.Analysis.InnerProductSpace.SinTheta.Frobenius,1,0
YWS2015,YWS-T1-eq1,hilbert_subspace_geometry,TauCeti.sinThetaMap,ForTauCeti.Analysis.InnerProductSpace.AngleGeometry,2,0
YWS2015,YWS-T1-eq1,spectral_gap_variational,TauCeti.spectralSubspace,ForTauCeti.Analysis.InnerProductSpace.Spectral.Subspace,1,0
YWS2015,YWS-T1-eq1,yws_result_layer,YuWangSamworth2015.CorrespondingEigenblock,YuWangSamworth2015.Core.Statistics,1,0
YWS2015,YWS-T1-eq1,yws_result_layer,YuWangSamworth2015.yuWangSamworth_intervalBlock_le,YuWangSamworth2015.Core.Statistics,0,1
YWS2015,YWS-T2-alignedBasis,hilbert_subspace_geometry,OrthonormalBasis.spanIndices,ForTauCeti.Analysis.InnerProductSpace.BasisSpan,2,0
YWS2015,YWS-T2-alignedBasis,spectral_gap_variational,TauCeti.InternalGap,ForTauCeti.Analysis.InnerProductSpace.Spectral.Gap,1,0
YWS2015,YWS-T2-alignedBasis,spectral_gap_variational,TauCeti.IsEigenFamily,ForTauCeti.Analysis.InnerProductSpace.Spectral.EigenFrame,2,0
YWS2015,YWS-T2-alignedBasis,spectral_gap_variational,TauCeti.IsInvariant,ForTauCeti.Analysis.InnerProductSpace.Spectral.Subspace,1,0
YWS2015,YWS-T2-alignedBasis,spectral_gap_variational,TauCeti.IsOrderedEigenframe,ForTauCeti.Analysis.InnerProductSpace.Spectral.EigenFrame,1,0
YWS2015,YWS-T2-alignedBasis,spectral_gap_variational,TauCeti.IsOrderedEigenframe.orthonormal,ForTauCeti.Analysis.InnerProductSpace.Spectral.EigenFrame,1,0
YWS2015,YWS-T2-alignedBasis,spectral_gap_variational,TauCeti.SpectraSeparated,ForTauCeti.Analysis.InnerProductSpace.Spectral.Gap,2,0
YWS2015,YWS-T2-alignedBasis,operator_ideals_uinorms,TauCeti.UnitarilyInvariantSeminorm,ForTauCeti.Analysis.InnerProductSpace.UnitarilyInvariantSeminorm,2,0
YWS2015,YWS-T2-alignedBasis,operator_ideals_uinorms,TauCeti.UnitarilyInvariantSeminorm.frobenius,ForTauCeti.Analysis.InnerProductSpace.UnitarilyInvariantSeminorm,1,0
YWS2015,YWS-T2-alignedBasis,operator_ideals_uinorms,TauCeti.UnitarilyInvariantSeminorm.mk,ForTauCeti.Analysis.InnerProductSpace.UnitarilyInvariantSeminorm,2,0
YWS2015,YWS-T2-alignedBasis,operator_ideals_uinorms,TauCeti.UnitarilyInvariantSeminorm.toFun,ForTauCeti.Analysis.InnerProductSpace.UnitarilyInvariantSeminorm,1,0
YWS2015,YWS-T2-alignedBasis,spectral_gap_variational,TauCeti.complementaryProjection,ForTauCeti.Analysis.InnerProductSpace.Spectral.Subspace,3,0
YWS2015,YWS-T2-alignedBasis,singular_subspace_gram_geometry,TauCeti.familyIsometry,ForTauCeti.Analysis.InnerProductSpace.Gram.Matrix,1,0
YWS2015,YWS-T2-alignedBasis,singular_subspace_gram_geometry,TauCeti.familyMap,ForTauCeti.Analysis.InnerProductSpace.Gram.Matrix,2,0
YWS2015,YWS-T2-alignedBasis,singular_subspace_gram_geometry,TauCeti.familyMap_inner_map_map,ForTauCeti.Analysis.InnerProductSpace.Gram.Matrix,2,0
YWS2015,YWS-T2-alignedBasis,spectral_gap_variational,TauCeti.projection,ForTauCeti.Analysis.InnerProductSpace.Spectral.Subspace,3,0
YWS2015,YWS-T2-alignedBasis,spectral_gap_variational,TauCeti.restrictedSpectrum,ForTauCeti.Analysis.InnerProductSpace.Spectral.Subspace,3,0
YWS2015,YWS-T2-alignedBasis,hilbert_subspace_geometry,TauCeti.sinThetaFrobenius,ForTauCeti.Analysis.InnerProductSpace.SinTheta.Frobenius,1,0
YWS2015,YWS-T2-alignedBasis,hilbert_subspace_geometry,TauCeti.sinThetaMap,ForTauCeti.Analysis.InnerProductSpace.AngleGeometry,2,0
YWS2015,YWS-T2-alignedBasis,yws_result_layer,YuWangSamworth2015.CorrespondingEigenblock,YuWangSamworth2015.Core.Statistics,1,0
YWS2015,YWS-T2-alignedBasis,yws_result_layer,YuWangSamworth2015.IsEigenvectorBlock,YuWangSamworth2015.Symmetric.Theorem2,0,1
YWS2015,YWS-T2-alignedBasis,spectral_gap_variational,YuWangSamworth2015.OrderedBlockBoundaryGap,YuWangSamworth2015.Core.ConsecutiveBlock,1,0
YWS2015,YWS-T2-alignedBasis,yws_result_layer,YuWangSamworth2015.PopulationBoundaryGap,YuWangSamworth2015.Symmetric.Theorem2,0,1
YWS2015,YWS-T2-alignedBasis,yws_result_layer,YuWangSamworth2015.SourcePopulationGap,YuWangSamworth2015.Symmetric.Theorem2,0,1
YWS2015,YWS-T2-alignedBasis,yws_result_layer,YuWangSamworth2015.SourcePopulationGap.toPopulationBoundaryGap,YuWangSamworth2015.Symmetric.Theorem2,0,1
YWS2015,YWS-T2-alignedBasis,spectral_gap_variational,YuWangSamworth2015.consecutiveEmb,YuWangSamworth2015.Core.ConsecutiveBlock,1,0
YWS2015,YWS-T2-alignedBasis,yws_result_layer,YuWangSamworth2015.exists_aligned_orthonormalBasis,YuWangSamworth2015.Core.Statistics,0,1
YWS2015,YWS-T2-alignedBasis,singular_subspace_gram_geometry,YuWangSamworth2015.exists_unitary_sum_sq_norm_frameComp_sub_le,YuWangSamworth2015.Core.Procrustes,0,1
YWS2015,YWS-T2-alignedBasis,singular_subspace_gram_geometry,YuWangSamworth2015.frameAlignMatrix,YuWangSamworth2015.Core.Procrustes,1,0
YWS2015,YWS-T2-alignedBasis,singular_subspace_gram_geometry,YuWangSamworth2015.frameAlignMatrix_mem_orthogonalGroup,YuWangSamworth2015.Core.Procrustes,0,1
YWS2015,YWS-T2-alignedBasis,singular_subspace_gram_geometry,YuWangSamworth2015.frameComp,YuWangSamworth2015.Core.Procrustes,0,1
YWS2015,YWS-T2-alignedBasis,yws_result_layer,YuWangSamworth2015.frobeniusNorm,YuWangSamworth2015.Symmetric.Theorem2,0,1
YWS2015,YWS-T2-alignedBasis,yws_result_layer,YuWangSamworth2015.isEigenvectorBlock_iff,YuWangSamworth2015.Symmetric.Theorem2,0,1
YWS2015,YWS-T2-alignedBasis,yws_result_layer,YuWangSamworth2015.populationBoundaryGap_iff,YuWangSamworth2015.Symmetric.Theorem2,0,1
YWS2015,YWS-T2-alignedBasis,yws_result_layer,YuWangSamworth2015.sourcePopulationGap_iff,YuWangSamworth2015.Symmetric.Theorem2,0,1
YWS2015,YWS-T2-alignedBasis,yws_result_layer,YuWangSamworth2015.theorem2_alignedFrame,YuWangSamworth2015.Symmetric.Theorem2,0,1
YWS2015,YWS-T2-alignedBasis,yws_result_layer,YuWangSamworth2015.yuWangSamworth_alignedBasis_frame_le,YuWangSamworth2015.Core.Statistics,0,1
YWS2015,YWS-T2-alignedBasis,yws_result_layer,YuWangSamworth2015.yuWangSamworth_alignedBasis_le,YuWangSamworth2015.Core.Statistics,0,1
YWS2015,YWS-T2-alignedBasis,yws_result_layer,YuWangSamworth2015.yuWangSamworth_alignedFrame_block_le,YuWangSamworth2015.Symmetric.Theorem2,0,1
YWS2015,YWS-T2-alignedBasis,yws_result_layer,YuWangSamworth2015.yuWangSamworth_alignedFrame_block_real_le,YuWangSamworth2015.Symmetric.Theorem2,0,1
YWS2015,YWS-T2-alignedBasis,singular_subspace_gram_geometry,YuWangSamworth2015.yuWangSamworth_alignedFrame_le,YuWangSamworth2015.Core.Procrustes,0,1
YWS2015,YWS-T2-alignedBasis,singular_subspace_gram_geometry,YuWangSamworth2015.yuWangSamworth_alignedFrame_real_le,YuWangSamworth2015.Core.Procrustes,0,1
YWS2015,YWS-T2-opnorm-numerator,spectral_gap_variational,TauCeti.IsEigenFamily,ForTauCeti.Analysis.InnerProductSpace.Spectral.EigenFrame,2,0
YWS2015,YWS-T2-opnorm-numerator,spectral_gap_variational,TauCeti.IsOrderedEigenframe,ForTauCeti.Analysis.InnerProductSpace.Spectral.EigenFrame,1,0
YWS2015,YWS-T2-opnorm-numerator,residual_ritz_geometry,YuWangSamworth2015.residualColumn,YuWangSamworth2015.Core.Residual,1,0
YWS2015,YWS-T2-opnorm-numerator,residual_ritz_geometry,YuWangSamworth2015.sq_gap_mul_sum_cross_le_of_population_gap_opNorm,YuWangSamworth2015.Core.Residual,0,1
YWS2015,YWS-T2-opnorm-numerator,residual_ritz_geometry,YuWangSamworth2015.sum_sq_norm_apply_orthonormal_le,YuWangSamworth2015.Core.Residual,0,1
YWS2015,YWS-T2-opnorm-numerator,residual_ritz_geometry,YuWangSamworth2015.sum_sq_norm_frameResidual_le_of_opNorm,YuWangSamworth2015.Core.Residual,0,1
YWS2015,YWS-T2-opnorm-numerator,residual_ritz_geometry,YuWangSamworth2015.sum_sq_norm_residualColumn_le,YuWangSamworth2015.Core.Residual,0,1
YWS2015,YWS-T2-opnorm-numerator,residual_ritz_geometry,YuWangSamworth2015.sum_sq_norm_residualColumn_le_of_opNorm,YuWangSamworth2015.Core.Residual,0,1
YWS2015,YWS-T2-residual,spectral_gap_variational,TauCeti.IsEigenFamily,ForTauCeti.Analysis.InnerProductSpace.Spectral.EigenFrame,2,0
YWS2015,YWS-T2-residual,spectral_gap_variational,TauCeti.IsOrderedEigenframe,ForTauCeti.Analysis.InnerProductSpace.Spectral.EigenFrame,1,0
YWS2015,YWS-T2-residual,spectral_gap_variational,TauCeti.IsOrderedEigenframe.orthonormal,ForTauCeti.Analysis.InnerProductSpace.Spectral.EigenFrame,1,0
YWS2015,YWS-T2-residual,operator_ideals_uinorms,TauCeti.UnitarilyInvariantSeminorm,ForTauCeti.Analysis.InnerProductSpace.UnitarilyInvariantSeminorm,3,0
YWS2015,YWS-T2-residual,operator_ideals_uinorms,TauCeti.UnitarilyInvariantSeminorm.frobenius,ForTauCeti.Analysis.InnerProductSpace.UnitarilyInvariantSeminorm,2,0
YWS2015,YWS-T2-residual,operator_ideals_uinorms,TauCeti.UnitarilyInvariantSeminorm.mk,ForTauCeti.Analysis.InnerProductSpace.UnitarilyInvariantSeminorm,3,0
YWS2015,YWS-T2-residual,operator_ideals_uinorms,TauCeti.UnitarilyInvariantSeminorm.toFun,ForTauCeti.Analysis.InnerProductSpace.UnitarilyInvariantSeminorm,2,0
YWS2015,YWS-T2-residual,spectral_gap_variational,TauCeti.complementaryProjection,ForTauCeti.Analysis.InnerProductSpace.Spectral.Subspace,3,0
YWS2015,YWS-T2-residual,singular_subspace_gram_geometry,TauCeti.familyIsometry,ForTauCeti.Analysis.InnerProductSpace.Gram.Matrix,2,0
YWS2015,YWS-T2-residual,singular_subspace_gram_geometry,TauCeti.familyMap,ForTauCeti.Analysis.InnerProductSpace.Gram.Matrix,3,0
YWS2015,YWS-T2-residual,singular_subspace_gram_geometry,TauCeti.familyMap_inner_map_map,ForTauCeti.Analysis.InnerProductSpace.Gram.Matrix,3,0
YWS2015,YWS-T2-residual,spectral_gap_variational,TauCeti.projection,ForTauCeti.Analysis.InnerProductSpace.Spectral.Subspace,3,0
YWS2015,YWS-T2-residual,hilbert_subspace_geometry,TauCeti.sinThetaFrobenius,ForTauCeti.Analysis.InnerProductSpace.SinTheta.Frobenius,1,0
YWS2015,YWS-T2-residual,hilbert_subspace_geometry,TauCeti.sinThetaMap,ForTauCeti.Analysis.InnerProductSpace.AngleGeometry,2,0
YWS2015,YWS-T2-residual,spectral_gap_variational,YuWangSamworth2015.OrderedBlockBoundaryGap,YuWangSamworth2015.Core.ConsecutiveBlock,1,0
YWS2015,YWS-T2-residual,spectral_gap_variational,YuWangSamworth2015.consecutiveEmb,YuWangSamworth2015.Core.ConsecutiveBlock,1,0
YWS2015,YWS-T2-residual,singular_subspace_gram_geometry,YuWangSamworth2015.frameComp,YuWangSamworth2015.Core.Procrustes,1,0
YWS2015,YWS-T2-residual,residual_ritz_geometry,YuWangSamworth2015.frameResidual_eq,YuWangSamworth2015.Core.Residual,0,1
YWS2015,YWS-T2-residual,residual_ritz_geometry,YuWangSamworth2015.residualColumn,YuWangSamworth2015.Core.Residual,0,1
YWS2015,YWS-T2-residual,residual_ritz_geometry,YuWangSamworth2015.residualColumn_eq,YuWangSamworth2015.Core.Residual,0,1
YWS2015,YWS-T2-residual,residual_ritz_geometry,YuWangSamworth2015.sq_gap_mul_sum_cross_le_of_population_gap,YuWangSamworth2015.Core.Residual,0,1
YWS2015,YWS-T2-residual,residual_ritz_geometry,YuWangSamworth2015.sq_gap_mul_sum_cross_le_sum_sq_norm_residualColumn,YuWangSamworth2015.Core.Residual,0,1
YWS2015,YWS-T2-residual,yws_result_layer,YuWangSamworth2015.yuWangSamworth_alignedBasis_le_residual,YuWangSamworth2015.Core.Statistics,0,1
YWS2015,YWS-T2-residual,yws_result_layer,YuWangSamworth2015.yuWangSamworth_alignedFrame_block_le_residual,YuWangSamworth2015.Symmetric.Theorem2,0,1
YWS2015,YWS-T2-residual,singular_subspace_gram_geometry,YuWangSamworth2015.yuWangSamworth_alignedFrame_le_residual,YuWangSamworth2015.Core.Procrustes,0,1
YWS2015,YWS-T2-residual,yws_result_layer,YuWangSamworth2015.yuWangSamworth_sinTheta_block_le_residual,YuWangSamworth2015.Symmetric.Theorem2,0,1
YWS2015,YWS-T2-residual,yws_result_layer,YuWangSamworth2015.yuWangSamworth_sinTheta_le_residual,YuWangSamworth2015.Core.Statistics,0,1
YWS2015,YWS-T2-sinTheta,hilbert_subspace_geometry,OrthonormalBasis.spanIndices,ForTauCeti.Analysis.InnerProductSpace.BasisSpan,1,0
YWS2015,YWS-T2-sinTheta,spectral_gap_variational,TauCeti.InternalGap,ForTauCeti.Analysis.InnerProductSpace.Spectral.Gap,1,0
YWS2015,YWS-T2-sinTheta,spectral_gap_variational,TauCeti.IsEigenFamily,ForTauCeti.Analysis.InnerProductSpace.Spectral.EigenFrame,0,1
YWS2015,YWS-T2-sinTheta,spectral_gap_variational,TauCeti.IsInvariant,ForTauCeti.Analysis.InnerProductSpace.Spectral.Subspace,1,0
YWS2015,YWS-T2-sinTheta,spectral_gap_variational,TauCeti.IsOrderedEigenframe,ForTauCeti.Analysis.InnerProductSpace.Spectral.EigenFrame,0,1
YWS2015,YWS-T2-sinTheta,spectral_gap_variational,TauCeti.IsOrderedEigenframe.internalGap_span,ForTauCeti.Analysis.InnerProductSpace.Spectral.EigenFrame,0,1
YWS2015,YWS-T2-sinTheta,spectral_gap_variational,TauCeti.IsOrderedEigenframe.span_eq_spanIndices,ForTauCeti.Analysis.InnerProductSpace.Spectral.EigenFrame,0,1
YWS2015,YWS-T2-sinTheta,spectral_gap_variational,TauCeti.SpectraSeparated,ForTauCeti.Analysis.InnerProductSpace.Spectral.Gap,2,0
YWS2015,YWS-T2-sinTheta,operator_ideals_uinorms,TauCeti.UnitarilyInvariantSeminorm,ForTauCeti.Analysis.InnerProductSpace.UnitarilyInvariantSeminorm,2,0
YWS2015,YWS-T2-sinTheta,operator_ideals_uinorms,TauCeti.UnitarilyInvariantSeminorm.frobenius,ForTauCeti.Analysis.InnerProductSpace.UnitarilyInvariantSeminorm,1,0
YWS2015,YWS-T2-sinTheta,operator_ideals_uinorms,TauCeti.UnitarilyInvariantSeminorm.mk,ForTauCeti.Analysis.InnerProductSpace.UnitarilyInvariantSeminorm,2,0
YWS2015,YWS-T2-sinTheta,operator_ideals_uinorms,TauCeti.UnitarilyInvariantSeminorm.toFun,ForTauCeti.Analysis.InnerProductSpace.UnitarilyInvariantSeminorm,1,0
YWS2015,YWS-T2-sinTheta,spectral_gap_variational,TauCeti.complementaryProjection,ForTauCeti.Analysis.InnerProductSpace.Spectral.Subspace,2,0
YWS2015,YWS-T2-sinTheta,hilbert_subspace_geometry,TauCeti.principalSines,ForTauCeti.Analysis.InnerProductSpace.AngleGeometry,1,0
YWS2015,YWS-T2-sinTheta,spectral_gap_variational,TauCeti.projection,ForTauCeti.Analysis.InnerProductSpace.Spectral.Subspace,2,0
YWS2015,YWS-T2-sinTheta,spectral_gap_variational,TauCeti.restrictedSpectrum,ForTauCeti.Analysis.InnerProductSpace.Spectral.Subspace,1,0
YWS2015,YWS-T2-sinTheta,hilbert_subspace_geometry,TauCeti.sinThetaFrobenius,ForTauCeti.Analysis.InnerProductSpace.SinTheta.Frobenius,1,0
YWS2015,YWS-T2-sinTheta,hilbert_subspace_geometry,TauCeti.sinThetaMap,ForTauCeti.Analysis.InnerProductSpace.AngleGeometry,1,0
YWS2015,YWS-T2-sinTheta,hilbert_subspace_geometry,TauCeti.singularValues_sinThetaMap,ForTauCeti.Analysis.InnerProductSpace.AngleGeometry,0,1
YWS2015,YWS-T2-sinTheta,spectral_gap_variational,TauCeti.sq_gap_mul_sum_sq_norm_starProjection_orthogonal_le,ForTauCeti.Analysis.InnerProductSpace.Spectral.ResidualGap,0,1
YWS2015,YWS-T2-sinTheta,yws_result_layer,YuWangSamworth2015.CorrespondingEigenblock,YuWangSamworth2015.Core.Statistics,1,0
YWS2015,YWS-T2-sinTheta,yws_result_layer,YuWangSamworth2015.IsEigenvectorBlock,YuWangSamworth2015.Symmetric.Theorem2,0,1
YWS2015,YWS-T2-sinTheta,spectral_gap_variational,YuWangSamworth2015.OrderedBlockBoundaryGap,YuWangSamworth2015.Core.ConsecutiveBlock,0,1
YWS2015,YWS-T2-sinTheta,spectral_gap_variational,YuWangSamworth2015.OrderedBlockBoundaryGap.indexGap,YuWangSamworth2015.Core.ConsecutiveBlock,0,1
YWS2015,YWS-T2-sinTheta,yws_result_layer,YuWangSamworth2015.PopulationBoundaryGap,YuWangSamworth2015.Symmetric.Theorem2,0,1
YWS2015,YWS-T2-sinTheta,yws_result_layer,YuWangSamworth2015.SourcePopulationGap,YuWangSamworth2015.Symmetric.Theorem2,0,1
YWS2015,YWS-T2-sinTheta,yws_result_layer,YuWangSamworth2015.SourcePopulationGap.toPopulationBoundaryGap,YuWangSamworth2015.Symmetric.Theorem2,0,1
YWS2015,YWS-T2-sinTheta,spectral_gap_variational,YuWangSamworth2015.consecutiveEmb,YuWangSamworth2015.Core.ConsecutiveBlock,0,1
YWS2015,YWS-T2-sinTheta,yws_result_layer,YuWangSamworth2015.frobeniusNorm,YuWangSamworth2015.Symmetric.Theorem2,0,1
YWS2015,YWS-T2-sinTheta,yws_result_layer,YuWangSamworth2015.isEigenvectorBlock_iff,YuWangSamworth2015.Symmetric.Theorem2,0,1
YWS2015,YWS-T2-sinTheta,spectral_gap_variational,YuWangSamworth2015.mem_range_consecutiveEmb,YuWangSamworth2015.Core.ConsecutiveBlock,0,1
YWS2015,YWS-T2-sinTheta,spectral_gap_variational,YuWangSamworth2015.orderedBlockBoundaryGap_iff,YuWangSamworth2015.Core.ConsecutiveBlock,0,1
YWS2015,YWS-T2-sinTheta,yws_result_layer,YuWangSamworth2015.populationBoundaryGap_iff,YuWangSamworth2015.Symmetric.Theorem2,0,1
YWS2015,YWS-T2-sinTheta,yws_result_layer,YuWangSamworth2015.sourcePopulationGap_iff,YuWangSamworth2015.Symmetric.Theorem2,0,1
YWS2015,YWS-T2-sinTheta,residual_ritz_geometry,YuWangSamworth2015.sqrt_sum_cross_le_of_population_gap,YuWangSamworth2015.Core.Residual,0,1
YWS2015,YWS-T2-sinTheta,residual_ritz_geometry,YuWangSamworth2015.sum_sq_norm_frameResidual_le,YuWangSamworth2015.Core.Residual,0,1
YWS2015,YWS-T2-sinTheta,residual_ritz_geometry,YuWangSamworth2015.sum_sq_norm_frameResidual_le_of_opNorm,YuWangSamworth2015.Core.Residual,0,1
YWS2015,YWS-T2-sinTheta,yws_result_layer,YuWangSamworth2015.theorem2_sinTheta,YuWangSamworth2015.Symmetric.Theorem2,0,1
YWS2015,YWS-T2-sinTheta,yws_result_layer,YuWangSamworth2015.yuWangSamworth_sinTheta_block_le,YuWangSamworth2015.Symmetric.Theorem2,0,1
YWS2015,YWS-T2-sinTheta,yws_result_layer,YuWangSamworth2015.yuWangSamworth_sinTheta_frame_le,YuWangSamworth2015.Core.Statistics,0,1
YWS2015,YWS-T2-sinTheta,yws_result_layer,YuWangSamworth2015.yuWangSamworth_sinTheta_le,YuWangSamworth2015.Core.Statistics,0,1
YWS2015,YWS-T3-aligned,hilbert_subspace_geometry,OrthonormalBasis.spanIndices,ForTauCeti.Analysis.InnerProductSpace.BasisSpan,3,0
YWS2015,YWS-T3-aligned,spectral_gap_variational,TauCeti.InternalGap,ForTauCeti.Analysis.InnerProductSpace.Spectral.Gap,2,0
YWS2015,YWS-T3-aligned,spectral_gap_variational,TauCeti.IsEigenFamily,ForTauCeti.Analysis.InnerProductSpace.Spectral.EigenFrame,3,0
YWS2015,YWS-T3-aligned,spectral_gap_variational,TauCeti.IsOrderedEigenframe,ForTauCeti.Analysis.InnerProductSpace.Spectral.EigenFrame,2,0
YWS2015,YWS-T3-aligned,operator_ideals_uinorms,TauCeti.RectangularUnitarilyInvariantSeminorm,ForTauCeti.Analysis.InnerProductSpace.RectangularUnitarilyInvariantSeminorm.Basic,2,0
YWS2015,YWS-T3-aligned,operator_ideals_uinorms,TauCeti.RectangularUnitarilyInvariantSeminorm.frobenius,ForTauCeti.Analysis.InnerProductSpace.RectangularUnitarilyInvariantSeminorm.Instances,1,0
YWS2015,YWS-T3-aligned,operator_ideals_uinorms,TauCeti.RectangularUnitarilyInvariantSeminorm.mk,ForTauCeti.Analysis.InnerProductSpace.RectangularUnitarilyInvariantSeminorm.Basic,2,0
YWS2015,YWS-T3-aligned,operator_ideals_uinorms,TauCeti.RectangularUnitarilyInvariantSeminorm.toFun,ForTauCeti.Analysis.InnerProductSpace.RectangularUnitarilyInvariantSeminorm.Basic,1,0
YWS2015,YWS-T3-aligned,spectral_gap_variational,TauCeti.SpectraSeparated,ForTauCeti.Analysis.InnerProductSpace.Spectral.Gap,3,0
YWS2015,YWS-T3-aligned,singular_subspace_gram_geometry,TauCeti.isSymmetric_leftGram,ForTauCeti.Analysis.InnerProductSpace.Gram.Operator,1,0
YWS2015,YWS-T3-aligned,singular_subspace_gram_geometry,TauCeti.isSymmetric_rightGram,ForTauCeti.Analysis.InnerProductSpace.Gram.Operator,1,0
YWS2015,YWS-T3-aligned,singular_subspace_gram_geometry,TauCeti.leftGram,ForTauCeti.Analysis.InnerProductSpace.Gram.Operator,1,0
YWS2015,YWS-T3-aligned,spectral_gap_variational,TauCeti.restrictedSpectrum,ForTauCeti.Analysis.InnerProductSpace.Spectral.Subspace,4,0
YWS2015,YWS-T3-aligned,singular_subspace_gram_geometry,TauCeti.rightGram,ForTauCeti.Analysis.InnerProductSpace.Gram.Operator,1,0
YWS2015,YWS-T3-aligned,yws_result_layer,YuWangSamworth2015.CorrespondingEigenblock,YuWangSamworth2015.Core.Statistics,2,0
YWS2015,YWS-T3-aligned,yws_result_layer,YuWangSamworth2015.DavisKahanTheory.CorrespondingLeftSingularBlock,YuWangSamworth2015.Rectangular.Theorem4,1,0
YWS2015,YWS-T3-aligned,yws_result_layer,YuWangSamworth2015.DavisKahanTheory.CorrespondingRightSingularBlock,YuWangSamworth2015.Rectangular.Theorem4,1,0
YWS2015,YWS-T3-aligned,yws_result_layer,YuWangSamworth2015.DavisKahanTheory.IsOrderedLeftSingularFrame,YuWangSamworth2015.Rectangular.Theorem4,1,0
YWS2015,YWS-T3-aligned,yws_result_layer,YuWangSamworth2015.DavisKahanTheory.IsOrderedRightSingularFrame,YuWangSamworth2015.Rectangular.Theorem4,1,0
YWS2015,YWS-T3-aligned,yws_result_layer,YuWangSamworth2015.DavisKahanTheory.LeftSingularInternalGap,YuWangSamworth2015.Rectangular.Theorem4,1,0
YWS2015,YWS-T3-aligned,yws_result_layer,YuWangSamworth2015.DavisKahanTheory.RightSingularInternalGap,YuWangSamworth2015.Rectangular.Theorem4,1,0
YWS2015,YWS-T3-aligned,singular_subspace_gram_geometry,YuWangSamworth2015.DavisKahanTheory.yuWangSamworth_leftSingularAlignedBasis_block_le,YuWangSamworth2015.Rectangular.SingularBlock,0,1
YWS2015,YWS-T3-aligned,yws_result_layer,YuWangSamworth2015.DavisKahanTheory.yuWangSamworth_leftSingularAlignedBasis_frame_le,YuWangSamworth2015.Rectangular.Theorem4,0,1
YWS2015,YWS-T3-aligned,yws_result_layer,YuWangSamworth2015.DavisKahanTheory.yuWangSamworth_leftSingularAlignedBasis_le,YuWangSamworth2015.Rectangular.Theorem4,0,1
YWS2015,YWS-T3-aligned,singular_subspace_gram_geometry,YuWangSamworth2015.DavisKahanTheory.yuWangSamworth_rightSingularAlignedBasis_block_le,YuWangSamworth2015.Rectangular.SingularBlock,0,1
YWS2015,YWS-T3-aligned,yws_result_layer,YuWangSamworth2015.DavisKahanTheory.yuWangSamworth_rightSingularAlignedBasis_frame_le,YuWangSamworth2015.Rectangular.Theorem4,0,1
YWS2015,YWS-T3-aligned,yws_result_layer,YuWangSamworth2015.DavisKahanTheory.yuWangSamworth_rightSingularAlignedBasis_le,YuWangSamworth2015.Rectangular.Theorem4,0,1
YWS2015,YWS-T3-aligned,spectral_gap_variational,YuWangSamworth2015.consecutiveEmb,YuWangSamworth2015.Core.ConsecutiveBlock,1,0
YWS2015,YWS-T3-left,hilbert_subspace_geometry,OrthonormalBasis.spanIndices,ForTauCeti.Analysis.InnerProductSpace.BasisSpan,2,0
YWS2015,YWS-T3-left,spectral_gap_variational,TauCeti.InternalGap,ForTauCeti.Analysis.InnerProductSpace.Spectral.Gap,1,0
YWS2015,YWS-T3-left,spectral_gap_variational,TauCeti.IntervalExteriorGap,ForTauCeti.Analysis.InnerProductSpace.Spectral.Gap,1,0
YWS2015,YWS-T3-left,spectral_gap_variational,TauCeti.IsEigenFamily,ForTauCeti.Analysis.InnerProductSpace.Spectral.EigenFrame,2,0
YWS2015,YWS-T3-left,spectral_gap_variational,TauCeti.IsOrderedEigenframe,ForTauCeti.Analysis.InnerProductSpace.Spectral.EigenFrame,1,0
YWS2015,YWS-T3-left,operator_ideals_uinorms,TauCeti.RectangularUnitarilyInvariantSeminorm,ForTauCeti.Analysis.InnerProductSpace.RectangularUnitarilyInvariantSeminorm.Basic,2,0
YWS2015,YWS-T3-left,operator_ideals_uinorms,TauCeti.RectangularUnitarilyInvariantSeminorm.frobenius,ForTauCeti.Analysis.InnerProductSpace.RectangularUnitarilyInvariantSeminorm.Instances,1,0
YWS2015,YWS-T3-left,operator_ideals_uinorms,TauCeti.RectangularUnitarilyInvariantSeminorm.mk,ForTauCeti.Analysis.InnerProductSpace.RectangularUnitarilyInvariantSeminorm.Basic,2,0
YWS2015,YWS-T3-left,operator_ideals_uinorms,TauCeti.RectangularUnitarilyInvariantSeminorm.toFun,ForTauCeti.Analysis.InnerProductSpace.RectangularUnitarilyInvariantSeminorm.Basic,1,0
YWS2015,YWS-T3-left,spectral_gap_variational,TauCeti.SpectraSeparated,ForTauCeti.Analysis.InnerProductSpace.Spectral.Gap,2,0
YWS2015,YWS-T3-left,spectral_gap_variational,TauCeti.SpectrumIn,ForTauCeti.Analysis.InnerProductSpace.Spectral.Subspace,2,0
YWS2015,YWS-T3-left,operator_ideals_uinorms,TauCeti.UnitarilyInvariantSeminorm,ForTauCeti.Analysis.InnerProductSpace.UnitarilyInvariantSeminorm,3,0
YWS2015,YWS-T3-left,operator_ideals_uinorms,TauCeti.UnitarilyInvariantSeminorm.frobenius,ForTauCeti.Analysis.InnerProductSpace.UnitarilyInvariantSeminorm,2,0
YWS2015,YWS-T3-left,operator_ideals_uinorms,TauCeti.UnitarilyInvariantSeminorm.mk,ForTauCeti.Analysis.InnerProductSpace.UnitarilyInvariantSeminorm,3,0
YWS2015,YWS-T3-left,operator_ideals_uinorms,TauCeti.UnitarilyInvariantSeminorm.toFun,ForTauCeti.Analysis.InnerProductSpace.UnitarilyInvariantSeminorm,2,0
YWS2015,YWS-T3-left,spectral_gap_variational,TauCeti.complementaryProjection,ForTauCeti.Analysis.InnerProductSpace.Spectral.Subspace,2,0
YWS2015,YWS-T3-left,singular_subspace_gram_geometry,TauCeti.isSymmetric_leftGram,ForTauCeti.Analysis.InnerProductSpace.Gram.Operator,1,0
YWS2015,YWS-T3-left,singular_subspace_gram_geometry,TauCeti.leftGram,ForTauCeti.Analysis.InnerProductSpace.Gram.Operator,1,0
YWS2015,YWS-T3-left,spectral_gap_variational,TauCeti.projection,ForTauCeti.Analysis.InnerProductSpace.Spectral.Subspace,2,0
YWS2015,YWS-T3-left,spectral_gap_variational,TauCeti.restrictedSpectrum,ForTauCeti.Analysis.InnerProductSpace.Spectral.Subspace,3,0
YWS2015,YWS-T3-left,hilbert_subspace_geometry,TauCeti.sinThetaFrobenius,ForTauCeti.Analysis.InnerProductSpace.SinTheta.Frobenius,1,0
YWS2015,YWS-T3-left,hilbert_subspace_geometry,TauCeti.sinThetaMap,ForTauCeti.Analysis.InnerProductSpace.AngleGeometry,1,0
YWS2015,YWS-T3-left,spectral_gap_variational,TauCeti.spectralSubspace,ForTauCeti.Analysis.InnerProductSpace.Spectral.Subspace,1,0
YWS2015,YWS-T3-left,yws_result_layer,YuWangSamworth2015.CorrespondingEigenblock,YuWangSamworth2015.Core.Statistics,1,0
YWS2015,YWS-T3-left,yws_result_layer,YuWangSamworth2015.DavisKahanTheory.CorrespondingLeftSingularBlock,YuWangSamworth2015.Rectangular.Theorem4,0,1
YWS2015,YWS-T3-left,yws_result_layer,YuWangSamworth2015.DavisKahanTheory.IsOrderedLeftSingularFrame,YuWangSamworth2015.Rectangular.Theorem4,0,1
YWS2015,YWS-T3-left,yws_result_layer,YuWangSamworth2015.DavisKahanTheory.LeftSingularInternalGap,YuWangSamworth2015.Rectangular.Theorem4,0,1
YWS2015,YWS-T3-left,singular_subspace_gram_geometry,YuWangSamworth2015.DavisKahanTheory.orderedBlockBoundaryGap_leftGram,YuWangSamworth2015.Rectangular.SingularBlock,0,1
YWS2015,YWS-T3-left,singular_subspace_gram_geometry,YuWangSamworth2015.DavisKahanTheory.sq_singularValues_eq_eigenvalues_leftGram,YuWangSamworth2015.Rectangular.SingularBlock,0,1
YWS2015,YWS-T3-left,singular_subspace_gram_geometry,YuWangSamworth2015.DavisKahanTheory.yuWangSamworth_leftSingularSubspace_block_le,YuWangSamworth2015.Rectangular.SingularBlock,0,1
YWS2015,YWS-T3-left,yws_result_layer,YuWangSamworth2015.DavisKahanTheory.yuWangSamworth_leftSingularSubspace_frame_le,YuWangSamworth2015.Rectangular.Theorem4,0,1
YWS2015,YWS-T3-left,yws_result_layer,YuWangSamworth2015.DavisKahanTheory.yuWangSamworth_leftSingularSubspace_le,YuWangSamworth2015.Rectangular.Theorem4,0,1
YWS2015,YWS-T3-left,yws_result_layer,YuWangSamworth2015.DavisKahanTheory.yuWangSamworth_leftSingularSubspace_opNormCoefficient_le,YuWangSamworth2015.Rectangular.Theorem4,0,1
YWS2015,YWS-T3-left,spectral_gap_variational,YuWangSamworth2015.OrderedBlockBoundaryGap,YuWangSamworth2015.Core.ConsecutiveBlock,1,0
YWS2015,YWS-T3-left,spectral_gap_variational,YuWangSamworth2015.consecutiveEmb,YuWangSamworth2015.Core.ConsecutiveBlock,1,0
YWS2015,YWS-T3-left,singular_subspace_gram_geometry,YuWangSamworth2015.leftSingularSubspace,YuWangSamworth2015.Core.SingularSubspace,0,1
YWS2015,YWS-T3-left,singular_subspace_gram_geometry,YuWangSamworth2015.leftSingularSubspace_sinTheta_le,YuWangSamworth2015.Core.SingularSubspace,0,1
YWS2015,YWS-T3-rankBoundary,operator_ideals_uinorms,TauCeti.RectangularUnitarilyInvariantSeminorm,ForTauCeti.Analysis.InnerProductSpace.RectangularUnitarilyInvariantSeminorm.Basic,2,0
YWS2015,YWS-T3-rankBoundary,operator_ideals_uinorms,TauCeti.RectangularUnitarilyInvariantSeminorm.frobenius,ForTauCeti.Analysis.InnerProductSpace.RectangularUnitarilyInvariantSeminorm.Instances,1,0
YWS2015,YWS-T3-rankBoundary,operator_ideals_uinorms,TauCeti.RectangularUnitarilyInvariantSeminorm.mk,ForTauCeti.Analysis.InnerProductSpace.RectangularUnitarilyInvariantSeminorm.Basic,2,0
YWS2015,YWS-T3-rankBoundary,operator_ideals_uinorms,TauCeti.RectangularUnitarilyInvariantSeminorm.toFun,ForTauCeti.Analysis.InnerProductSpace.RectangularUnitarilyInvariantSeminorm.Basic,1,0
YWS2015,YWS-T3-rankBoundary,operator_ideals_uinorms,TauCeti.UnitarilyInvariantSeminorm,ForTauCeti.Analysis.InnerProductSpace.UnitarilyInvariantSeminorm,3,0
YWS2015,YWS-T3-rankBoundary,operator_ideals_uinorms,TauCeti.UnitarilyInvariantSeminorm.frobenius,ForTauCeti.Analysis.InnerProductSpace.UnitarilyInvariantSeminorm,2,0
YWS2015,YWS-T3-rankBoundary,operator_ideals_uinorms,TauCeti.UnitarilyInvariantSeminorm.mk,ForTauCeti.Analysis.InnerProductSpace.UnitarilyInvariantSeminorm,3,0
YWS2015,YWS-T3-rankBoundary,operator_ideals_uinorms,TauCeti.UnitarilyInvariantSeminorm.toFun,ForTauCeti.Analysis.InnerProductSpace.UnitarilyInvariantSeminorm,2,0
YWS2015,YWS-T3-rankBoundary,spectral_gap_variational,TauCeti.complementaryProjection,ForTauCeti.Analysis.InnerProductSpace.Spectral.Subspace,3,0
YWS2015,YWS-T3-rankBoundary,spectral_gap_variational,TauCeti.projection,ForTauCeti.Analysis.InnerProductSpace.Spectral.Subspace,1,0
YWS2015,YWS-T3-rankBoundary,singular_subspace_gram_geometry,TauCeti.rightGram,ForTauCeti.Analysis.InnerProductSpace.Gram.Operator,1,0
YWS2015,YWS-T3-rankBoundary,hilbert_subspace_geometry,TauCeti.sinThetaFrobenius,ForTauCeti.Analysis.InnerProductSpace.SinTheta.Frobenius,1,0
YWS2015,YWS-T3-rankBoundary,hilbert_subspace_geometry,TauCeti.sinThetaMap,ForTauCeti.Analysis.InnerProductSpace.AngleGeometry,2,0
YWS2015,YWS-T3-rankBoundary,singular_subspace_gram_geometry,YuWangSamworth2015.DavisKahanTheory.range_projection,YuWangSamworth2015.Rectangular.RankBoundary,0,1
YWS2015,YWS-T3-rankBoundary,singular_subspace_gram_geometry,YuWangSamworth2015.DavisKahanTheory.rightGram_projection,YuWangSamworth2015.Rectangular.RankBoundary,0,1
YWS2015,YWS-T3-rankBoundary,singular_subspace_gram_geometry,YuWangSamworth2015.DavisKahanTheory.sinThetaFrobenius_orthogonal_lines,YuWangSamworth2015.Rectangular.RankBoundary,0,1
YWS2015,YWS-T3-rankBoundary,singular_subspace_gram_geometry,YuWangSamworth2015.DavisKahanTheory.yuWangSamworth_theorem3_printed_rankBoundary_refutation,YuWangSamworth2015.Rectangular.RankBoundary,0,1
YWS2015,YWS-T3-rankBoundary,singular_subspace_gram_geometry,YuWangSamworth2015.DavisKahanTheory.yuWangSamworth_theorem3_printed_rankBoundary_refutation_euclidean,YuWangSamworth2015.Rectangular.RankBoundary,0,1
YWS2015,YWS-T3-rankone,hilbert_subspace_geometry,OrthonormalBasis.spanIndices,ForTauCeti.Analysis.InnerProductSpace.BasisSpan,3,0
YWS2015,YWS-T3-rankone,singular_subspace_gram_geometry,TauCeti.isSymmetric_leftGram,ForTauCeti.Analysis.InnerProductSpace.Gram.Operator,2,0
YWS2015,YWS-T3-rankone,singular_subspace_gram_geometry,TauCeti.isSymmetric_rightGram,ForTauCeti.Analysis.InnerProductSpace.Gram.Operator,2,0
YWS2015,YWS-T3-rankone,singular_subspace_gram_geometry,TauCeti.leftGram,ForTauCeti.Analysis.InnerProductSpace.Gram.Operator,1,0
YWS2015,YWS-T3-rankone,spectral_gap_variational,TauCeti.restrictedSpectrum,ForTauCeti.Analysis.InnerProductSpace.Spectral.Subspace,1,0
YWS2015,YWS-T3-rankone,singular_subspace_gram_geometry,TauCeti.rightGram,ForTauCeti.Analysis.InnerProductSpace.Gram.Operator,1,0
YWS2015,YWS-T3-rankone,yws_result_layer,YuWangSamworth2015.CorrespondingEigenblock,YuWangSamworth2015.Core.Statistics,2,0
YWS2015,YWS-T3-rankone,yws_result_layer,YuWangSamworth2015.DavisKahanTheory.CorrespondingLeftSingularBlock,YuWangSamworth2015.Rectangular.Theorem4,1,0
YWS2015,YWS-T3-rankone,yws_result_layer,YuWangSamworth2015.DavisKahanTheory.CorrespondingRightSingularBlock,YuWangSamworth2015.Rectangular.Theorem4,1,0
YWS2015,YWS-T3-rankone,singular_subspace_gram_geometry,YuWangSamworth2015.DavisKahanTheory.yuWangSamworth_leftSingularVector_le,YuWangSamworth2015.Rectangular.RankOne,0,1
YWS2015,YWS-T3-rankone,singular_subspace_gram_geometry,YuWangSamworth2015.DavisKahanTheory.yuWangSamworth_leftSingularVector_opNormCoefficient_le,YuWangSamworth2015.Rectangular.RankOne,0,1
YWS2015,YWS-T3-rankone,singular_subspace_gram_geometry,YuWangSamworth2015.DavisKahanTheory.yuWangSamworth_rightSingularVector_le,YuWangSamworth2015.Rectangular.RankOne,0,1
YWS2015,YWS-T3-rankone,singular_subspace_gram_geometry,YuWangSamworth2015.DavisKahanTheory.yuWangSamworth_rightSingularVector_opNormCoefficient_le,YuWangSamworth2015.Rectangular.RankOne,0,1
YWS2015,YWS-T3-right,hilbert_subspace_geometry,OrthonormalBasis.spanIndices,ForTauCeti.Analysis.InnerProductSpace.BasisSpan,2,0
YWS2015,YWS-T3-right,spectral_gap_variational,TauCeti.InternalGap,ForTauCeti.Analysis.InnerProductSpace.Spectral.Gap,1,0
YWS2015,YWS-T3-right,spectral_gap_variational,TauCeti.IntervalExteriorGap,ForTauCeti.Analysis.InnerProductSpace.Spectral.Gap,1,0
YWS2015,YWS-T3-right,spectral_gap_variational,TauCeti.IsEigenFamily,ForTauCeti.Analysis.InnerProductSpace.Spectral.EigenFrame,2,0
YWS2015,YWS-T3-right,spectral_gap_variational,TauCeti.IsOrderedEigenframe,ForTauCeti.Analysis.InnerProductSpace.Spectral.EigenFrame,1,0
YWS2015,YWS-T3-right,operator_ideals_uinorms,TauCeti.RectangularUnitarilyInvariantSeminorm,ForTauCeti.Analysis.InnerProductSpace.RectangularUnitarilyInvariantSeminorm.Basic,2,0
YWS2015,YWS-T3-right,operator_ideals_uinorms,TauCeti.RectangularUnitarilyInvariantSeminorm.frobenius,ForTauCeti.Analysis.InnerProductSpace.RectangularUnitarilyInvariantSeminorm.Instances,1,0
YWS2015,YWS-T3-right,operator_ideals_uinorms,TauCeti.RectangularUnitarilyInvariantSeminorm.mk,ForTauCeti.Analysis.InnerProductSpace.RectangularUnitarilyInvariantSeminorm.Basic,2,0
YWS2015,YWS-T3-right,operator_ideals_uinorms,TauCeti.RectangularUnitarilyInvariantSeminorm.toFun,ForTauCeti.Analysis.InnerProductSpace.RectangularUnitarilyInvariantSeminorm.Basic,1,0
YWS2015,YWS-T3-right,spectral_gap_variational,TauCeti.SpectraSeparated,ForTauCeti.Analysis.InnerProductSpace.Spectral.Gap,2,0
YWS2015,YWS-T3-right,spectral_gap_variational,TauCeti.SpectrumIn,ForTauCeti.Analysis.InnerProductSpace.Spectral.Subspace,2,0
YWS2015,YWS-T3-right,operator_ideals_uinorms,TauCeti.UnitarilyInvariantSeminorm,ForTauCeti.Analysis.InnerProductSpace.UnitarilyInvariantSeminorm,3,0
YWS2015,YWS-T3-right,operator_ideals_uinorms,TauCeti.UnitarilyInvariantSeminorm.frobenius,ForTauCeti.Analysis.InnerProductSpace.UnitarilyInvariantSeminorm,2,0
YWS2015,YWS-T3-right,operator_ideals_uinorms,TauCeti.UnitarilyInvariantSeminorm.mk,ForTauCeti.Analysis.InnerProductSpace.UnitarilyInvariantSeminorm,3,0
YWS2015,YWS-T3-right,operator_ideals_uinorms,TauCeti.UnitarilyInvariantSeminorm.toFun,ForTauCeti.Analysis.InnerProductSpace.UnitarilyInvariantSeminorm,2,0
YWS2015,YWS-T3-right,spectral_gap_variational,TauCeti.complementaryProjection,ForTauCeti.Analysis.InnerProductSpace.Spectral.Subspace,2,0
YWS2015,YWS-T3-right,singular_subspace_gram_geometry,TauCeti.isSymmetric_rightGram,ForTauCeti.Analysis.InnerProductSpace.Gram.Operator,1,0
YWS2015,YWS-T3-right,spectral_gap_variational,TauCeti.projection,ForTauCeti.Analysis.InnerProductSpace.Spectral.Subspace,2,0
YWS2015,YWS-T3-right,spectral_gap_variational,TauCeti.restrictedSpectrum,ForTauCeti.Analysis.InnerProductSpace.Spectral.Subspace,3,0
YWS2015,YWS-T3-right,singular_subspace_gram_geometry,TauCeti.rightGram,ForTauCeti.Analysis.InnerProductSpace.Gram.Operator,1,0
YWS2015,YWS-T3-right,hilbert_subspace_geometry,TauCeti.sinThetaFrobenius,ForTauCeti.Analysis.InnerProductSpace.SinTheta.Frobenius,1,0
YWS2015,YWS-T3-right,hilbert_subspace_geometry,TauCeti.sinThetaMap,ForTauCeti.Analysis.InnerProductSpace.AngleGeometry,1,0
YWS2015,YWS-T3-right,spectral_gap_variational,TauCeti.spectralSubspace,ForTauCeti.Analysis.InnerProductSpace.Spectral.Subspace,1,0
YWS2015,YWS-T3-right,yws_result_layer,YuWangSamworth2015.CorrespondingEigenblock,YuWangSamworth2015.Core.Statistics,1,0
YWS2015,YWS-T3-right,yws_result_layer,YuWangSamworth2015.DavisKahanTheory.CorrespondingRightSingularBlock,YuWangSamworth2015.Rectangular.Theorem4,0,1
YWS2015,YWS-T3-right,yws_result_layer,YuWangSamworth2015.DavisKahanTheory.IsOrderedRightSingularFrame,YuWangSamworth2015.Rectangular.Theorem4,0,1
YWS2015,YWS-T3-right,yws_result_layer,YuWangSamworth2015.DavisKahanTheory.RightSingularInternalGap,YuWangSamworth2015.Rectangular.Theorem4,0,1
YWS2015,YWS-T3-right,singular_subspace_gram_geometry,YuWangSamworth2015.DavisKahanTheory.orderedBlockBoundaryGap_rightGram,YuWangSamworth2015.Rectangular.SingularBlock,0,1
YWS2015,YWS-T3-right,singular_subspace_gram_geometry,YuWangSamworth2015.DavisKahanTheory.singularBoundaryGap_of_rank_le,YuWangSamworth2015.Rectangular.SingularBlock,0,1
YWS2015,YWS-T3-right,singular_subspace_gram_geometry,YuWangSamworth2015.DavisKahanTheory.sq_singularValues_eq_eigenvalues_rightGram,YuWangSamworth2015.Rectangular.SingularBlock,0,1
YWS2015,YWS-T3-right,singular_subspace_gram_geometry,YuWangSamworth2015.DavisKahanTheory.yuWangSamworth_rightSingularSubspace_block_le,YuWangSamworth2015.Rectangular.SingularBlock,0,1
YWS2015,YWS-T3-right,yws_result_layer,YuWangSamworth2015.DavisKahanTheory.yuWangSamworth_rightSingularSubspace_frame_le,YuWangSamworth2015.Rectangular.Theorem4,0,1
YWS2015,YWS-T3-right,yws_result_layer,YuWangSamworth2015.DavisKahanTheory.yuWangSamworth_rightSingularSubspace_le,YuWangSamworth2015.Rectangular.Theorem4,0,1
YWS2015,YWS-T3-right,yws_result_layer,YuWangSamworth2015.DavisKahanTheory.yuWangSamworth_rightSingularSubspace_opNormCoefficient_le,YuWangSamworth2015.Rectangular.Theorem4,0,1
YWS2015,YWS-T3-right,spectral_gap_variational,YuWangSamworth2015.OrderedBlockBoundaryGap,YuWangSamworth2015.Core.ConsecutiveBlock,1,0
YWS2015,YWS-T3-right,spectral_gap_variational,YuWangSamworth2015.consecutiveEmb,YuWangSamworth2015.Core.ConsecutiveBlock,1,0
YWS2015,YWS-T3-right,singular_subspace_gram_geometry,YuWangSamworth2015.rightSingularSubspace,YuWangSamworth2015.Core.SingularSubspace,0,1
YWS2015,YWS-T3-right,singular_subspace_gram_geometry,YuWangSamworth2015.rightSingularSubspace_sinTheta_le,YuWangSamworth2015.Core.SingularSubspace,0,1
