declaration,module,kind,is_any_root
ContinuousLinearMap.HasMinMaxLowerBoundEverywhere,ForTauCeti.Analysis.OperatorIdeal.ApproximationNumber.FiniteRestriction,inductive,0
ContinuousLinearMap.HasSameApproximationNumbers,ForTauCeti.Analysis.OperatorIdeal.ApproximationNumber.SameSequence,def,0
ContinuousLinearMap.Reduces,ForTauCeti.Analysis.InnerProductSpace.ReducingSubspace,def,0
ContinuousLinearMap.Reduces.orthogonalComplement,DavisKahan.Sylvester.Spectrum,theorem,0
ContinuousLinearMap.approximationNumber,ForTauCeti.Analysis.OperatorIdeal.ApproximationNumber.Basic,def,0
ContinuousLinearMap.instContinuousFunctionalCalculusRealIsSelfAdjoint,ForTauCeti.Analysis.InnerProductSpace.RealContinuousFunctionalCalculus,theorem,0
ContinuousLinearMap.kyFanGauge,ForTauCeti.Analysis.OperatorIdeal.ApproximationNumber.KyFan,def,0
ContinuousLinearMap.modulus,ForTauCeti.Analysis.InnerProductSpace.OperatorModulus,def,0
ContinuousLinearMap.modulusCorestrict,ForTauCeti.Analysis.InnerProductSpace.Polar.PartialIsometry,def,0
ContinuousLinearMap.modulus_apply_mem_polarInitial,ForTauCeti.Analysis.InnerProductSpace.Polar.PartialIsometry,theorem,0
ContinuousLinearMap.polarInitial,ForTauCeti.Analysis.InnerProductSpace.Polar.PartialIsometry,def,0
ContinuousLinearMap.polarPartial,ForTauCeti.Analysis.InnerProductSpace.Polar.PartialIsometry,def,0
ContinuousLinearMap.polarPartialAux,ForTauCeti.Analysis.InnerProductSpace.Polar.PartialIsometry,def,0
DavisKahan1970.IsExactSpectralDecomposition,DavisKahan.Sources.DavisKahan1970.SineTheta.PaperSurface,inductive,0
DavisKahan1970.IsTrialResidual,DavisKahan.Sources.DavisKahan1970.SineTheta.PaperSurface,inductive,0
DavisKahan1970.sinTheta_headline,DavisKahan.Sources.DavisKahan1970.SineTheta.PaperSurface,theorem,1
LinearMap.IsPositive.sqrt,ForTauCeti.Analysis.InnerProductSpace.SelfAdjointFunctionalCalculus,def,0
LinearMap.IsSymmetric.eigenvalues_level_eq_Ico,ForTauCeti.Analysis.InnerProductSpace.EigenblockSpan,theorem,1
LinearMap.IsSymmetric.spanIndices_Ico_eq_eigenspace,ForTauCeti.Analysis.InnerProductSpace.EigenblockSpan,theorem,1
OrthonormalBasis.spanIndices,ForTauCeti.Analysis.InnerProductSpace.BasisSpan,def,0
Submodule.diagonalPart,ForTauCeti.Analysis.InnerProductSpace.Projection.Blocks,def,0
Submodule.directedProjectionGap,ForTauCeti.Analysis.InnerProductSpace.Projection.Gap,def,0
Submodule.offDiagonalPart,ForTauCeti.Analysis.InnerProductSpace.Projection.Blocks,def,0
Submodule.projectionGap,ForTauCeti.Analysis.InnerProductSpace.Projection.Gap,def,0
Submodule.reflectionOperator,ForTauCeti.Analysis.InnerProductSpace.Projection.Blocks,def,0
TauCeti.ApproximationNumber.IsOrthogonalProjectionMap,ForTauCeti.Analysis.OperatorIdeal.ApproximationNumber.Core,def,0
TauCeti.ApproximationNumber.StronglyTendsto,ForTauCeti.Analysis.OperatorIdeal.ApproximationNumber.Core,def,0
TauCeti.ApproximationNumber.approximationSingularValue,ForTauCeti.Analysis.OperatorIdeal.ApproximationNumber.Core,def,0
TauCeti.ApproximationNumber.kyFanApproximationGauge,ForTauCeti.Analysis.OperatorIdeal.ApproximationNumber.Core,def,0
TauCeti.BorelCalculus.IsBddMeasurable,ForTauCeti.Analysis.InnerProductSpace.BorelCalculus.Operator,inductive,0
TauCeti.BorelCalculus.IsBddMeasurable.chooseBound,ForTauCeti.Analysis.InnerProductSpace.BorelCalculus.Operator,def,0
TauCeti.BorelCalculus.IsBddMeasurable.exists_bound,ForTauCeti.Analysis.InnerProductSpace.BorelCalculus.Operator,theorem,0
TauCeti.BorelCalculus.borelCalculus,ForTauCeti.Analysis.InnerProductSpace.BorelCalculus.Operator,def,0
TauCeti.BorelCalculus.borelVector,ForTauCeti.Analysis.InnerProductSpace.BorelCalculus.Operator,def,0
TauCeti.BorelCalculus.boundedPVM,ForTauCeti.Analysis.InnerProductSpace.BorelCalculus.PVM,def,0
TauCeti.BorelCalculus.diagFunctional,ForTauCeti.Analysis.InnerProductSpace.BorelCalculus.DiagonalMeasure,def,0
TauCeti.BorelCalculus.diagMeasure,ForTauCeti.Analysis.InnerProductSpace.BorelCalculus.DiagonalMeasure,def,0
TauCeti.BorelCalculus.inner_specProj_self,ForTauCeti.Analysis.InnerProductSpace.BorelCalculus.PVM,theorem,0
TauCeti.BorelCalculus.isFiniteMeasure_specDiag,ForTauCeti.Analysis.InnerProductSpace.BorelCalculus.PVM,theorem,0
TauCeti.BorelCalculus.measurable_reCoord,ForTauCeti.Analysis.InnerProductSpace.BorelCalculus.PVM,theorem,0
TauCeti.BorelCalculus.norm_borelVector_le,ForTauCeti.Analysis.InnerProductSpace.BorelCalculus.Operator,theorem,0
TauCeti.BorelCalculus.ofRealLM,ForTauCeti.Analysis.InnerProductSpace.BorelCalculus.DiagonalMeasure,def,0
TauCeti.BorelCalculus.pair,ForTauCeti.Analysis.InnerProductSpace.BorelCalculus.Polarization,def,0
TauCeti.BorelCalculus.pairFunctional,ForTauCeti.Analysis.InnerProductSpace.BorelCalculus.Operator,def,0
TauCeti.BorelCalculus.reCoord,ForTauCeti.Analysis.InnerProductSpace.BorelCalculus.PVM,def,0
TauCeti.BorelCalculus.specDiag,ForTauCeti.Analysis.InnerProductSpace.BorelCalculus.PVM,def,0
TauCeti.BorelCalculus.specProj,ForTauCeti.Analysis.InnerProductSpace.BorelCalculus.PVM,def,0
TauCeti.BorelCalculus.specProj_inter,ForTauCeti.Analysis.InnerProductSpace.BorelCalculus.PVM,theorem,0
TauCeti.BorelCalculus.specProj_univ,ForTauCeti.Analysis.InnerProductSpace.BorelCalculus.PVM,theorem,0
TauCeti.BorelCalculus.toProjValMeasure,ForTauCeti.Analysis.InnerProductSpace.BorelCalculus.PVM,def,0
TauCeti.DavisKahan.AngleSequenceAmbient,DavisKahan.Geometry.Halmos.AngleSequenceRealization,def,0
TauCeti.DavisKahan.AngleSequenceSpace,DavisKahan.Geometry.Halmos.AngleSequenceRealization,def,0
TauCeti.DavisKahan.DKClosedOperator,DavisKahan.SpectralTheory.ClosedOperator.MathlibBridge,def,0
TauCeti.DavisKahan.ExactSinTheta.ClosedOperatorAmbient,DavisKahan.SinTheta.Unbounded.Core,def,0
TauCeti.DavisKahan.ExactSinTheta.ClosedOperatorComplement,DavisKahan.SinTheta.Unbounded.Core,def,0
TauCeti.DavisKahan.ExactSinTheta.ClosedOperatorComplexification.complexify,DavisKahan.SpectralTheory.ClosedOperator.Complexification,def,0
TauCeti.DavisKahan.ExactSinTheta.ClosedOperatorComplexification.domain,DavisKahan.SpectralTheory.ClosedOperator.Complexification,def,0
TauCeti.DavisKahan.ExactSinTheta.ClosedOperatorComplexification.domainIm,DavisKahan.SpectralTheory.ClosedOperator.Complexification,def,0
TauCeti.DavisKahan.ExactSinTheta.ClosedOperatorComplexification.domainRe,DavisKahan.SpectralTheory.ClosedOperator.Complexification,def,0
TauCeti.DavisKahan.ExactSinTheta.ClosedOperatorComplexification.isSelfAdjoint_complexify,DavisKahan.SpectralTheory.ClosedOperator.Complexification,theorem,0
TauCeti.DavisKahan.ExactSinTheta.ClosedOperatorComplexification.linearMap,DavisKahan.SpectralTheory.ClosedOperator.Complexification,def,0
TauCeti.DavisKahan.ExactSinTheta.ClosedOperatorE,DavisKahan.Sylvester.ClosedSylvesterEquation,def,0
TauCeti.DavisKahan.ExactSinTheta.ClosedOperatorF,DavisKahan.Sylvester.ClosedSylvesterEquation,def,0
TauCeti.DavisKahan.ExactSinTheta.ClosedOperatorTrial,DavisKahan.SinTheta.Unbounded.Core,def,0
TauCeti.DavisKahan.ExactSinTheta.ClosedSylvesterEquation,DavisKahan.Sylvester.ClosedSylvesterEquation,def,0
TauCeti.DavisKahan.ExactSinTheta.FormBoundedGeneralSinThetaProblem,DavisKahan.SinTheta.Canonical,inductive,0
TauCeti.DavisKahan.ExactSinTheta.FormBoundedGeneralSinThetaProblem.data,DavisKahan.SinTheta.Canonical,def,0
TauCeti.DavisKahan.ExactSinTheta.FormBoundedGeneralSinThetaProblem.exactMap,DavisKahan.SinTheta.Canonical,def,0
TauCeti.DavisKahan.ExactSinTheta.FormBoundedGeneralSinThetaProblem.frameLowerBound,DavisKahan.SinTheta.Canonical,def,0
TauCeti.DavisKahan.ExactSinTheta.FormBoundedGeneralSinThetaProblem.frameLowerBound_pos,DavisKahan.SinTheta.Canonical,theorem,0
TauCeti.DavisKahan.ExactSinTheta.FormBoundedGeneralSinThetaProblem.gap,DavisKahan.SinTheta.Canonical,def,0
TauCeti.DavisKahan.ExactSinTheta.FormBoundedGeneralSinThetaProblem.lowerFrame,DavisKahan.SinTheta.Canonical,theorem,0
TauCeti.DavisKahan.ExactSinTheta.FormBoundedIsometricSinThetaProblem,DavisKahan.SinTheta.Canonical,inductive,0
TauCeti.DavisKahan.ExactSinTheta.FormBoundedIsometricSinThetaProblem.data,DavisKahan.SinTheta.Canonical,def,0
TauCeti.DavisKahan.ExactSinTheta.FormBoundedIsometricSinThetaProblem.exactMap,DavisKahan.SinTheta.Canonical,def,0
TauCeti.DavisKahan.ExactSinTheta.FormBoundedIsometricSinThetaProblem.gap,DavisKahan.SinTheta.Canonical,def,0
TauCeti.DavisKahan.ExactSinTheta.FormBoundedSylvesterGap,DavisKahan.Sylvester.Gap,def,0
TauCeti.DavisKahan.ExactSinTheta.HasApproximationNumberStrongCutoff,DavisKahan.OperatorIdeal.ApproximationNumbers.ScalarGeneric,inductive,0
TauCeti.DavisKahan.ExactSinTheta.HasClosedSylvesterEquation,DavisKahan.Sylvester.ClosedSylvesterEquation,def,0
TauCeti.DavisKahan.ExactSinTheta.HasPaperCommonDomain,DavisKahan.Sources.DavisKahan1970.SineTheta.CommonDomain,def,0
TauCeti.DavisKahan.ExactSinTheta.HasPaperCommonDomain.maps_domain,DavisKahan.Sources.DavisKahan1970.SineTheta.CommonDomain,theorem,0
TauCeti.DavisKahan.ExactSinTheta.HasUnboundedSylvesterKyFan,DavisKahan.Sylvester.ScalarGeneric,inductive,0
TauCeti.DavisKahan.ExactSinTheta.IsPaperHilbertSchmidt,DavisKahan.Sources.DavisKahan1970.Ideals.HilbertSchmidt,def,0
TauCeti.DavisKahan.ExactSinTheta.KyFanDominantIdealFamily,DavisKahan.OperatorIdeal.ApproximationNumbers.ScalarGeneric,inductive,0
TauCeti.DavisKahan.ExactSinTheta.KyFanDominantIdealFamily.Mem,DavisKahan.OperatorIdeal.ApproximationNumbers.ScalarGeneric,def,0
TauCeti.DavisKahan.ExactSinTheta.KyFanDominantIdealFamily.gauge,DavisKahan.OperatorIdeal.ApproximationNumbers.ScalarGeneric,def,0
TauCeti.DavisKahan.ExactSinTheta.KyFanDominantIdealFamily.toSymmetricOperatorIdealFamily,DavisKahan.OperatorIdeal.ApproximationNumbers.ScalarGeneric,def,0
TauCeti.DavisKahan.ExactSinTheta.LowerFrameBound,DavisKahan.SinTheta.FrameFactorization,def,0
TauCeti.DavisKahan.ExactSinTheta.LowerFramePolarData,DavisKahan.SinTheta.FrameFactorization,inductive,0
TauCeti.DavisKahan.ExactSinTheta.LowerFramePolarData.invSqrt,DavisKahan.SinTheta.FrameFactorization,def,0
TauCeti.DavisKahan.ExactSinTheta.OrthogonalExactDecomposition,DavisKahan.SinTheta.Bounded.Core,inductive,0
TauCeti.DavisKahan.ExactSinTheta.PaperCommonCoreResidualData,DavisKahan.Sources.DavisKahan1970.SineTheta.CommonCore,inductive,0
TauCeti.DavisKahan.ExactSinTheta.PaperCommonCoreResidualData.maps_domain,DavisKahan.Sources.DavisKahan1970.SineTheta.CommonCore,theorem,0
TauCeti.DavisKahan.ExactSinTheta.PaperCommonCoreResidualData.residual_eq,DavisKahan.Sources.DavisKahan1970.SineTheta.CommonCore,theorem,0
TauCeti.DavisKahan.ExactSinTheta.PaperCommonCoreSinThetaData,DavisKahan.Sources.DavisKahan1970.SineTheta.CommonCoreTheorems,inductive,0
TauCeti.DavisKahan.ExactSinTheta.PaperCommonCoreSinThetaData.A,DavisKahan.Sources.DavisKahan1970.SineTheta.CommonCoreTheorems,def,0
TauCeti.DavisKahan.ExactSinTheta.PaperCommonCoreSinThetaData.A₀,DavisKahan.Sources.DavisKahan1970.SineTheta.CommonCoreTheorems,def,0
TauCeti.DavisKahan.ExactSinTheta.PaperCommonCoreSinThetaData.E₀,DavisKahan.Sources.DavisKahan1970.SineTheta.CommonCoreTheorems,def,0
TauCeti.DavisKahan.ExactSinTheta.PaperCommonCoreSinThetaData.F₀,DavisKahan.Sources.DavisKahan1970.SineTheta.CommonCoreTheorems,def,0
TauCeti.DavisKahan.ExactSinTheta.PaperCommonCoreSinThetaData.F₁,DavisKahan.Sources.DavisKahan1970.SineTheta.CommonCoreTheorems,def,0
TauCeti.DavisKahan.ExactSinTheta.PaperCommonCoreSinThetaData.F₁_intertwines,DavisKahan.Sources.DavisKahan1970.SineTheta.CommonCoreTheorems,theorem,0
TauCeti.DavisKahan.ExactSinTheta.PaperCommonCoreSinThetaData.F₁_maps_domain,DavisKahan.Sources.DavisKahan1970.SineTheta.CommonCoreTheorems,theorem,0
TauCeti.DavisKahan.ExactSinTheta.PaperCommonCoreSinThetaData.R,DavisKahan.Sources.DavisKahan1970.SineTheta.CommonCoreTheorems,def,0
TauCeti.DavisKahan.ExactSinTheta.PaperCommonCoreSinThetaData.core_residual,DavisKahan.Sources.DavisKahan1970.SineTheta.CommonCoreTheorems,def,0
TauCeti.DavisKahan.ExactSinTheta.PaperCommonCoreSinThetaData.toUnboundedSinThetaData,DavisKahan.Sources.DavisKahan1970.SineTheta.CommonCoreTheorems,def,0
TauCeti.DavisKahan.ExactSinTheta.PaperCommonCoreSinThetaData.Λ₁,DavisKahan.Sources.DavisKahan1970.SineTheta.CommonCoreTheorems,def,0
TauCeti.DavisKahan.ExactSinTheta.PaperCommonDomainSinThetaData,DavisKahan.Sources.DavisKahan1970.SineTheta.CommonDomainTheorems,inductive,0
TauCeti.DavisKahan.ExactSinTheta.PaperCommonDomainSinThetaData.A,DavisKahan.Sources.DavisKahan1970.SineTheta.CommonDomainTheorems,def,0
TauCeti.DavisKahan.ExactSinTheta.PaperCommonDomainSinThetaData.A₀,DavisKahan.Sources.DavisKahan1970.SineTheta.CommonDomainTheorems,def,0
TauCeti.DavisKahan.ExactSinTheta.PaperCommonDomainSinThetaData.E₀,DavisKahan.Sources.DavisKahan1970.SineTheta.CommonDomainTheorems,def,0
TauCeti.DavisKahan.ExactSinTheta.PaperCommonDomainSinThetaData.F₀,DavisKahan.Sources.DavisKahan1970.SineTheta.CommonDomainTheorems,def,0
TauCeti.DavisKahan.ExactSinTheta.PaperCommonDomainSinThetaData.F₁,DavisKahan.Sources.DavisKahan1970.SineTheta.CommonDomainTheorems,def,0
TauCeti.DavisKahan.ExactSinTheta.PaperCommonDomainSinThetaData.F₁_intertwines,DavisKahan.Sources.DavisKahan1970.SineTheta.CommonDomainTheorems,theorem,0
TauCeti.DavisKahan.ExactSinTheta.PaperCommonDomainSinThetaData.F₁_maps_domain,DavisKahan.Sources.DavisKahan1970.SineTheta.CommonDomainTheorems,theorem,0
TauCeti.DavisKahan.ExactSinTheta.PaperCommonDomainSinThetaData.R,DavisKahan.Sources.DavisKahan1970.SineTheta.CommonDomainTheorems,def,0
TauCeti.DavisKahan.ExactSinTheta.PaperCommonDomainSinThetaData.common_domain,DavisKahan.Sources.DavisKahan1970.SineTheta.CommonDomainTheorems,theorem,0
TauCeti.DavisKahan.ExactSinTheta.PaperCommonDomainSinThetaData.residual_on_common_domain,DavisKahan.Sources.DavisKahan1970.SineTheta.CommonDomainTheorems,theorem,0
TauCeti.DavisKahan.ExactSinTheta.PaperCommonDomainSinThetaData.toUnboundedSinThetaData,DavisKahan.Sources.DavisKahan1970.SineTheta.CommonDomainTheorems,def,0
TauCeti.DavisKahan.ExactSinTheta.PaperCommonDomainSinThetaData.Λ₁,DavisKahan.Sources.DavisKahan1970.SineTheta.CommonDomainTheorems,def,0
TauCeti.DavisKahan.ExactSinTheta.PaperRealCommonCoreTheorem61Data,DavisKahan.Sources.DavisKahan1970.SineTheta.CommonCoreTheorems,inductive,0
TauCeti.DavisKahan.ExactSinTheta.PaperRealCommonCoreTheorem61Data.epsilon,DavisKahan.Sources.DavisKahan1970.SineTheta.CommonCoreTheorems,def,0
TauCeti.DavisKahan.ExactSinTheta.PaperRealCommonCoreTheorem61Data.epsilon_pos,DavisKahan.Sources.DavisKahan1970.SineTheta.CommonCoreTheorems,theorem,0
TauCeti.DavisKahan.ExactSinTheta.PaperRealCommonCoreTheorem61Data.gap,DavisKahan.Sources.DavisKahan1970.SineTheta.CommonCoreTheorems,def,0
TauCeti.DavisKahan.ExactSinTheta.PaperRealCommonCoreTheorem61Data.gap_pos,DavisKahan.Sources.DavisKahan1970.SineTheta.CommonCoreTheorems,theorem,0
TauCeti.DavisKahan.ExactSinTheta.PaperRealCommonCoreTheorem61Data.lower_frame,DavisKahan.Sources.DavisKahan1970.SineTheta.CommonCoreTheorems,theorem,0
TauCeti.DavisKahan.ExactSinTheta.PaperRealCommonCoreTheorem61Data.source,DavisKahan.Sources.DavisKahan1970.SineTheta.CommonCoreTheorems,def,0
TauCeti.DavisKahan.ExactSinTheta.PaperRealCommonCoreTheorem61Data.spectral_gap,DavisKahan.Sources.DavisKahan1970.SineTheta.CommonCoreTheorems,theorem,0
TauCeti.DavisKahan.ExactSinTheta.PaperRealCommonCoreTheorem61Data.toPaperRealTheorem61Data,DavisKahan.Sources.DavisKahan1970.SineTheta.CommonCoreTheorems,def,0
TauCeti.DavisKahan.ExactSinTheta.PaperRealCommonDomainTheorem61Data,DavisKahan.Sources.DavisKahan1970.SineTheta.CommonDomainTheorems,inductive,0
TauCeti.DavisKahan.ExactSinTheta.PaperRealCommonDomainTheorem61Data.epsilon,DavisKahan.Sources.DavisKahan1970.SineTheta.CommonDomainTheorems,def,0
TauCeti.DavisKahan.ExactSinTheta.PaperRealCommonDomainTheorem61Data.epsilon_pos,DavisKahan.Sources.DavisKahan1970.SineTheta.CommonDomainTheorems,theorem,0
TauCeti.DavisKahan.ExactSinTheta.PaperRealCommonDomainTheorem61Data.gap,DavisKahan.Sources.DavisKahan1970.SineTheta.CommonDomainTheorems,def,0
TauCeti.DavisKahan.ExactSinTheta.PaperRealCommonDomainTheorem61Data.gap_pos,DavisKahan.Sources.DavisKahan1970.SineTheta.CommonDomainTheorems,theorem,0
TauCeti.DavisKahan.ExactSinTheta.PaperRealCommonDomainTheorem61Data.lower_frame,DavisKahan.Sources.DavisKahan1970.SineTheta.CommonDomainTheorems,theorem,0
TauCeti.DavisKahan.ExactSinTheta.PaperRealCommonDomainTheorem61Data.source,DavisKahan.Sources.DavisKahan1970.SineTheta.CommonDomainTheorems,def,0
TauCeti.DavisKahan.ExactSinTheta.PaperRealCommonDomainTheorem61Data.spectral_gap,DavisKahan.Sources.DavisKahan1970.SineTheta.CommonDomainTheorems,theorem,0
TauCeti.DavisKahan.ExactSinTheta.PaperRealCommonDomainTheorem61Data.toPaperTheorem61Data,DavisKahan.Sources.DavisKahan1970.SineTheta.CommonDomainTheorems,def,0
TauCeti.DavisKahan.ExactSinTheta.PaperRealIsometricTheoremData,DavisKahan.Sources.DavisKahan1970.SineTheta.Theorem61Universal,inductive,0
TauCeti.DavisKahan.ExactSinTheta.PaperRealIsometricTheoremData.ambient_selfAdjoint,DavisKahan.Sources.DavisKahan1970.SineTheta.Theorem61Universal,theorem,0
TauCeti.DavisKahan.ExactSinTheta.PaperRealIsometricTheoremData.canonicalSinTheta,DavisKahan.Sources.DavisKahan1970.SineTheta.Theorem61Universal,def,0
TauCeti.DavisKahan.ExactSinTheta.PaperRealIsometricTheoremData.complement_selfAdjoint,DavisKahan.Sources.DavisKahan1970.SineTheta.Theorem61Universal,theorem,0
TauCeti.DavisKahan.ExactSinTheta.PaperRealIsometricTheoremData.data,DavisKahan.Sources.DavisKahan1970.SineTheta.Theorem61Universal,def,0
TauCeti.DavisKahan.ExactSinTheta.PaperRealIsometricTheoremData.exactMap,DavisKahan.Sources.DavisKahan1970.SineTheta.Theorem61Universal,def,0
TauCeti.DavisKahan.ExactSinTheta.PaperRealIsometricTheoremData.exact_decomposition,DavisKahan.Sources.DavisKahan1970.SineTheta.Theorem61Universal,theorem,0
TauCeti.DavisKahan.ExactSinTheta.PaperRealIsometricTheoremData.gap,DavisKahan.Sources.DavisKahan1970.SineTheta.Theorem61Universal,def,0
TauCeti.DavisKahan.ExactSinTheta.PaperRealIsometricTheoremData.gap_pos,DavisKahan.Sources.DavisKahan1970.SineTheta.Theorem61Universal,theorem,0
TauCeti.DavisKahan.ExactSinTheta.PaperRealIsometricTheoremData.spectral_gap,DavisKahan.Sources.DavisKahan1970.SineTheta.Theorem61Universal,theorem,0
TauCeti.DavisKahan.ExactSinTheta.PaperRealIsometricTheoremData.toGeneral,DavisKahan.Sources.DavisKahan1970.SineTheta.Theorem61Universal,def,0
TauCeti.DavisKahan.ExactSinTheta.PaperRealIsometricTheoremData.trial_selfAdjoint,DavisKahan.Sources.DavisKahan1970.SineTheta.Theorem61Universal,theorem,0
TauCeti.DavisKahan.ExactSinTheta.PaperRealSymmetricSinThetaProblem,DavisKahan.Sources.DavisKahan1970.SineTheta.SymmetricReal,inductive,0
TauCeti.DavisKahan.ExactSinTheta.PaperRealSymmetricSinThetaProblem.A,DavisKahan.Sources.DavisKahan1970.SineTheta.SymmetricReal,def,0
TauCeti.DavisKahan.ExactSinTheta.PaperRealSymmetricSinThetaProblem.B,DavisKahan.Sources.DavisKahan1970.SineTheta.SymmetricReal,def,0
TauCeti.DavisKahan.ExactSinTheta.PaperRealSymmetricSinThetaProblem.U,DavisKahan.Sources.DavisKahan1970.SineTheta.SymmetricReal,def,0
TauCeti.DavisKahan.ExactSinTheta.PaperRealSymmetricSinThetaProblem.V,DavisKahan.Sources.DavisKahan1970.SineTheta.SymmetricReal,def,0
TauCeti.DavisKahan.ExactSinTheta.PaperRealSymmetricSinThetaProblem.gap,DavisKahan.Sources.DavisKahan1970.SineTheta.SymmetricReal,def,0
TauCeti.DavisKahan.ExactSinTheta.PaperRealSymmetricSinThetaProblem.perturbation,DavisKahan.Sources.DavisKahan1970.SineTheta.SymmetricReal,def,0
TauCeti.DavisKahan.ExactSinTheta.PaperRealSymmetricSinThetaProblem.proj_U,DavisKahan.Sources.DavisKahan1970.SineTheta.SymmetricReal,theorem,0
TauCeti.DavisKahan.ExactSinTheta.PaperRealSymmetricSinThetaProblem.proj_V,DavisKahan.Sources.DavisKahan1970.SineTheta.SymmetricReal,theorem,0
TauCeti.DavisKahan.ExactSinTheta.PaperRealTheorem61Data,DavisKahan.Sources.DavisKahan1970.SineTheta.Theorem61Universal,inductive,0
TauCeti.DavisKahan.ExactSinTheta.PaperRealTheorem61Data.canonicalSinTheta,DavisKahan.Sources.DavisKahan1970.SineTheta.Theorem61Universal,def,0
TauCeti.DavisKahan.ExactSinTheta.PaperRealTheorem61Data.data,DavisKahan.Sources.DavisKahan1970.SineTheta.Theorem61Universal,def,0
TauCeti.DavisKahan.ExactSinTheta.PaperRealTheorem61Data.exactMap,DavisKahan.Sources.DavisKahan1970.SineTheta.Theorem61Universal,def,0
TauCeti.DavisKahan.ExactSinTheta.PaperRealTheorem61Data.frameLowerBound,DavisKahan.Sources.DavisKahan1970.SineTheta.Theorem61Universal,def,0
TauCeti.DavisKahan.ExactSinTheta.PaperRealTheorem61Data.frameLowerBound_pos,DavisKahan.Sources.DavisKahan1970.SineTheta.Theorem61Universal,theorem,0
TauCeti.DavisKahan.ExactSinTheta.PaperRealTheorem61Data.gap,DavisKahan.Sources.DavisKahan1970.SineTheta.Theorem61Universal,def,0
TauCeti.DavisKahan.ExactSinTheta.PaperRealTheorem61Data.lowerFrame,DavisKahan.Sources.DavisKahan1970.SineTheta.Theorem61Universal,theorem,0
TauCeti.DavisKahan.ExactSinTheta.PaperRealTheorem61Data.mk,DavisKahan.Sources.DavisKahan1970.SineTheta.Theorem61Universal,ctor,0
TauCeti.DavisKahan.ExactSinTheta.PaperRealTheorem62Data,DavisKahan.Sources.DavisKahan1970.SineTheta.Theorem62,inductive,0
TauCeti.DavisKahan.ExactSinTheta.PaperRealTheorem62Data.canonicalSinTheta,DavisKahan.Sources.DavisKahan1970.SineTheta.Theorem62,def,0
TauCeti.DavisKahan.ExactSinTheta.PaperRealTheorem62Data.data,DavisKahan.Sources.DavisKahan1970.SineTheta.Theorem62,def,0
TauCeti.DavisKahan.ExactSinTheta.PaperRealTheorem62Data.frameLowerBound,DavisKahan.Sources.DavisKahan1970.SineTheta.Theorem62,def,0
TauCeti.DavisKahan.ExactSinTheta.PaperRealTheorem62Data.frameLowerBound_pos,DavisKahan.Sources.DavisKahan1970.SineTheta.Theorem62,theorem,0
TauCeti.DavisKahan.ExactSinTheta.PaperRealTheorem62Data.gap,DavisKahan.Sources.DavisKahan1970.SineTheta.Theorem62,def,0
TauCeti.DavisKahan.ExactSinTheta.PaperRealTheorem62Data.lowerFrame,DavisKahan.Sources.DavisKahan1970.SineTheta.Theorem62,theorem,0
TauCeti.DavisKahan.ExactSinTheta.PaperSinThetaRepresentative,DavisKahan.Sources.DavisKahan1970.SineTheta.Norms.SingularValueTransport,inductive,0
TauCeti.DavisKahan.ExactSinTheta.PaperSinThetaRepresentative.operator,DavisKahan.Sources.DavisKahan1970.SineTheta.Norms.SingularValueTransport,def,0
TauCeti.DavisKahan.ExactSinTheta.PaperSinThetaRepresentativeAcross,DavisKahan.Sources.DavisKahan1970.SineTheta.Norms.SingularValueTransport,inductive,0
TauCeti.DavisKahan.ExactSinTheta.PaperSinThetaRepresentativeAcross.operator,DavisKahan.Sources.DavisKahan1970.SineTheta.Norms.SingularValueTransport,def,0
TauCeti.DavisKahan.ExactSinTheta.PaperSymmetricSinThetaProblem,DavisKahan.Sources.DavisKahan1970.SineTheta.Symmetric,inductive,0
TauCeti.DavisKahan.ExactSinTheta.PaperSymmetricSinThetaProblem.A,DavisKahan.Sources.DavisKahan1970.SineTheta.Symmetric,def,0
TauCeti.DavisKahan.ExactSinTheta.PaperSymmetricSinThetaProblem.B,DavisKahan.Sources.DavisKahan1970.SineTheta.Symmetric,def,0
TauCeti.DavisKahan.ExactSinTheta.PaperSymmetricSinThetaProblem.U,DavisKahan.Sources.DavisKahan1970.SineTheta.Symmetric,def,0
TauCeti.DavisKahan.ExactSinTheta.PaperSymmetricSinThetaProblem.V,DavisKahan.Sources.DavisKahan1970.SineTheta.Symmetric,def,0
TauCeti.DavisKahan.ExactSinTheta.PaperSymmetricSinThetaProblem.gap,DavisKahan.Sources.DavisKahan1970.SineTheta.Symmetric,def,0
TauCeti.DavisKahan.ExactSinTheta.PaperSymmetricSinThetaProblem.perturbation,DavisKahan.Sources.DavisKahan1970.SineTheta.Symmetric,def,0
TauCeti.DavisKahan.ExactSinTheta.PaperSymmetricSinThetaProblem.proj_U,DavisKahan.Sources.DavisKahan1970.SineTheta.Symmetric,theorem,0
TauCeti.DavisKahan.ExactSinTheta.PaperSymmetricSinThetaProblem.proj_V,DavisKahan.Sources.DavisKahan1970.SineTheta.Symmetric,theorem,0
TauCeti.DavisKahan.ExactSinTheta.PaperTheorem61Data,DavisKahan.Sources.DavisKahan1970.SineTheta.Theorem61Universal,inductive,0
TauCeti.DavisKahan.ExactSinTheta.PaperTheorem61Data.canonicalSinTheta,DavisKahan.Sources.DavisKahan1970.SineTheta.Theorem61Universal,def,0
TauCeti.DavisKahan.ExactSinTheta.PaperTheorem61Data.data,DavisKahan.Sources.DavisKahan1970.SineTheta.Theorem61Universal,def,0
TauCeti.DavisKahan.ExactSinTheta.PaperTheorem61Data.exactMap,DavisKahan.Sources.DavisKahan1970.SineTheta.Theorem61Universal,def,0
TauCeti.DavisKahan.ExactSinTheta.PaperTheorem61Data.frameLowerBound,DavisKahan.Sources.DavisKahan1970.SineTheta.Theorem61Universal,def,0
TauCeti.DavisKahan.ExactSinTheta.PaperTheorem61Data.frameLowerBound_pos,DavisKahan.Sources.DavisKahan1970.SineTheta.Theorem61Universal,theorem,0
TauCeti.DavisKahan.ExactSinTheta.PaperTheorem61Data.gap,DavisKahan.Sources.DavisKahan1970.SineTheta.Theorem61Universal,def,0
TauCeti.DavisKahan.ExactSinTheta.PaperTheorem61Data.lowerFrame,DavisKahan.Sources.DavisKahan1970.SineTheta.Theorem61Universal,theorem,0
TauCeti.DavisKahan.ExactSinTheta.PaperTheorem62Data,DavisKahan.Sources.DavisKahan1970.SineTheta.Theorem62,inductive,0
TauCeti.DavisKahan.ExactSinTheta.PaperTheorem62Data.canonicalSinTheta,DavisKahan.Sources.DavisKahan1970.SineTheta.Theorem62,def,0
TauCeti.DavisKahan.ExactSinTheta.PaperTheorem62Data.data,DavisKahan.Sources.DavisKahan1970.SineTheta.Theorem62,def,0
TauCeti.DavisKahan.ExactSinTheta.PaperTheorem62Data.frameLowerBound,DavisKahan.Sources.DavisKahan1970.SineTheta.Theorem62,def,0
TauCeti.DavisKahan.ExactSinTheta.PaperTheorem62Data.frameLowerBound_pos,DavisKahan.Sources.DavisKahan1970.SineTheta.Theorem62,theorem,0
TauCeti.DavisKahan.ExactSinTheta.PaperTheorem62Data.gap,DavisKahan.Sources.DavisKahan1970.SineTheta.Theorem62,def,0
TauCeti.DavisKahan.ExactSinTheta.PaperTheorem62Data.lowerFrame,DavisKahan.Sources.DavisKahan1970.SineTheta.Theorem62,theorem,0
TauCeti.DavisKahan.ExactSinTheta.PaperUnitaryInvariantNorm,DavisKahan.Sources.DavisKahan1970.SineTheta.Norms.UnitaryInvariantNorm,inductive,0
TauCeti.DavisKahan.ExactSinTheta.PaperUnitaryInvariantNorm.Mem,DavisKahan.Sources.DavisKahan1970.SineTheta.Norms.UnitaryInvariantNorm,def,0
TauCeti.DavisKahan.ExactSinTheta.PaperUnitaryInvariantNorm.approximationPrefix,DavisKahan.Sources.DavisKahan1970.SineTheta.Norms.UnitaryInvariantNorm,def,0
TauCeti.DavisKahan.ExactSinTheta.PaperUnitaryInvariantNorm.extendedGauge,DavisKahan.Sources.DavisKahan1970.SineTheta.Norms.UnitaryInvariantNorm,def,0
TauCeti.DavisKahan.ExactSinTheta.PaperUnitaryInvariantNorm.finiteGauge,DavisKahan.Sources.DavisKahan1970.SineTheta.Norms.UnitaryInvariantNorm,def,0
TauCeti.DavisKahan.ExactSinTheta.PaperUnitaryInvariantNorm.finiteNorm,DavisKahan.Sources.DavisKahan1970.SineTheta.Norms.UnitaryInvariantNorm,def,0
TauCeti.DavisKahan.ExactSinTheta.PaperUnitaryInvariantNorm.gauge,DavisKahan.Sources.DavisKahan1970.SineTheta.Norms.UnitaryInvariantNorm,def,0
TauCeti.DavisKahan.ExactSinTheta.PaperUnitaryInvariantNorm.prefixGauge,DavisKahan.Sources.DavisKahan1970.SineTheta.Norms.UnitaryInvariantNorm,def,0
TauCeti.DavisKahan.ExactSinTheta.RealSpectrumIntervalExteriorGap,DavisKahan.Sylvester.Gap,def,0
TauCeti.DavisKahan.ExactSinTheta.SameApproximationSingularSequence,DavisKahan.Sources.DavisKahan1970.SineTheta.Norms.SingularValueTransport,def,0
TauCeti.DavisKahan.ExactSinTheta.SameApproximationSingularValues,DavisKahan.Sources.DavisKahan1970.SineTheta.Norms.SingularValueTransport,def,0
TauCeti.DavisKahan.ExactSinTheta.SemiboundedAbove,DavisKahan.Sylvester.ClosedSylvesterEquation,def,0
TauCeti.DavisKahan.ExactSinTheta.SemiboundedBelow,DavisKahan.Sylvester.ClosedSylvesterEquation,def,0
TauCeti.DavisKahan.ExactSinTheta.UnboundedSinThetaData,DavisKahan.SinTheta.Unbounded.Core,inductive,0
TauCeti.DavisKahan.ExactSinTheta.UnboundedSinThetaData.A,DavisKahan.SinTheta.Unbounded.Core,def,0
TauCeti.DavisKahan.ExactSinTheta.UnboundedSinThetaData.A₀,DavisKahan.SinTheta.Unbounded.Core,def,0
TauCeti.DavisKahan.ExactSinTheta.UnboundedSinThetaData.F₁,DavisKahan.SinTheta.Unbounded.Core,def,0
TauCeti.DavisKahan.ExactSinTheta.UnboundedSinThetaData.X,DavisKahan.SinTheta.Unbounded.Core,def,0
TauCeti.DavisKahan.ExactSinTheta.UnboundedSinThetaData.mk,DavisKahan.SinTheta.Unbounded.Core,ctor,0
TauCeti.DavisKahan.ExactSinTheta.UnboundedSinThetaData.residual,DavisKahan.SinTheta.Unbounded.Core,def,0
TauCeti.DavisKahan.ExactSinTheta.UnboundedSinThetaData.Λ₁,DavisKahan.SinTheta.Unbounded.Core,def,0
TauCeti.DavisKahan.ExactSinTheta.boundedPullbackDomain,DavisKahan.Sources.DavisKahan1970.SineTheta.CommonDomain,def,0
TauCeti.DavisKahan.ExactSinTheta.davisKahan1970_sylvester_real,DavisKahan.Sylvester.RealUnbounded,theorem,1
TauCeti.DavisKahan.ExactSinTheta.directedSinThetaOperator,DavisKahan.SinTheta.Bounded.Core,def,0
TauCeti.DavisKahan.ExactSinTheta.directedSinThetaOperatorOfPolarData,DavisKahan.SinTheta.FrameFactorizationGeneric,def,0
TauCeti.DavisKahan.ExactSinTheta.directedSinThetaOperatorReal,DavisKahan.SinTheta.Real.Generalized,def,0
TauCeti.DavisKahan.ExactSinTheta.frameIsometry,DavisKahan.SinTheta.FrameFactorization,def,0
TauCeti.DavisKahan.ExactSinTheta.frameIsometryOfPolarData,DavisKahan.SinTheta.FrameFactorizationGeneric,def,0
TauCeti.DavisKahan.ExactSinTheta.gramInvSqrt,DavisKahan.SinTheta.FrameFactorization,def,0
TauCeti.DavisKahan.ExactSinTheta.instCompleteSpaceCoeOfHasOrthogonalProjectionLemma61,DavisKahan.Sources.DavisKahan1970.SineTheta.Lemma61,theorem,0
TauCeti.DavisKahan.ExactSinTheta.linearPMap_FormBoundedSylvesterGap,DavisKahan.Sylvester.Gap,inductive,0
TauCeti.DavisKahan.ExactSinTheta.linearPMap_RealSpectrumIntervalExteriorGap,DavisKahan.Sylvester.Gap,def,0
TauCeti.DavisKahan.ExactSinTheta.lowerFramePolarData,DavisKahan.SinTheta.FrameFactorization,def,0
TauCeti.DavisKahan.ExactSinTheta.lowerFramePolarDataReal,DavisKahan.SinTheta.Real.FrameFactorization,def,0
TauCeti.DavisKahan.ExactSinTheta.lowerFramePolarData_nonempty,DavisKahan.SinTheta.FrameFactorization,theorem,0
TauCeti.DavisKahan.ExactSinTheta.lowerFramePolarData_real_nonempty,DavisKahan.SinTheta.Real.FrameFactorization,theorem,0
TauCeti.DavisKahan.ExactSinTheta.paperBlockCompression,DavisKahan.Sources.DavisKahan1970.SineTheta.Lemma61,def,0
TauCeti.DavisKahan.ExactSinTheta.paperCrossSineSum,DavisKahan.Sources.DavisKahan1970.SineTheta.ProjectionBlocks,def,0
TauCeti.DavisKahan.ExactSinTheta.paperDiagonalPair,DavisKahan.Sources.DavisKahan1970.SineTheta.ProjectionBlocks,def,0
TauCeti.DavisKahan.ExactSinTheta.paperHilbertSchmidtEnergy,DavisKahan.Sources.DavisKahan1970.Ideals.HilbertSchmidt,def,0
TauCeti.DavisKahan.ExactSinTheta.paperHilbertSchmidtNorm,DavisKahan.Sources.DavisKahan1970.Ideals.HilbertSchmidt,def,0
TauCeti.DavisKahan.ExactSinTheta.paperProjectionBlock,DavisKahan.Sources.DavisKahan1970.SineTheta.Lemma61,def,0
TauCeti.DavisKahan.ExactSinTheta.sinThetaBlockOfPolarData,DavisKahan.SinTheta.FrameFactorizationGeneric,def,0
TauCeti.DavisKahan.ExactSinTheta.unboundedSinThetaDataOfPaperCommonCore,DavisKahan.Sources.DavisKahan1970.SineTheta.CommonCore,def,0
TauCeti.DavisKahan.ExactSinTheta.unboundedSinThetaDataOfPaperCommonDomain,DavisKahan.Sources.DavisKahan1970.SineTheta.CommonDomain,def,0
TauCeti.DavisKahan.ExactTanTheta.HasTheorem63DirectedTangentApproximationNumbersInfinite,DavisKahan.TanTheta.Theorem63InfiniteTrial,def,0
TauCeti.DavisKahan.ExactTanTheta.UnboundedCompressionTrialData,DavisKahan.TanTheta.Theorem63UnboundedCompression,inductive,0
TauCeti.DavisKahan.ExactTanTheta.UnboundedCompressionTrialData.action,DavisKahan.TanTheta.Theorem63UnboundedCompression,def,0
TauCeti.DavisKahan.ExactTanTheta.UnboundedCompressionTrialData.compression,DavisKahan.TanTheta.Theorem63UnboundedCompression,def,0
TauCeti.DavisKahan.ExactTanTheta.UnboundedCompressionTrialData.residual,DavisKahan.TanTheta.Theorem63UnboundedCompression,def,0
TauCeti.DavisKahan.ExactTanTheta.theorem63Compression,DavisKahan.TanTheta.Theorem63FiniteSource,def,0
TauCeti.DavisKahan.ExactTanTheta.theorem63DirectedSineBlock,DavisKahan.TanTheta.Theorem63FiniteSource,def,0
TauCeti.DavisKahan.ExactTanTheta.theorem63Residual,DavisKahan.TanTheta.Theorem63FiniteSource,def,0
TauCeti.DavisKahan.ExactTanTheta.theorem6_3_unbounded_infiniteTrial_ideal_exists,DavisKahan.TanTheta.Theorem63UnboundedInfiniteTrial,theorem,1
TauCeti.DavisKahan.Foundation.InvariantFor,DavisKahan.SpectralTheory.AbstractSpectrum,def,0
TauCeti.DavisKahan.Foundation.RealComplexification.complexifySubmodule,DavisKahan.SpectralTheory.Complexification.Subspace,def,0
TauCeti.DavisKahan.Foundation.RealComplexification.instHasOrthogonalProjectionComplexifySubmodule,DavisKahan.SpectralTheory.Complexification.Subspace,theorem,0
TauCeti.DavisKahan.Foundation.RealComplexification.realBoundedSpectralProjectionIicOfGap,DavisKahan.SpectralTheory.Complexification.BoundedGapProjection,def,0
TauCeti.DavisKahan.Foundation.RealComplexification.realBoundedSpectralSubspaceIicOfGap,DavisKahan.SpectralTheory.Complexification.BoundedGapProjection,def,0
TauCeti.DavisKahan.Foundation.SpectrumIn,DavisKahan.SpectralTheory.AbstractSpectrum,def,0
TauCeti.DavisKahan.Foundation.realSpectrum,DavisKahan.SpectralTheory.AbstractSpectrum,def,0
TauCeti.DavisKahan.Foundation.restrictedSpectrum,DavisKahan.SpectralTheory.AbstractSpectrum,def,0
TauCeti.DavisKahan.Frontier.CrossedDefectsEquivalent,DavisKahan.Geometry.Halmos.GenericRotationPredicates,def,0
TauCeti.DavisKahan.Frontier.IsPaperDirectRotation,DavisKahan.Geometry.Halmos.GenericRotationPredicates,inductive,0
TauCeti.DavisKahan.Frontier.PairOfSubspacesUnitaryEquivalent,DavisKahan.Geometry.Halmos.UnitaryEquivalence,def,0
TauCeti.DavisKahan.Frontier.RemainingSourceSurface.CompatibleCrossOperatorNorm,DavisKahan.Sources.DavisKahan1970.RemainingSourceSurface,inductive,0
TauCeti.DavisKahan.Frontier.RemainingSourceSurface.CompatibleCrossOperatorNorm.toFun,DavisKahan.Sources.DavisKahan1970.RemainingSourceSurface,def,0
TauCeti.DavisKahan.Frontier.SameSpectralMultiplicity,DavisKahan.Frontier.Core,def,0
TauCeti.DavisKahan.Frontier.Section3.IsPrincipalUnitarySquareRoot,DavisKahan.Frontier.Section3,inductive,0
TauCeti.DavisKahan.Frontier.Section3.IsPrintedFixedCosineReducingSubspace,DavisKahan.Frontier.Section3,def,0
TauCeti.DavisKahan.Frontier.Section3.SameHalmosTrivialDimensions,DavisKahan.Frontier.Section3,inductive,0
TauCeti.DavisKahan.Frontier.Section3.compactAngleEigenvalueList,DavisKahan.Frontier.Section3,def,0
TauCeti.DavisKahan.Frontier.Section3.corollary3_1_compact_classification_real,DavisKahan.Frontier.Section3,theorem,1
TauCeti.DavisKahan.Frontier.Section3.corollary3_1_compact_defectBlock_angleList_classification,DavisKahan.Frontier.Section3,theorem,1
TauCeti.DavisKahan.Frontier.Section3.corollary3_1_realization,DavisKahan.Frontier.Section3,theorem,1
TauCeti.DavisKahan.Frontier.Section3.corollary3_2_reversal_source_form,DavisKahan.Frontier.Section3,theorem,1
TauCeti.DavisKahan.Frontier.Section3.fixedCosineSubspace,DavisKahan.Frontier.Section3,def,0
TauCeti.DavisKahan.Frontier.Section3.proposition3_2_exists_iff_crossedDefectsEquivalent,DavisKahan.Frontier.Section3,theorem,1
TauCeti.DavisKahan.Frontier.Section3.proposition3_2_exists_iff_crossedDefectsEquivalent_real,DavisKahan.Frontier.Section3,theorem,1
TauCeti.DavisKahan.Frontier.Section3.proposition3_2_not_unique,DavisKahan.Frontier.Section3,theorem,1
TauCeti.DavisKahan.Frontier.Section3.proposition3_2_not_unique_real,DavisKahan.Frontier.Section3,theorem,1
TauCeti.DavisKahan.Frontier.Section3.proposition3_4_source_eq_directRotation,DavisKahan.Frontier.Section3,theorem,1
TauCeti.DavisKahan.Frontier.Section3.proposition3_4_source_full,DavisKahan.Frontier.Section3,theorem,1
TauCeti.DavisKahan.Frontier.Section3.theorem3_1_realization,DavisKahan.Frontier.Section3,theorem,1
TauCeti.DavisKahan.Frontier.Section3.theorem3_1_spectralMultiplicity_classification,DavisKahan.Frontier.Section3,theorem,1
TauCeti.DavisKahan.Frontier.Section3.theorem3_1_spectralMultiplicity_classification_real,DavisKahan.Frontier.Section3Real,theorem,1
TauCeti.DavisKahan.Frontier.Section6Appendix.approximationEnergy,DavisKahan.Sources.DavisKahan1970.Section6AppendixLeakage,def,0
TauCeti.DavisKahan.Frontier.Section6Appendix.lemma6_3_approximationNumber_leakage,DavisKahan.Sources.DavisKahan1970.Section6AppendixLeakage,theorem,1
TauCeti.DavisKahan.Frontier.Section6Appendix.lemma6_3_approximationNumber_leakage_real,DavisKahan.Sources.DavisKahan1970.Section6AppendixLeakageReal,theorem,1
TauCeti.DavisKahan.Frontier.Section6Appendix.lemma6_3_singularValue_leakage,DavisKahan.Sources.DavisKahan1970.Section6AppendixLeakage,theorem,1
TauCeti.DavisKahan.Frontier.Section8.gapExterior,DavisKahan.Frontier.Section8Perturbation,def,0
TauCeti.DavisKahan.Frontier.Section8.instCompleteSpaceCoeOfHasOrthogonalProjectionSection8Source,DavisKahan.Frontier.Section8SourceTheorem82,theorem,0
TauCeti.DavisKahan.Frontier.Section8.instCompleteSpaceCoeOfHasOrthogonalProjectionSection8SourceReal,DavisKahan.Frontier.Section8SourceTheorem82Real,theorem,0
TauCeti.DavisKahan.Frontier.Section8.theorem8_2_sinTwoTheta_residual_source_real_paperUINorm,DavisKahan.Frontier.Section8SourceTheorem82Real,theorem,1
TauCeti.DavisKahan.HalmosAngleDatum,DavisKahan.Geometry.Halmos.Realization,inductive,0
TauCeti.DavisKahan.HalmosAngleDatum.cos₀,DavisKahan.Geometry.Halmos.Realization,def,0
TauCeti.DavisKahan.HalmosAngleDatum.cos₁,DavisKahan.Geometry.Halmos.Realization,def,0
TauCeti.DavisKahan.HalmosAngleDatum.instCompleteSpaceSubtypeWithLpOfNatENNRealProdMemSubmoduleTargetSubspace,DavisKahan.Geometry.Halmos.Realization,theorem,0
TauCeti.DavisKahan.HalmosAngleDatum.intertwiner,DavisKahan.Geometry.Halmos.Realization,def,0
TauCeti.DavisKahan.HalmosAngleDatum.mk,DavisKahan.Geometry.Halmos.Realization,ctor,0
TauCeti.DavisKahan.HalmosAngleDatum.realizingIsometry,DavisKahan.Geometry.Halmos.Realization,def,0
TauCeti.DavisKahan.HalmosAngleDatum.sin₀,DavisKahan.Geometry.Halmos.Realization,def,0
TauCeti.DavisKahan.HalmosAngleDatum.sin₁,DavisKahan.Geometry.Halmos.Realization,def,0
TauCeti.DavisKahan.HalmosAngleDatum.targetSubspace,DavisKahan.Geometry.Halmos.Realization,def,0
TauCeti.DavisKahan.IsSelfAdjointOperator,DavisKahan.BoundedOperator.Compat,def,0
TauCeti.DavisKahan.IsUniformlyAcute,DavisKahan.BoundedOperator.Compat,def,0
TauCeti.DavisKahan.IsUniformlyAcute.symm,DavisKahan.Geometry.Polar.DirectRotationSquare,theorem,0
TauCeti.DavisKahan.IsUniformlyAcuteReal.symm,DavisKahan.Geometry.Polar.DirectRotationReal,theorem,0
TauCeti.DavisKahan.IsometricEmbedding,DavisKahan.BoundedOperator.Compat,def,0
TauCeti.DavisKahan.Proposition35.section3AngleEigenspace,DavisKahan.Geometry.Angle.Proposition35Infinite,def,0
TauCeti.DavisKahan.Proposition35.section3AngleOperator,DavisKahan.Geometry.Angle.Proposition35Infinite,def,0
TauCeti.DavisKahan.Proposition35.section3CosAngleOperator,DavisKahan.Geometry.Angle.Proposition35Infinite,def,0
TauCeti.DavisKahan.Proposition35.section3DirectRotation,DavisKahan.Geometry.Angle.Proposition35Infinite,def,0
TauCeti.DavisKahan.Proposition35.section3NonacuteQuarterTurn,DavisKahan.Geometry.Angle.Proposition35Nonacute,def,0
TauCeti.DavisKahan.Proposition35.section3QuarterTurn,DavisKahan.Geometry.Angle.Proposition35Infinite,def,0
TauCeti.DavisKahan.Proposition35.section3SinAngleOperator,DavisKahan.Geometry.Angle.Proposition35Infinite,def,0
TauCeti.DavisKahan.Proposition35.vectorAngle_nonacuteDirectRotation_eq_of_angleOperator_apply,DavisKahan.Geometry.Angle.Proposition35Nonacute,theorem,1
TauCeti.DavisKahan.RealSpectralRestriction.realSelfAdjointSpectralProjection,DavisKahan.SpectralTheory.Real.SpectralRestriction,def,0
TauCeti.DavisKahan.RealSpectralRestriction.realSelfAdjointSpectralRestriction,DavisKahan.SpectralTheory.Real.SpectralRestriction,def,0
TauCeti.DavisKahan.RealSpectralRestriction.realSelfAdjointSpectralSubspace,DavisKahan.SpectralTheory.Real.SpectralRestriction,def,0
TauCeti.DavisKahan.RealSpectralRestriction.realSelfAdjointSpectralSubspace_hasOrthogonalProjection,DavisKahan.SpectralTheory.Real.SpectralRestriction,theorem,0
TauCeti.DavisKahan.RealSpectralRestriction.realSelfAdjointSpectralSubspace_reducing,DavisKahan.SpectralTheory.Real.SpectralRestriction,theorem,0
TauCeti.DavisKahan.SameCompactAngleData,DavisKahan.Geometry.Halmos.CompactClassification,inductive,0
TauCeti.DavisKahan.Section2.theorem6_3_perturbation_infiniteTrial,DavisKahan.Sources.DavisKahan1970.Section2TanThetaPerturbation,theorem,1
TauCeti.DavisKahan.Section4.displacementAngleSineSq,DavisKahan.Geometry.Angle.BasisAngleEnergy,def,0
TauCeti.DavisKahan.TanTheta.UnboundedTrialBlock,DavisKahan.TanTheta.UnboundedSpectrum,inductive,0
TauCeti.DavisKahan.TanTheta.UnboundedTrialBlock.operator,DavisKahan.TanTheta.UnboundedSpectrum,def,0
TauCeti.DavisKahan.TanTheta.UnboundedTrialBlock.residual,DavisKahan.TanTheta.UnboundedSpectrum,def,0
TauCeti.DavisKahan.addBounded_isSelfAdjoint,DavisKahan.SinTheta.BoundedPerturbation,theorem,0
TauCeti.DavisKahan.angleCosOp,DavisKahan.Geometry.Halmos.AngleSequenceRealization,def,0
TauCeti.DavisKahan.angleCosSeq,DavisKahan.Geometry.Halmos.AngleSequenceRealization,def,0
TauCeti.DavisKahan.angleSequenceDatum,DavisKahan.Geometry.Halmos.AngleSequenceRealization,def,0
TauCeti.DavisKahan.angleSinOp,DavisKahan.Geometry.Halmos.AngleSequenceRealization,def,0
TauCeti.DavisKahan.angleSinSeq,DavisKahan.Geometry.Halmos.AngleSequenceRealization,def,0
TauCeti.DavisKahan.closedOperatorOfSelfAdjointPMap,DavisKahan.SpectralTheory.ClosedOperator.MathlibBridge,def,0
TauCeti.DavisKahan.complementaryProjection,DavisKahan.BoundedOperator.Compat,def,0
TauCeti.DavisKahan.crossedDefectQuarterTurn,DavisKahan.Geometry.Polar.Section3Nonacute,def,0
TauCeti.DavisKahan.directRotationR,DavisKahan.Geometry.Polar.DirectRotationReal,def,0
TauCeti.DavisKahan.directedGap,DavisKahan.BoundedOperator.Compat,def,0
TauCeti.DavisKahan.genericCosineBlock,DavisKahan.Geometry.Halmos.GenericPosition,def,0
TauCeti.DavisKahan.genericLeftHalf,DavisKahan.Geometry.Halmos.GenericPosition,def,0
TauCeti.DavisKahan.halmosCommonPart,DavisKahan.Geometry.Halmos.TwoProjections,def,0
TauCeti.DavisKahan.halmosCosineSq,DavisKahan.Geometry.Halmos.TwoProjections,def,0
TauCeti.DavisKahan.halmosExteriorPart,DavisKahan.Geometry.Halmos.TwoProjections,def,0
TauCeti.DavisKahan.halmosGenericPart,DavisKahan.Geometry.Halmos.TwoProjections,def,0
TauCeti.DavisKahan.halmosSourceDefect,DavisKahan.Geometry.Halmos.TwoProjections,def,0
TauCeti.DavisKahan.halmosTargetDefect,DavisKahan.Geometry.Halmos.TwoProjections,def,0
TauCeti.DavisKahan.halmosTrivialPart,DavisKahan.Geometry.Halmos.TwoProjections,def,0
TauCeti.DavisKahan.instCompleteSpaceGenericLeftHalf,DavisKahan.Geometry.Halmos.GenericPosition,theorem,0
TauCeti.DavisKahan.instCompleteSpaceSubtypeWithLpOfNatENNRealProdMemSubmoduleSourceSubspace,DavisKahan.Geometry.Halmos.Realization,theorem,0
TauCeti.DavisKahan.instHasOrthogonalProjectionHalmosSourceDefect,DavisKahan.Geometry.Halmos.TwoProjections,theorem,0
TauCeti.DavisKahan.instHasOrthogonalProjectionHalmosTargetDefect,DavisKahan.Geometry.Halmos.TwoProjections,theorem,0
TauCeti.DavisKahan.isUniformlyAcute_complexifySubmodule,DavisKahan.Geometry.Polar.DirectRotationReal,theorem,0
TauCeti.DavisKahan.modelInl,DavisKahan.Geometry.Halmos.Realization,def,0
TauCeti.DavisKahan.modelInr,DavisKahan.Geometry.Halmos.Realization,def,0
TauCeti.DavisKahan.nonacuteDirectRotation,DavisKahan.Geometry.Polar.Section3Nonacute,def,0
TauCeti.DavisKahan.norm_angleCosSeq_le,DavisKahan.Geometry.Halmos.AngleSequenceRealization,theorem,0
TauCeti.DavisKahan.norm_angleSinSeq_le,DavisKahan.Geometry.Halmos.AngleSequenceRealization,theorem,0
TauCeti.DavisKahan.projection,DavisKahan.BoundedOperator.Compat,def,0
TauCeti.DavisKahan.residual,DavisKahan.BoundedOperator.Compat,def,0
TauCeti.DavisKahan.selfAdjointSpectralProjection,DavisKahan.SpectralTheory.SpectralRestriction,def,0
TauCeti.DavisKahan.selfAdjointSpectralRestriction,DavisKahan.SpectralTheory.SpectralRestrictionOperator,def,0
TauCeti.DavisKahan.selfAdjointSpectralSubspace,DavisKahan.SpectralTheory.SpectralRestriction,def,0
TauCeti.DavisKahan.selfAdjointSpectralSubspace_hasOrthogonalProjection,DavisKahan.SpectralTheory.SpectralRestriction,theorem,0
TauCeti.DavisKahan.sinTwoThetaIdealBlock,DavisKahan.DoubleAngle.UnboundedIdeal,def,0
TauCeti.DavisKahan.sourceSubspace,DavisKahan.Geometry.Halmos.Realization,def,0
TauCeti.DavisKahan.sourceToTargetDefect,DavisKahan.Geometry.Polar.Section3Nonacute,def,0
TauCeti.DavisKahan.spectraCanonicalIntertwiner,DavisKahan.Geometry.Polar.DirectRotation,def,0
TauCeti.DavisKahan.spectraCanonicalPolarFactor,DavisKahan.Geometry.Polar.DirectRotation,def,0
TauCeti.DavisKahan.spectraDirectRotation,DavisKahan.Geometry.Polar.DirectRotation,def,0
TauCeti.DavisKahan.spectraPolarIsometry,DavisKahan.Geometry.Polar.OperatorAbsoluteValue,def,0
TauCeti.DavisKahan.spectraReflectionProduct,DavisKahan.Geometry.Polar.DirectRotation,def,0
TauCeti.DavisKahan.subspaceGap,DavisKahan.BoundedOperator.Compat,def,0
TauCeti.DavisKahan.swapCrossedDefectEquiv,DavisKahan.Geometry.Polar.Section3Nonacute,def,0
TauCeti.DavisKahan.targetToSourceDefect,DavisKahan.Geometry.Polar.Section3Nonacute,def,0
TauCeti.DavisKahan1970.Corollary4_1_compact_nonacute,DavisKahan.Sources.DavisKahan1970.Section4,theorem,1
TauCeti.DavisKahan1970.Corollary4_1_compact_nonacute_real,DavisKahan.Sources.DavisKahan1970.Section4Real,theorem,1
TauCeti.DavisKahan1970.Corollary4_1_infiniteDimensional_nonacute,DavisKahan.Sources.DavisKahan1970.Section4,theorem,1
TauCeti.DavisKahan1970.HasTheorem63DirectedTangentApproximationNumbersInfiniteReal,DavisKahan.Sources.DavisKahan1970.DirectedReal,def,0
TauCeti.DavisKahan1970.IsRealPrincipalUnitarySquareRoot,DavisKahan.Sources.DavisKahan1970.Section3PrincipalSquareRoot,def,0
TauCeti.DavisKahan1970.Lemma5_1,DavisKahan.Sources.DavisKahan1970.Section5,theorem,1
TauCeti.DavisKahan1970.Proposition4_1_compact_nonacute,DavisKahan.Sources.DavisKahan1970.Section4,theorem,1
TauCeti.DavisKahan1970.Proposition4_1_compact_nonacute_directRotationValues,DavisKahan.Sources.DavisKahan1970.Section4,theorem,1
TauCeti.DavisKahan1970.Proposition4_1_compact_nonacute_directRotationValues_real,DavisKahan.Sources.DavisKahan1970.Section4Real,theorem,1
TauCeti.DavisKahan1970.Proposition4_1_compact_nonacute_real,DavisKahan.Sources.DavisKahan1970.Section4Real,theorem,1
TauCeti.DavisKahan1970.Proposition4_2_infiniteDimensional,DavisKahan.Sources.DavisKahan1970.Section4,theorem,1
TauCeti.DavisKahan1970.Proposition4_3_compact_nonacute_idealGauge,DavisKahan.Sources.DavisKahan1970.Section4,theorem,1
TauCeti.DavisKahan1970.Proposition4_3_compact_nonacute_real_idealGauge,DavisKahan.Sources.DavisKahan1970.Section4Real,theorem,1
TauCeti.DavisKahan1970.Proposition6_1,DavisKahan.Sources.DavisKahan1970.FullSineTheta,theorem,1
TauCeti.DavisKahan1970.Proposition6_1_real,DavisKahan.Sources.DavisKahan1970.FullSineTheta,theorem,1
TauCeti.DavisKahan1970.Section8.Theorem81Conclusion,DavisKahan.Sources.DavisKahan1970.Section8.SourceTheorem81,inductive,0
TauCeti.DavisKahan1970.Section8.Theorem81ConclusionReal,DavisKahan.Sources.DavisKahan1970.Section8.SourceTheorem81Real,inductive,0
TauCeti.DavisKahan1970.Section8.approximationNumber_eq_eigenvalues_of_isPositive,DavisKahan.Frontier.Section8SourceDictionary,theorem,1
TauCeti.DavisKahan1970.Section8.canonicalLowBranch,DavisKahan.Sources.DavisKahan1970.Section8.SourceTheorem81,def,0
TauCeti.DavisKahan1970.Section8.canonicalLowBranchReal,DavisKahan.Frontier.Section8PartIIReal,def,0
TauCeti.DavisKahan1970.Section8.canonicalLowBranchReal_hasOrthogonalProjection,DavisKahan.Frontier.Section8PartIIReal,theorem,0
TauCeti.DavisKahan1970.Section8.canonicalLowBranch_hasOrthogonalProjection,DavisKahan.Sources.DavisKahan1970.Section8.SourceTheorem81,theorem,0
TauCeti.DavisKahan1970.Section8.cosineBlock,DavisKahan.Frontier.Section8PartII,def,0
TauCeti.DavisKahan1970.Section8.lowerBlockShift,DavisKahan.Frontier.Section8PartII,def,0
TauCeti.DavisKahan1970.Section8.lowerCosineBlock,DavisKahan.Frontier.Section8PartII,def,0
TauCeti.DavisKahan1970.Section8.theorem8_1_canonicalBranch,DavisKahan.Sources.DavisKahan1970.Section8.SourceTheorem81,theorem,1
TauCeti.DavisKahan1970.Section8.theorem8_1_canonicalBranch_real,DavisKahan.Sources.DavisKahan1970.Section8.SourceTheorem81Real,theorem,1
TauCeti.DavisKahan1970.Section8.theorem8_1_lowerApproximationRepulsion_real,DavisKahan.Frontier.Section8PartIIReal,theorem,1
TauCeti.DavisKahan1970.Section8.theorem8_1_lowerApproximationRepulsion_source,DavisKahan.Frontier.Section8PartII,theorem,1
TauCeti.DavisKahan1970.Section8.theorem8_1_lowerCompressionRepulsion_real,DavisKahan.Frontier.Section8PartIIReal,theorem,1
TauCeti.DavisKahan1970.Section8.theorem8_1_lowerCompressionRepulsion_source,DavisKahan.Frontier.Section8SourceSurface,theorem,1
TauCeti.DavisKahan1970.Section8.theorem8_1_lowerSymmetricGaugeRepulsion_angle_rev_real,DavisKahan.Frontier.Section8SourceDictionary,theorem,1
TauCeti.DavisKahan1970.Section8.theorem8_1_lowerSymmetricGaugeRepulsion_angle_rev_source,DavisKahan.Frontier.Section8SourceDictionary,theorem,1
TauCeti.DavisKahan1970.Section8.theorem8_1_maximalAngle_le_iff_spectrumIn,DavisKahan.Sources.DavisKahan1970.Section8.SourceTheorem81,theorem,1
TauCeti.DavisKahan1970.Section8.theorem8_1_maximalAngle_le_iff_spectrumIn_real,DavisKahan.Sources.DavisKahan1970.Section8.SourceTheorem81Real,theorem,1
TauCeti.DavisKahan1970.Section8.theorem8_1_spectralRepulsion_real,DavisKahan.Frontier.Section8PartIIReal,theorem,0
TauCeti.DavisKahan1970.Section8.theorem8_1_upperApproximationRepulsion_real,DavisKahan.Frontier.Section8PartIIReal,theorem,1
TauCeti.DavisKahan1970.Section8.theorem8_1_upperApproximationRepulsion_source,DavisKahan.Frontier.Section8PartII,theorem,1
TauCeti.DavisKahan1970.Section8.theorem8_1_upperCompressionRepulsion_real,DavisKahan.Frontier.Section8PartIIReal,theorem,1
TauCeti.DavisKahan1970.Section8.theorem8_1_upperCompressionRepulsion_source,DavisKahan.Frontier.Section8SourceSurface,theorem,1
TauCeti.DavisKahan1970.Section8.theorem8_1_upperSymmetricGaugeRepulsion_angle_rev_real,DavisKahan.Frontier.Section8SourceDictionary,theorem,1
TauCeti.DavisKahan1970.Section8.theorem8_1_upperSymmetricGaugeRepulsion_angle_rev_source,DavisKahan.Frontier.Section8SourceDictionary,theorem,1
TauCeti.DavisKahan1970.Section8.theorem8_2_branch_source_directed,DavisKahan.Frontier.Section8SourceSurface,theorem,1
TauCeti.DavisKahan1970.Section8.theorem8_2_branch_source_directed_real,DavisKahan.Frontier.Section8SourceSurface,theorem,1
TauCeti.DavisKahan1970.Section8.theorem8_2_branch_source_maximalAngle_lt_of_crossedDefects,DavisKahan.Frontier.Section8SourceSurface,theorem,1
TauCeti.DavisKahan1970.Section8.theorem8_2_branch_source_real_maximalAngle_lt_of_crossedDefects,DavisKahan.Frontier.Section8SourceSurface,theorem,1
TauCeti.DavisKahan1970.Section8.theorem8_2_sinTwoTheta_perturbation_source_paperUINorm,DavisKahan.Frontier.Section8SourceSurface,theorem,1
TauCeti.DavisKahan1970.Section8.theorem8_2_sinTwoTheta_perturbation_source_real_paperUINorm,DavisKahan.Frontier.Section8SourceSurface,theorem,1
TauCeti.DavisKahan1970.Section8.theorem8_2_sinTwoTheta_residual_source_paperUINorm,DavisKahan.Frontier.Section8SourceSurface,theorem,1
TauCeti.DavisKahan1970.Section8.upperBlockShift,DavisKahan.Frontier.Section8PartII,def,0
TauCeti.DavisKahan1970.Theorem5_2,DavisKahan.Sources.DavisKahan1970.Section5,theorem,1
TauCeti.DavisKahan1970.Theorem6_1,DavisKahan.Sources.DavisKahan1970.FullSineTheta,theorem,1
TauCeti.DavisKahan1970.Theorem6_1_real,DavisKahan.Sources.DavisKahan1970.FullSineTheta,theorem,1
TauCeti.DavisKahan1970.Theorem6_1_real_commonCore,DavisKahan.Sources.DavisKahan1970.FullSineTheta,theorem,1
TauCeti.DavisKahan1970.Theorem6_1_real_commonDomain,DavisKahan.Sources.DavisKahan1970.FullSineTheta,theorem,1
TauCeti.DavisKahan1970.Theorem6_2,DavisKahan.Sources.DavisKahan1970.FullSineTheta,theorem,1
TauCeti.DavisKahan1970.Theorem6_2_real,DavisKahan.Sources.DavisKahan1970.FullSineTheta,theorem,1
TauCeti.DavisKahan1970.UnitaryInvariantNorm,DavisKahan.Sources.DavisKahan1970.FullSineTheta,def,0
TauCeti.DavisKahan1970.acute_directRotation,DavisKahan.Sources.DavisKahan1970.Section3AcuteDirectRotation,def,0
TauCeti.DavisKahan1970.banach_sylvester_lower_bound_exact,DavisKahan.Sources.DavisKahan1970.FullPartIII,theorem,1
TauCeti.DavisKahan1970.banach_sylvester_lower_bound_uiNorm,DavisKahan.Sources.DavisKahan1970.FullPartIII,theorem,1
TauCeti.DavisKahan1970.complex_directRotation_reversal,DavisKahan.Sources.DavisKahan1970.FullPartIII,theorem,1
TauCeti.DavisKahan1970.compressOperatorReal,DavisKahan.Sources.DavisKahan1970.WholeSpaceReal,def,0
TauCeti.DavisKahan1970.corollary3_2_nonacute_directRotation_resolution,DavisKahan.Sources.DavisKahan1970.Section3Proposition35,theorem,1
TauCeti.DavisKahan1970.corollary3_2_paperQuarterTurn,DavisKahan.Sources.DavisKahan1970.Section3Proposition35,def,0
TauCeti.DavisKahan1970.corollary3_2_paperQuarterTurn_symm,DavisKahan.Sources.DavisKahan1970.Section3Proposition35,theorem,1
TauCeti.DavisKahan1970.corollary3_2_source,DavisKahan.Sources.DavisKahan1970.Section3Proposition35,theorem,1
TauCeti.DavisKahan1970.displacementAngleSineSqR,DavisKahan.Sources.DavisKahan1970.Section4Real,def,0
TauCeti.DavisKahan1970.generalizedSinTheta,DavisKahan.Sources.DavisKahan1970.GeneralSinTheta,theorem,1
TauCeti.DavisKahan1970.generalizedSinTheta_real_exactPaper,DavisKahan.Sources.DavisKahan1970.FullSineTheta,theorem,1
TauCeti.DavisKahan1970.headlineCompleteF,DavisKahan.Sources.DavisKahan1970.HeadlineGeneric,theorem,0
TauCeti.DavisKahan1970.instCompleteSpaceCoeOfHasOrthogonalProjectionDirectedReal,DavisKahan.Sources.DavisKahan1970.DirectedReal,theorem,0
TauCeti.DavisKahan1970.instCompleteSpaceCoeOfHasOrthogonalProjectionDirectedResidual,DavisKahan.Sources.DavisKahan1970.SinTwoThetaUnboundedDirectedResidual,theorem,0
TauCeti.DavisKahan1970.instCompleteSpaceCoeOfHasOrthogonalProjectionDirectedResidualReal,DavisKahan.Sources.DavisKahan1970.SinTwoThetaUnboundedDirectedResidualReal,theorem,0
TauCeti.DavisKahan1970.instCompleteSpaceCoeOfHasOrthogonalProjectionTanThetaUnboundedAmbient,DavisKahan.Sources.DavisKahan1970.TanThetaUnboundedAmbient,theorem,0
TauCeti.DavisKahan1970.instCompleteSpaceCoeOfHasOrthogonalProjectionUnboundedAmbientReal,DavisKahan.Sources.DavisKahan1970.TanThetaUnboundedAmbientReal,theorem,0
TauCeti.DavisKahan1970.instCompleteSpaceCoeOfHasOrthogonalProjectionUnboundedExact,DavisKahan.Sources.DavisKahan1970.TanTwoThetaUnboundedExact,theorem,0
TauCeti.DavisKahan1970.lemma6_1,DavisKahan.Sources.DavisKahan1970.FullSineTheta,theorem,1
TauCeti.DavisKahan1970.lemma6_1_converse,DavisKahan.Sources.DavisKahan1970.FullSineTheta,theorem,1
TauCeti.DavisKahan1970.lemma6_2,DavisKahan.Sources.DavisKahan1970.FullSineTheta,theorem,1
TauCeti.DavisKahan1970.paperDoubleSecant,DavisKahan.Sources.DavisKahan1970.AmbientBlockVocabulary,def,0
TauCeti.DavisKahan1970.paperProjectorDifference,DavisKahan.Sources.DavisKahan1970.AmbientBlockVocabulary,def,0
TauCeti.DavisKahan1970.paperTanTwoDirectedCornerR,DavisKahan.Sources.DavisKahan1970.WholeSpaceReal,def,0
TauCeti.DavisKahan1970.proposition3_1_source,DavisKahan.Sources.DavisKahan1970.Section3AcuteDirectRotation,theorem,1
TauCeti.DavisKahan1970.proposition3_3_complex_converse_source,DavisKahan.Sources.DavisKahan1970.Section3PrincipalSquareRoot,theorem,1
TauCeti.DavisKahan1970.proposition3_3_complex_forward_source,DavisKahan.Sources.DavisKahan1970.Section3PrincipalSquareRoot,theorem,1
TauCeti.DavisKahan1970.proposition3_3_real_converse_source,DavisKahan.Sources.DavisKahan1970.Section3PrincipalSquareRoot,theorem,1
TauCeti.DavisKahan1970.proposition3_3_real_forward_source,DavisKahan.Sources.DavisKahan1970.Section3PrincipalSquareRoot,theorem,1
TauCeti.DavisKahan1970.proposition3_4_source_full_complex,DavisKahan.Sources.DavisKahan1970.Section3Proposition34,theorem,1
TauCeti.DavisKahan1970.proposition3_4_source_full_real,DavisKahan.Sources.DavisKahan1970.Section3Proposition34Real,theorem,1
TauCeti.DavisKahan1970.proposition3_5_angleEigenspace,DavisKahan.Sources.DavisKahan1970.Section3Proposition35,def,0
TauCeti.DavisKahan1970.proposition3_5_angleEigenspace_eq_fixedCosineSubspace,DavisKahan.Sources.DavisKahan1970.Section3Proposition35,theorem,1
TauCeti.DavisKahan1970.proposition3_5_angleEigenspace_uniqueMaximal,DavisKahan.Sources.DavisKahan1970.Section3Proposition35,theorem,1
TauCeti.DavisKahan1970.proposition3_5_angleOperator,DavisKahan.Sources.DavisKahan1970.Section3Proposition35,def,0
TauCeti.DavisKahan1970.proposition3_5_commutations,DavisKahan.Sources.DavisKahan1970.Section3Proposition35,theorem,1
TauCeti.DavisKahan1970.proposition3_5_commutations_acute,DavisKahan.Sources.DavisKahan1970.Section3Proposition35,theorem,1
TauCeti.DavisKahan1970.proposition3_5_directRotation,DavisKahan.Sources.DavisKahan1970.Section3Proposition35,def,0
TauCeti.DavisKahan1970.proposition3_5_eigenvector_angle,DavisKahan.Sources.DavisKahan1970.Section3Proposition35,theorem,1
TauCeti.DavisKahan1970.proposition3_5_eigenvector_angle_acute,DavisKahan.Sources.DavisKahan1970.Section3Proposition35,theorem,1
TauCeti.DavisKahan1970.proposition3_5_quarterTurn,DavisKahan.Sources.DavisKahan1970.Section3Proposition35,def,0
TauCeti.DavisKahan1970.real_directRotation_reversal,DavisKahan.Sources.DavisKahan1970.FullPartIII,theorem,1
TauCeti.DavisKahan1970.reflectionResidualCorner,DavisKahan.Sources.DavisKahan1970.TanTwoThetaUnboundedGramMiddle,def,0
TauCeti.DavisKahan1970.reflectionTangentCorner,DavisKahan.Sources.DavisKahan1970.TanTwoThetaUnboundedGramBridge,def,0
TauCeti.DavisKahan1970.sinTheta,DavisKahan.Sources.DavisKahan1970.GeneralSinTheta,theorem,1
TauCeti.DavisKahan1970.sinTheta_headline_generic,DavisKahan.Sources.DavisKahan1970.SineTheta.HeadlineGeneric,theorem,1
TauCeti.DavisKahan1970.sinTheta_real_exactPaper,DavisKahan.Sources.DavisKahan1970.FullSineTheta,theorem,1
TauCeti.DavisKahan1970.sinTwoTheta_headline_generic_directed,DavisKahan.Sources.DavisKahan1970.HeadlineGeneric,theorem,1
TauCeti.DavisKahan1970.sinTwoTheta_unbounded_directedResidual_paperUINorm,DavisKahan.Sources.DavisKahan1970.SinTwoThetaUnboundedDirectedResidual,theorem,1
TauCeti.DavisKahan1970.sinTwoTheta_unbounded_directedResidual_paperUINorm_real,DavisKahan.Sources.DavisKahan1970.SinTwoThetaUnboundedDirectedResidualReal,theorem,1
TauCeti.DavisKahan1970.sinTwoTheta_unbounded_directedResidual_paperUINorm_real_of_intervalExterior,DavisKahan.Sources.DavisKahan1970.SinTwoThetaUnboundedDirectedResidualReal,theorem,1
TauCeti.DavisKahan1970.sinTwoTheta_wholeSpace_paperUINorm,DavisKahan.Sources.DavisKahan1970.SinTwoThetaWholeSpace,theorem,1
TauCeti.DavisKahan1970.sinTwoTheta_wholeSpace_paperUINorm_real,DavisKahan.Sources.DavisKahan1970.WholeSpaceReal,theorem,1
TauCeti.DavisKahan1970.tanTheta_directed_paperUINorm_real_spectral,DavisKahan.Sources.DavisKahan1970.DirectedReal,theorem,1
TauCeti.DavisKahan1970.tanTheta_directed_paperUINorm_spectral,DavisKahan.Sources.DavisKahan1970.Directed,theorem,1
TauCeti.DavisKahan1970.tanTheta_headline_generic_directed,DavisKahan.Sources.DavisKahan1970.HeadlineGeneric,theorem,1
TauCeti.DavisKahan1970.tanTheta_unboundedCompression_ambient_paperUINorm_exact,DavisKahan.Sources.DavisKahan1970.TanThetaUnboundedAmbient,theorem,1
TauCeti.DavisKahan1970.tanTheta_unboundedCompression_ambient_paperUINorm_real_exact,DavisKahan.Sources.DavisKahan1970.TanThetaUnboundedAmbientReal,theorem,1
TauCeti.DavisKahan1970.tanTheta_unbounded_ambient_paperUINorm_exact,DavisKahan.Sources.DavisKahan1970.TanThetaUnboundedAmbient,theorem,1
TauCeti.DavisKahan1970.tanTheta_unbounded_ambient_paperUINorm_real_exact,DavisKahan.Sources.DavisKahan1970.TanThetaUnboundedAmbientReal,theorem,1
TauCeti.DavisKahan1970.tanTheta_wholeSpace_paperUINorm,DavisKahan.Sources.DavisKahan1970.TanThetaWholeSpace,theorem,1
TauCeti.DavisKahan1970.tanTheta_wholeSpace_paperUINorm_of_crossedDefectsEquivalent,DavisKahan.Sources.DavisKahan1970.TanThetaWholeSpace,theorem,1
TauCeti.DavisKahan1970.tanTheta_wholeSpace_paperUINorm_real,DavisKahan.Sources.DavisKahan1970.WholeSpaceReal,theorem,1
TauCeti.DavisKahan1970.tanTheta_wholeSpace_paperUINorm_real_of_crossedDefectsEquivalent,DavisKahan.Sources.DavisKahan1970.DirectedReal,theorem,1
TauCeti.DavisKahan1970.tanTwoTheta_directedCorner_residual_paperUINorm_exact,DavisKahan.Sources.DavisKahan1970.TanTwoThetaReflectionAmbient,theorem,1
TauCeti.DavisKahan1970.tanTwoTheta_directedCorner_residual_paperUINorm_real_exact,DavisKahan.Sources.DavisKahan1970.WholeSpaceReal,theorem,1
TauCeti.DavisKahan1970.tanTwoTheta_headline_generic,DavisKahan.Sources.DavisKahan1970.HeadlineGeneric,theorem,1
TauCeti.DavisKahan1970.tanTwoTheta_unbounded_ambient_paperUINorm_exact,DavisKahan.Sources.DavisKahan1970.TanTwoThetaUnboundedAmbientExact,theorem,1
TauCeti.DavisKahan1970.tanTwoTheta_unbounded_ambient_paperUINorm_real_exact,DavisKahan.Sources.DavisKahan1970.TanTwoThetaUnboundedExactReal,theorem,1
TauCeti.DavisKahan1970.tanTwoTheta_unbounded_directedResidual_paperUINorm_exact,DavisKahan.Sources.DavisKahan1970.TanTwoThetaUnboundedExact,theorem,1
TauCeti.DavisKahan1970.tanTwoTheta_unbounded_directedResidual_paperUINorm_real_exact,DavisKahan.Sources.DavisKahan1970.TanTwoThetaUnboundedExactReal,theorem,1
TauCeti.DavisKahan1970.tanTwoTheta_wholeSpace_paperUINorm_exact,DavisKahan.Sources.DavisKahan1970.TanTwoThetaReflectionAmbient,theorem,1
TauCeti.DavisKahan1970.tanTwoTheta_wholeSpace_paperUINorm_real_exact,DavisKahan.Sources.DavisKahan1970.WholeSpaceReal,theorem,1
TauCeti.DavisKahan1970.theorem63DirectedSineBlockReal,DavisKahan.Sources.DavisKahan1970.DirectedReal,def,0
TauCeti.DavisKahan1970.theorem63ResidualReal,DavisKahan.Sources.DavisKahan1970.DirectedReal,def,0
TauCeti.DavisKahan1970.theorem6_3_unbounded_infiniteTrial_ideal_exists_real,DavisKahan.Sources.DavisKahan1970.DirectedUnboundedReal,theorem,1
TauCeti.DavisKahan1970.tsum_displacementAngleSineSqR_ge_tsum_sq_sin_principalAngleSequence,DavisKahan.Sources.DavisKahan1970.Section4Real,theorem,1
TauCeti.DavisKahan1970.unboundedReflectionTangent,DavisKahan.Sources.DavisKahan1970.TanTwoThetaUnboundedKyFan,def,0
TauCeti.DavisKahan1970.unbounded_sinTwoTheta_residual_uiNorm_representative,DavisKahan.Sources.DavisKahan1970.SinTwoTheta,theorem,1
TauCeti.DavisKahan1970.unbounded_sinTwoTheta_residual_uiNorm_representative_real,DavisKahan.Sources.DavisKahan1970.SinTwoTheta,theorem,1
TauCeti.DavisKahan1970.unbounded_sinTwoTheta_uiNorm_representative,DavisKahan.Sources.DavisKahan1970.SinTwoTheta,theorem,1
TauCeti.DavisKahan1970.unbounded_sinTwoTheta_uiNorm_representative_real,DavisKahan.Sources.DavisKahan1970.SinTwoTheta,theorem,1
TauCeti.DavisKahanExt.ClosedOperator,DavisKahan.SpectralTheory.ClosedOperator.Basic,inductive,0
TauCeti.DavisKahanExt.ClosedOperator.IsSelfAdjoint,DavisKahan.SpectralTheory.ClosedOperator.Basic,def,0
TauCeti.DavisKahanExt.ClosedOperator.ReducesSubspace,DavisKahan.SpectralTheory.ReducingSubspace.Restriction,def,0
TauCeti.DavisKahanExt.ClosedOperator.addBounded,DavisKahan.SpectralTheory.ClosedOperator.Basic,def,0
TauCeti.DavisKahanExt.ClosedOperator.dense_domain,DavisKahan.SpectralTheory.ClosedOperator.Basic,theorem,0
TauCeti.DavisKahanExt.ClosedOperator.domain,DavisKahan.SpectralTheory.ClosedOperator.Basic,def,0
TauCeti.DavisKahanExt.ClosedOperator.mk,DavisKahan.SpectralTheory.ClosedOperator.Basic,ctor,0
TauCeti.DavisKahanExt.ClosedOperator.reducingRestriction,DavisKahan.SpectralTheory.ReducingSubspace.Restriction,def,0
TauCeti.DavisKahanExt.ClosedOperator.toLinearMap,DavisKahan.SpectralTheory.ClosedOperator.Basic,def,0
TauCeti.DavisKahanExt.ClosedOperator.toLinearPMap,DavisKahan.SpectralTheory.ClosedOperator.Basic,def,0
TauCeti.DavisKahanExt.boundedSelfAdjointSpectralPVM,DavisKahan.SpectralTheory.BoundedSelfAdjointSpectralProjection,def,0
TauCeti.DavisKahanExt.boundedSelfAdjointSpectralProjection,DavisKahan.SpectralTheory.BoundedSelfAdjointSpectralProjection,def,0
TauCeti.DavisKahanExt.boundedSelfAdjointSpectralSubspace,DavisKahan.SpectralTheory.BoundedSelfAdjointSpectralProjection,def,0
TauCeti.DavisKahanExt.compressOperator,DavisKahan.Sylvester.Spectrum,def,0
TauCeti.DavisKahanExt.maximalAngle,DavisKahan.SpectralTheory.OperatorAngle,def,0
TauCeti.DavisKahanExt.paperAngleOperatorC,DavisKahan.Geometry.Angle.PaperOperatorAngle,def,0
TauCeti.DavisKahanExt.paperSinAngleOperatorC,DavisKahan.Geometry.Angle.PaperOperatorAngle,def,0
TauCeti.DavisKahanExt.paperSinAngleOperatorR,DavisKahan.Geometry.Angle.PaperOperatorAngleReal,def,0
TauCeti.DavisKahanExt.paperSinTwoAngleOperatorC,DavisKahan.Geometry.Angle.PaperDoubleAngle,def,0
TauCeti.DavisKahanExt.paperSinTwoAngleOperatorR,DavisKahan.Geometry.Angle.PaperOperatorAngleReal,def,0
TauCeti.DavisKahanExt.paperTanAngleOperatorC,DavisKahan.Geometry.Angle.PaperTanAngle,def,0
TauCeti.DavisKahanExt.paperTanAngleOperatorR,DavisKahan.Geometry.Angle.PaperOperatorAngleReal,def,0
TauCeti.DavisKahanExt.paperTanTwoAngleOperatorC,DavisKahan.Geometry.Angle.PaperTanAngle,def,0
TauCeti.DavisKahanExt.paperTanTwoAngleOperatorR,DavisKahan.Geometry.Angle.PaperOperatorAngleReal,def,0
TauCeti.DavisKahanExt.reflectedSubspace,DavisKahan.InfiniteDimensional.DoubleAngle,def,0
TauCeti.DavisKahanExt.reflectedSubspace_hasOrthogonalProjection,DavisKahan.InfiniteDimensional.DoubleAngle,theorem,0
TauCeti.DavisKahanExt.sinAngleOperatorC,DavisKahan.Geometry.Angle.OperatorAngleComplex,def,0
TauCeti.DavisKahanTheory.DavisKahanProposition4_4_Finite,DavisKahan.FiniteDimensional.DirectRotation.ShortRotationCounterexample,def,1
TauCeti.DavisKahanTheory.TanThetaIntervalGap,DavisKahan.FiniteDimensional.TanTheta.RitzResidual,def,0
TauCeti.DavisKahanTheory.absDoubleAngleTangent,DavisKahan.DoubleAngle.TanTwoThetaBranchFree,def,0
TauCeti.DavisKahanTheory.canonicalIntertwiner,DavisKahan.FiniteDimensional.DirectRotation.Basic,def,0
TauCeti.DavisKahanTheory.canonicalIntertwiner_isUnit_of_acute,DavisKahan.FiniteDimensional.DirectRotation.Basic,theorem,0
TauCeti.DavisKahanTheory.directRotation,DavisKahan.FiniteDimensional.DirectRotation.Basic,def,0
TauCeti.DavisKahanTheory.not_davisKahanProposition4_4_Finite,DavisKahan.FiniteDimensional.DirectRotation.ShortRotationCounterexample,theorem,1
TauCeti.DavisKahanTheory.partIII_tanTheta_ritzResidual_uiNorm,DavisKahan.Sources.DavisKahan1970.PartIII,theorem,1
TauCeti.DavisKahanTheory.shortRotation_fullDisplacement_refuted,DavisKahan.FiniteDimensional.DirectRotation.ShortRotationCounterexample,theorem,1
TauCeti.DavisKahanTheory.sinTwoThetaEmbedding,DavisKahan.FiniteDimensional.Residual.AngleEmbeddings,def,0
TauCeti.FiniteSymmetricGauge,ForTauCeti.Analysis.Convex.Majorization,inductive,0
TauCeti.FiniteSymmetricGauge.toFun,ForTauCeti.Analysis.Convex.Majorization,def,0
TauCeti.HybridGap,ForTauCeti.Analysis.InnerProductSpace.Spectral.Gap,def,0
TauCeti.InternalGap,ForTauCeti.Analysis.InnerProductSpace.Spectral.Gap,def,0
TauCeti.IntervalExteriorGap,ForTauCeti.Analysis.InnerProductSpace.Spectral.Gap,def,0
TauCeti.IsAcute,ForTauCeti.Analysis.InnerProductSpace.AngleGeometry,def,0
TauCeti.IsEigenFamily,ForTauCeti.Analysis.InnerProductSpace.Spectral.EigenFrame,inductive,1
TauCeti.IsInvariant,ForTauCeti.Analysis.InnerProductSpace.Spectral.Subspace,def,0
TauCeti.IsOddFor,ForTauCeti.Analysis.InnerProductSpace.DoubleAngle.UnboundedReflection,def,0
TauCeti.IsOrderedEigenframe,ForTauCeti.Analysis.InnerProductSpace.Spectral.EigenFrame,def,1
TauCeti.IsOrderedEigenframe.internalGap_span,ForTauCeti.Analysis.InnerProductSpace.Spectral.EigenFrame,theorem,1
TauCeti.IsOrderedEigenframe.orthonormal,ForTauCeti.Analysis.InnerProductSpace.Spectral.EigenFrame,theorem,0
TauCeti.IsOrderedEigenframe.span_eq_spanIndices,ForTauCeti.Analysis.InnerProductSpace.Spectral.EigenFrame,theorem,1
TauCeti.LinearPMap.InvariantSubspace,ForTauCeti.Analysis.InnerProductSpace.LinearPMap.Closed,def,0
TauCeti.LinearPMap.MapsDomainTo,ForTauCeti.Analysis.InnerProductSpace.LinearPMap.Closed,def,0
TauCeti.LinearPMap.ReducesSubspace,ForTauCeti.Analysis.InnerProductSpace.LinearPMap.Closed,def,0
TauCeti.LinearPMap.SemiboundedAbove,ForTauCeti.Analysis.InnerProductSpace.LinearPMap.Sylvester,def,0
TauCeti.LinearPMap.SemiboundedBelow,ForTauCeti.Analysis.InnerProductSpace.LinearPMap.Sylvester,def,0
TauCeti.LinearPMap.SylvesterEquation,ForTauCeti.Analysis.InnerProductSpace.LinearPMap.Sylvester,inductive,0
TauCeti.LinearPMap.cayley,ForTauCeti.Analysis.InnerProductSpace.LinearPMap.SelfAdjointResolvent,def,0
TauCeti.LinearPMap.cayleyInv,ForTauCeti.Analysis.InnerProductSpace.LinearPMap.SpectralMeasure.Construction,def,0
TauCeti.LinearPMap.complexificationDomain,ForTauCeti.Analysis.InnerProductSpace.LinearPMap.Complexification,def,0
TauCeti.LinearPMap.complexificationDomainIm,ForTauCeti.Analysis.InnerProductSpace.LinearPMap.Complexification,def,0
TauCeti.LinearPMap.complexificationDomainRe,ForTauCeti.Analysis.InnerProductSpace.LinearPMap.Complexification,def,0
TauCeti.LinearPMap.complexificationLinearMap,ForTauCeti.Analysis.InnerProductSpace.LinearPMap.Complexification,def,0
TauCeti.LinearPMap.complexifyReal,ForTauCeti.Analysis.InnerProductSpace.LinearPMap.Complexification,def,0
TauCeti.LinearPMap.instCompleteSpace_realSpecRange,ForTauCeti.Analysis.InnerProductSpace.LinearPMap.Complexification.SpectralDescent,theorem,0
TauCeti.LinearPMap.instCompleteSpace_specRange,ForTauCeti.Analysis.InnerProductSpace.LinearPMap.SpectralMeasure.Construction,theorem,0
TauCeti.LinearPMap.instHasOrthogonalProjection_realSpecRange,ForTauCeti.Analysis.InnerProductSpace.LinearPMap.Complexification.SpectralDescent,theorem,0
TauCeti.LinearPMap.instHasOrthogonalProjection_specRange,ForTauCeti.Analysis.InnerProductSpace.LinearPMap.SpectralMeasure.Construction,theorem,0
TauCeti.LinearPMap.isSelfAdjoint_complexifyReal,ForTauCeti.Analysis.InnerProductSpace.LinearPMap.Complexification,theorem,0
TauCeti.LinearPMap.isStarNormal_cayley,ForTauCeti.Analysis.InnerProductSpace.LinearPMap.SelfAdjointResolvent,theorem,0
TauCeti.LinearPMap.measurable_cayleyInv,ForTauCeti.Analysis.InnerProductSpace.LinearPMap.SpectralMeasure.Construction,theorem,0
TauCeti.LinearPMap.negI_mem_resolventSet,ForTauCeti.Analysis.InnerProductSpace.LinearPMap.SelfAdjointResolvent,theorem,0
TauCeti.LinearPMap.realResolventSet,ForTauCeti.Analysis.InnerProductSpace.LinearPMap.Closed,def,0
TauCeti.LinearPMap.realSpecProjection,ForTauCeti.Analysis.InnerProductSpace.LinearPMap.Complexification.SpectralDescent,def,0
TauCeti.LinearPMap.realSpecRange,ForTauCeti.Analysis.InnerProductSpace.LinearPMap.Complexification.SpectralDescent,def,0
TauCeti.LinearPMap.realSpectrum,ForTauCeti.Analysis.InnerProductSpace.LinearPMap.Closed,def,0
TauCeti.LinearPMap.reducingRestriction,ForTauCeti.Analysis.InnerProductSpace.LinearPMap.Closed,def,0
TauCeti.LinearPMap.reducingRestrictionDomain,ForTauCeti.Analysis.InnerProductSpace.LinearPMap.Closed,def,0
TauCeti.LinearPMap.reducingRestrictionDomainToAmbient,ForTauCeti.Analysis.InnerProductSpace.LinearPMap.Closed,def,0
TauCeti.LinearPMap.reducingRestrictionLinearMap,ForTauCeti.Analysis.InnerProductSpace.LinearPMap.Closed,def,0
TauCeti.LinearPMap.resolvent,ForTauCeti.Analysis.InnerProductSpace.LinearPMap.ResolventBound,def,0
TauCeti.LinearPMap.resolventSet,ForTauCeti.Analysis.InnerProductSpace.LinearPMap.Resolvent,def,0
TauCeti.LinearPMap.specProjection,ForTauCeti.Analysis.InnerProductSpace.LinearPMap.SpectralMeasure.Construction,def,0
TauCeti.LinearPMap.specRange,ForTauCeti.Analysis.InnerProductSpace.LinearPMap.SpectralMeasure.Construction,def,0
TauCeti.LinearPMap.specRestrict,ForTauCeti.Analysis.InnerProductSpace.LinearPMap.SpectralMeasure.Construction,def,0
TauCeti.LinearPMap.spectralPVM,ForTauCeti.Analysis.InnerProductSpace.LinearPMap.SpectralMeasure.Construction,def,0
TauCeti.LinearPMap.spectrum,ForTauCeti.Analysis.InnerProductSpace.LinearPMap.Resolvent,def,0
TauCeti.MeasureEquiv,ForTauCeti.MeasureTheory.MeasureClass,def,0
TauCeti.MultiplicityDatum,ForTauCeti.Analysis.InnerProductSpace.BorelCalculus.MultiplicityModel,inductive,0
TauCeti.MultiplicityDatum.base,ForTauCeti.Analysis.InnerProductSpace.BorelCalculus.MultiplicityModel,def,0
TauCeti.MultiplicityDatum.bound,ForTauCeti.Analysis.InnerProductSpace.BorelCalculus.MultiplicityModel,def,0
TauCeti.MultiplicityDatum.level,ForTauCeti.Analysis.InnerProductSpace.BorelCalculus.MultiplicityModel,def,0
TauCeti.MultiplicityDatum.measure,ForTauCeti.Analysis.InnerProductSpace.BorelCalculus.MultiplicityModel,def,0
TauCeti.MultiplicityDatum.operator,ForTauCeti.Analysis.InnerProductSpace.BorelCalculus.MultiplicityModel,def,0
TauCeti.OperatorIdealFamily,ForTauCeti.Analysis.OperatorIdeal.Family.Basic,inductive,0
TauCeti.OperatorIdealFamily.gauge,ForTauCeti.Analysis.OperatorIdeal.Family.Basic,def,0
TauCeti.OperatorUnitaryEquiv,ForTauCeti.Analysis.InnerProductSpace.OperatorUnitaryEquiv,def,0
TauCeti.ProjValMeasure,ForTauCeti.Analysis.InnerProductSpace.ProjValMeasure.Basic,inductive,0
TauCeti.ProjValMeasure.mk,ForTauCeti.Analysis.InnerProductSpace.ProjValMeasure.Basic,ctor,0
TauCeti.ProjValMeasure.proj,ForTauCeti.Analysis.InnerProductSpace.ProjValMeasure.Basic,def,0
TauCeti.RealComplexification,ForTauCeti.Analysis.InnerProductSpace.Complexification.Basic,def,0
TauCeti.RealComplexification.complexOperatorRealAlgebra,ForTauCeti.Analysis.InnerProductSpace.Complexification.FunctionalCalculus,def,0
TauCeti.RealComplexification.complexify,ForTauCeti.Analysis.InnerProductSpace.Complexification.Basic,def,0
TauCeti.RealComplexification.im,ForTauCeti.Analysis.InnerProductSpace.Complexification.Basic,def,0
TauCeti.RealComplexification.instAddCommGroup,ForTauCeti.Analysis.InnerProductSpace.Complexification.Basic,def,0
TauCeti.RealComplexification.instCompleteSpace,ForTauCeti.Analysis.InnerProductSpace.Complexification.Basic,theorem,0
TauCeti.RealComplexification.instInnerProductSpaceComplex,ForTauCeti.Analysis.InnerProductSpace.Complexification.Basic,def,0
TauCeti.RealComplexification.instModuleComplex,ForTauCeti.Analysis.InnerProductSpace.Complexification.Basic,def,0
TauCeti.RealComplexification.instModuleReal,ForTauCeti.Analysis.InnerProductSpace.Complexification.Basic,def,0
TauCeti.RealComplexification.instNormedAddCommGroup,ForTauCeti.Analysis.InnerProductSpace.Complexification.Basic,def,0
TauCeti.RealComplexification.instNormedSpaceComplex,ForTauCeti.Analysis.InnerProductSpace.Complexification.Basic,def,0
TauCeti.RealComplexification.instSMulComplex,ForTauCeti.Analysis.InnerProductSpace.Complexification.Basic,def,0
TauCeti.RealComplexification.instSMulReal,ForTauCeti.Analysis.InnerProductSpace.Complexification.Basic,def,0
TauCeti.RealComplexification.mk,ForTauCeti.Analysis.InnerProductSpace.Complexification.Basic,def,0
TauCeti.RealComplexification.ofReal,ForTauCeti.Analysis.InnerProductSpace.Complexification.Basic,def,0
TauCeti.RealComplexification.re,ForTauCeti.Analysis.InnerProductSpace.Complexification.Basic,def,0
TauCeti.RealComplexification.realContinuousFunctionalCalculus,ForTauCeti.Analysis.InnerProductSpace.Complexification.FunctionalCalculus,theorem,0
TauCeti.RealComplexification.realPartOperator,ForTauCeti.Analysis.InnerProductSpace.Complexification.Basic,def,0
TauCeti.RectangularUnitarilyInvariantSeminorm,ForTauCeti.Analysis.InnerProductSpace.RectangularUnitarilyInvariantSeminorm.Basic,inductive,0
TauCeti.RectangularUnitarilyInvariantSeminorm.frobenius,ForTauCeti.Analysis.InnerProductSpace.RectangularUnitarilyInvariantSeminorm.Instances,def,0
TauCeti.RectangularUnitarilyInvariantSeminorm.mk,ForTauCeti.Analysis.InnerProductSpace.RectangularUnitarilyInvariantSeminorm.Basic,ctor,0
TauCeti.RectangularUnitarilyInvariantSeminorm.toFun,ForTauCeti.Analysis.InnerProductSpace.RectangularUnitarilyInvariantSeminorm.Basic,def,0
TauCeti.SpectraSeparated,ForTauCeti.Analysis.InnerProductSpace.Spectral.Gap,def,0
TauCeti.SpectrumIn,ForTauCeti.Analysis.InnerProductSpace.Spectral.Subspace,def,0
TauCeti.SymmetricOperatorIdealFamily,ForTauCeti.Analysis.OperatorIdeal.Family.Basic,inductive,0
TauCeti.SymmetricOperatorIdealFamily.toOperatorIdealFamily,ForTauCeti.Analysis.OperatorIdeal.Family.Basic,def,0
TauCeti.UnitarilyInvariantSeminorm,ForTauCeti.Analysis.InnerProductSpace.UnitarilyInvariantSeminorm,inductive,0
TauCeti.UnitarilyInvariantSeminorm.frobenius,ForTauCeti.Analysis.InnerProductSpace.UnitarilyInvariantSeminorm,def,0
TauCeti.UnitarilyInvariantSeminorm.gauge,ForTauCeti.Analysis.InnerProductSpace.UnitarilyInvariantSeminorm,def,0
TauCeti.UnitarilyInvariantSeminorm.mk,ForTauCeti.Analysis.InnerProductSpace.UnitarilyInvariantSeminorm,ctor,0
TauCeti.UnitarilyInvariantSeminorm.toFun,ForTauCeti.Analysis.InnerProductSpace.UnitarilyInvariantSeminorm,def,0
TauCeti.approximateSubspace,ForTauCeti.Analysis.InnerProductSpace.Residual.Ritz,def,0
TauCeti.basisDiagonal,ForTauCeti.Analysis.InnerProductSpace.BasisDiagonal,def,0
TauCeti.card_filter_lt_eigenvalues_basisDiagonal,ForTauCeti.Analysis.InnerProductSpace.BasisDiagonal,theorem,1
TauCeti.choosePolarUnitary,ForTauCeti.Analysis.InnerProductSpace.Polar.Decomposition,def,0
TauCeti.complementaryProjection,ForTauCeti.Analysis.InnerProductSpace.Spectral.Subspace,def,0
TauCeti.compression,ForTauCeti.Analysis.InnerProductSpace.Residual.Ritz,def,0
TauCeti.coordTrunc,ForTauCeti.Analysis.InnerProductSpace.BorelCalculus.MultiplicityModel,def,0
TauCeti.coordTruncField,ForTauCeti.Analysis.InnerProductSpace.BorelCalculus.MultiplicityModel,def,0
TauCeti.cosPrincipalAngles,ForTauCeti.Analysis.InnerProductSpace.PrincipalAngles,def,0
TauCeti.cosThetaEmbedding,ForTauCeti.Analysis.InnerProductSpace.Residual.AngleEmbedding,def,0
TauCeti.cosThetaMagnitude,ForTauCeti.Analysis.InnerProductSpace.Residual.AngleEmbedding,def,0
TauCeti.cosThetaMap,ForTauCeti.Analysis.InnerProductSpace.AngleGeometry,def,0
TauCeti.diagCoord,ForTauCeti.Analysis.OperatorIdeal.ApproximationNumber.DiagonalSequence,def,0
TauCeti.diagOp,ForTauCeti.Analysis.InnerProductSpace.UnitarilyInvariantSeminorm,def,0
TauCeti.diagOpLp,ForTauCeti.Analysis.OperatorIdeal.ApproximationNumber.DiagonalSequence,def,0
TauCeti.eigenvalues_basisDiagonal_eq_of_card,ForTauCeti.Analysis.InnerProductSpace.BasisDiagonal,theorem,1
TauCeti.familyIsometry,ForTauCeti.Analysis.InnerProductSpace.Gram.Matrix,def,0
TauCeti.familyMap,ForTauCeti.Analysis.InnerProductSpace.Gram.Matrix,def,0
TauCeti.familyMap_inner_map_map,ForTauCeti.Analysis.InnerProductSpace.Gram.Matrix,theorem,0
TauCeti.isSymmetric_basisDiagonal,ForTauCeti.Analysis.InnerProductSpace.BasisDiagonal,theorem,0
TauCeti.isSymmetric_leftGram,ForTauCeti.Analysis.InnerProductSpace.Gram.Operator,theorem,0
TauCeti.isSymmetric_rightGram,ForTauCeti.Analysis.InnerProductSpace.Gram.Operator,theorem,0
TauCeti.isSymmetric_twoLevelOperator,ForTauCeti.Analysis.InnerProductSpace.TwoLevelOperator,theorem,0
TauCeti.kyFanSum,ForTauCeti.Analysis.InnerProductSpace.KyFan,def,0
TauCeti.leftGram,ForTauCeti.Analysis.InnerProductSpace.Gram.Operator,def,0
TauCeti.memLp_two_mul_field,ForTauCeti.Analysis.InnerProductSpace.BorelCalculus.MultiplicityModel,theorem,0
TauCeti.mulLpField,ForTauCeti.Analysis.InnerProductSpace.BorelCalculus.MultiplicityModel,def,0
TauCeti.norm_toLp_mul_field_le,ForTauCeti.Analysis.InnerProductSpace.BorelCalculus.MultiplicityModel,theorem,0
TauCeti.operatorAbs,ForTauCeti.Analysis.InnerProductSpace.Polar.Decomposition,def,0
TauCeti.operatorAbsRestrict,ForTauCeti.Analysis.InnerProductSpace.Polar.Decomposition,def,0
TauCeti.operatorAbs_apply_mem_orthogonal_ker,ForTauCeti.Analysis.InnerProductSpace.Polar.Decomposition,theorem,0
TauCeti.overlapOp,ForTauCeti.Analysis.InnerProductSpace.AlignedBasis,def,0
TauCeti.polarFactor,ForTauCeti.Analysis.InnerProductSpace.Polar.Decomposition,def,0
TauCeti.polarUnitaryEquiv,ForTauCeti.Analysis.InnerProductSpace.Polar.Decomposition,def,0
TauCeti.principalAngleSequence,ForTauCeti.Analysis.InnerProductSpace.PrincipalAngleSequence,def,0
TauCeti.principalAngles,ForTauCeti.Analysis.InnerProductSpace.AngleGeometry,def,0
TauCeti.principalCosines,ForTauCeti.Analysis.InnerProductSpace.AngleGeometry,def,0
TauCeti.principalSineOperator,ForTauCeti.Analysis.InnerProductSpace.PrincipalSineSequence,def,0
TauCeti.principalSineSequence,ForTauCeti.Analysis.InnerProductSpace.PrincipalSineSequence,def,0
TauCeti.principalSines,ForTauCeti.Analysis.InnerProductSpace.AngleGeometry,def,0
TauCeti.principalTangents,ForTauCeti.Analysis.InnerProductSpace.AngleGeometry,def,0
TauCeti.projection,ForTauCeti.Analysis.InnerProductSpace.Spectral.Subspace,def,0
TauCeti.pvmRangeSubspace,ForTauCeti.Analysis.InnerProductSpace.ProjValMeasure.Subspace,def,0
TauCeti.residual,ForTauCeti.Analysis.InnerProductSpace.Residual.Ritz,def,0
TauCeti.restrictedSpectrum,ForTauCeti.Analysis.InnerProductSpace.Spectral.Subspace,def,0
TauCeti.rightGram,ForTauCeti.Analysis.InnerProductSpace.Gram.Operator,def,0
TauCeti.ritzResidual,ForTauCeti.Analysis.InnerProductSpace.Residual.Ritz,def,0
TauCeti.selfAdjointFunctionalCalculus,ForTauCeti.Analysis.InnerProductSpace.SelfAdjointFunctionalCalculus,def,0
TauCeti.sinThetaEmbedding,ForTauCeti.Analysis.InnerProductSpace.Residual.AngleEmbedding,def,0
TauCeti.sinThetaFrobenius,ForTauCeti.Analysis.InnerProductSpace.SinTheta.Frobenius,def,1
TauCeti.sinThetaMap,ForTauCeti.Analysis.InnerProductSpace.AngleGeometry,def,0
TauCeti.sinThetaSq,ForTauCeti.Analysis.InnerProductSpace.PrincipalAngles,def,0
TauCeti.singularValues_sinThetaMap,ForTauCeti.Analysis.InnerProductSpace.AngleGeometry,theorem,1
TauCeti.sliceMap,ForTauCeti.MeasureTheory.LpSliceSum,def,0
TauCeti.sliceSum,ForTauCeti.MeasureTheory.LpSliceSum,def,0
TauCeti.spectralSubspace,ForTauCeti.Analysis.InnerProductSpace.Spectral.Subspace,def,0
TauCeti.sq_gap_mul_sum_sq_norm_starProjection_orthogonal_le,ForTauCeti.Analysis.InnerProductSpace.Spectral.ResidualGap,theorem,1
TauCeti.sum_sq_norm_aligned_le,ForTauCeti.Analysis.InnerProductSpace.AlignedBasis,theorem,1
TauCeti.sum_sq_norm_aligned_le_sinThetaSq,ForTauCeti.Analysis.InnerProductSpace.PrincipalAngles,theorem,1
TauCeti.trialGramSqrt,ForTauCeti.Analysis.InnerProductSpace.FrameFactorization,def,0
TauCeti.twoLevelOperator,ForTauCeti.Analysis.InnerProductSpace.TwoLevelOperator,def,0
TauCeti.vectorAngle,ForTauCeti.Analysis.InnerProductSpace.VectorAngle,def,0
YuWangSamworth2015.CorrespondingEigenblock,YuWangSamworth2015.Core.Statistics,def,0
YuWangSamworth2015.DavisKahanTheory.CorrespondingLeftSingularBlock,YuWangSamworth2015.Rectangular.Theorem4,def,1
YuWangSamworth2015.DavisKahanTheory.CorrespondingRightSingularBlock,YuWangSamworth2015.Rectangular.Theorem4,def,1
YuWangSamworth2015.DavisKahanTheory.IsOrderedLeftSingularFrame,YuWangSamworth2015.Rectangular.Theorem4,def,1
YuWangSamworth2015.DavisKahanTheory.IsOrderedRightSingularFrame,YuWangSamworth2015.Rectangular.Theorem4,def,1
YuWangSamworth2015.DavisKahanTheory.LeftSingularInternalGap,YuWangSamworth2015.Rectangular.Theorem4,def,1
YuWangSamworth2015.DavisKahanTheory.RightSingularInternalGap,YuWangSamworth2015.Rectangular.Theorem4,def,1
YuWangSamworth2015.DavisKahanTheory.card_middleSharpnessSample_level_three,YuWangSamworth2015.Symmetric.MiddleBlockSharpness,theorem,1
YuWangSamworth2015.DavisKahanTheory.correspondingEigenblock_middleSharpness,YuWangSamworth2015.Symmetric.MiddleBlockSharpness,theorem,1
YuWangSamworth2015.DavisKahanTheory.correspondingEigenblock_orthogonalSharpness,YuWangSamworth2015.Symmetric.OrthogonalSharpness,theorem,1
YuWangSamworth2015.DavisKahanTheory.correspondingEigenblock_planarSharpness,YuWangSamworth2015.Symmetric.PlanarSharpness,theorem,1
YuWangSamworth2015.DavisKahanTheory.dist_middleSharpness_aligned,YuWangSamworth2015.Symmetric.MiddleBlockSharpness,theorem,1
YuWangSamworth2015.DavisKahanTheory.dist_orthogonalSharpness_aligned,YuWangSamworth2015.Symmetric.OrthogonalSharpness,theorem,1
YuWangSamworth2015.DavisKahanTheory.eigenvalues_scalarSamplePopulation_zero,YuWangSamworth2015.Symmetric.Corollary1,theorem,1
YuWangSamworth2015.DavisKahanTheory.eigenvalues_scalarSampleSample,YuWangSamworth2015.Symmetric.Corollary1,theorem,1
YuWangSamworth2015.DavisKahanTheory.frobenius_leftGram_sub_le,YuWangSamworth2015.Rectangular.FrobeniusGram,theorem,1
YuWangSamworth2015.DavisKahanTheory.frobenius_leftGram_sub_le_paperCoefficient,YuWangSamworth2015.Rectangular.FrobeniusGram,theorem,1
YuWangSamworth2015.DavisKahanTheory.frobenius_rightGram_sub_le,YuWangSamworth2015.Rectangular.FrobeniusGram,theorem,1
YuWangSamworth2015.DavisKahanTheory.frobenius_rightGram_sub_le_paperCoefficient,YuWangSamworth2015.Rectangular.FrobeniusGram,theorem,1
YuWangSamworth2015.DavisKahanTheory.internalGap_middleSharpness,YuWangSamworth2015.Symmetric.MiddleBlockSharpness,theorem,1
YuWangSamworth2015.DavisKahanTheory.internalGap_orthogonalSharpness,YuWangSamworth2015.Symmetric.OrthogonalSharpness,theorem,1
YuWangSamworth2015.DavisKahanTheory.internalGap_planarSharpness,YuWangSamworth2015.Symmetric.PlanarSharpness,theorem,1
YuWangSamworth2015.DavisKahanTheory.internalGap_section1,YuWangSamworth2015.Symmetric.MixedGap,theorem,1
YuWangSamworth2015.DavisKahanTheory.middleSharpnessPopulation,YuWangSamworth2015.Symmetric.MiddleBlockSharpness,def,0
YuWangSamworth2015.DavisKahanTheory.middleSharpnessPopulationData,YuWangSamworth2015.Symmetric.MiddleBlockSharpness,def,0
YuWangSamworth2015.DavisKahanTheory.middleSharpnessSample,YuWangSamworth2015.Symmetric.MiddleBlockSharpness,def,0
YuWangSamworth2015.DavisKahanTheory.middleSharpnessSampleData,YuWangSamworth2015.Symmetric.MiddleBlockSharpness,def,0
YuWangSamworth2015.DavisKahanTheory.mixedSeparation,YuWangSamworth2015.Symmetric.MixedGap,def,1
YuWangSamworth2015.DavisKahanTheory.mixedSeparationSet,YuWangSamworth2015.Symmetric.MixedGap,def,1
YuWangSamworth2015.DavisKahanTheory.mixedSeparation_eq_zero_of_le,YuWangSamworth2015.Symmetric.MixedGap,theorem,1
YuWangSamworth2015.DavisKahanTheory.norm_projection_orthogonal_span_singleton,YuWangSamworth2015.Symmetric.PlanarSharpness,theorem,1
YuWangSamworth2015.DavisKahanTheory.norm_sub_sq_planarSharpness,YuWangSamworth2015.Symmetric.PlanarSharpness,theorem,1
YuWangSamworth2015.DavisKahanTheory.opNorm_leftGram_sub_le_paperCoefficient,YuWangSamworth2015.Rectangular.FrobeniusGram,theorem,1
YuWangSamworth2015.DavisKahanTheory.opNorm_middleSharpness_perturbation,YuWangSamworth2015.Symmetric.MiddleBlockSharpness,theorem,1
YuWangSamworth2015.DavisKahanTheory.opNorm_orthogonalSharpness_perturbation,YuWangSamworth2015.Symmetric.OrthogonalSharpness,theorem,1
YuWangSamworth2015.DavisKahanTheory.opNorm_planarSharpness_perturbation,YuWangSamworth2015.Symmetric.PlanarSharpness,theorem,1
YuWangSamworth2015.DavisKahanTheory.opNorm_rightGram_sub_le_paperCoefficient,YuWangSamworth2015.Rectangular.FrobeniusGram,theorem,1
YuWangSamworth2015.DavisKahanTheory.opNorm_section1_perturbation,YuWangSamworth2015.Symmetric.MixedGap,theorem,1
YuWangSamworth2015.DavisKahanTheory.orderedBlockBoundaryGap_leftGram,YuWangSamworth2015.Rectangular.SingularBlock,theorem,1
YuWangSamworth2015.DavisKahanTheory.orderedBlockBoundaryGap_rightGram,YuWangSamworth2015.Rectangular.SingularBlock,theorem,1
YuWangSamworth2015.DavisKahanTheory.orthogonalSharpnessPopulation,YuWangSamworth2015.Symmetric.OrthogonalSharpness,def,0
YuWangSamworth2015.DavisKahanTheory.orthogonalSharpnessPopulationData,YuWangSamworth2015.Symmetric.OrthogonalSharpness,def,0
YuWangSamworth2015.DavisKahanTheory.orthogonalSharpnessSample,YuWangSamworth2015.Symmetric.OrthogonalSharpness,def,0
YuWangSamworth2015.DavisKahanTheory.orthogonalSharpnessSampleData,YuWangSamworth2015.Symmetric.OrthogonalSharpness,def,0
YuWangSamworth2015.DavisKahanTheory.orthogonal_middleSharpness,YuWangSamworth2015.Symmetric.MiddleBlockSharpness,theorem,1
YuWangSamworth2015.DavisKahanTheory.orthogonal_orthogonalSharpness,YuWangSamworth2015.Symmetric.OrthogonalSharpness,theorem,1
YuWangSamworth2015.DavisKahanTheory.range_projection,YuWangSamworth2015.Rectangular.RankBoundary,theorem,1
YuWangSamworth2015.DavisKahanTheory.rightGram_projection,YuWangSamworth2015.Rectangular.RankBoundary,theorem,1
YuWangSamworth2015.DavisKahanTheory.scalarSamplePopulationData,YuWangSamworth2015.Symmetric.Corollary1,def,0
YuWangSamworth2015.DavisKahanTheory.section1Population,YuWangSamworth2015.Symmetric.MixedGap,def,0
YuWangSamworth2015.DavisKahanTheory.section1PopulationData,YuWangSamworth2015.Symmetric.MixedGap,def,1
YuWangSamworth2015.DavisKahanTheory.section1Sample,YuWangSamworth2015.Symmetric.MixedGap,def,0
YuWangSamworth2015.DavisKahanTheory.section1SampleData,YuWangSamworth2015.Symmetric.MixedGap,def,1
YuWangSamworth2015.DavisKahanTheory.section1_mixedSeparation_eq_zero,YuWangSamworth2015.Symmetric.MixedGap,theorem,1
YuWangSamworth2015.DavisKahanTheory.section1_no_sample_eigenvalue_in_block,YuWangSamworth2015.Symmetric.MixedGap,theorem,1
YuWangSamworth2015.DavisKahanTheory.section1_populationGap,YuWangSamworth2015.Symmetric.MixedGap,theorem,1
YuWangSamworth2015.DavisKahanTheory.section1_weylRecovery_fails,YuWangSamworth2015.Symmetric.MixedGap,theorem,1
YuWangSamworth2015.DavisKahanTheory.sinThetaFrobenius_middleSharpness,YuWangSamworth2015.Symmetric.MiddleBlockSharpness,theorem,1
YuWangSamworth2015.DavisKahanTheory.sinThetaFrobenius_orthogonalSharpness,YuWangSamworth2015.Symmetric.OrthogonalSharpness,theorem,1
YuWangSamworth2015.DavisKahanTheory.sinThetaFrobenius_orthogonal_lines,YuWangSamworth2015.Rectangular.RankBoundary,theorem,1
YuWangSamworth2015.DavisKahanTheory.sinThetaFrobenius_planarSharpness,YuWangSamworth2015.Symmetric.PlanarSharpness,theorem,1
YuWangSamworth2015.DavisKahanTheory.singularBoundaryGap_of_rank_le,YuWangSamworth2015.Rectangular.SingularBlock,theorem,1
YuWangSamworth2015.DavisKahanTheory.sq_singularValues_eq_eigenvalues_leftGram,YuWangSamworth2015.Rectangular.SingularBlock,theorem,1
YuWangSamworth2015.DavisKahanTheory.sq_singularValues_eq_eigenvalues_rightGram,YuWangSamworth2015.Rectangular.SingularBlock,theorem,1
YuWangSamworth2015.DavisKahanTheory.sum_opNorm_le_paperCoefficient,YuWangSamworth2015.Rectangular.FrobeniusGram,theorem,1
YuWangSamworth2015.DavisKahanTheory.yuWangSamworth_corollary1_real_le,YuWangSamworth2015.Symmetric.Corollary1,theorem,1
YuWangSamworth2015.DavisKahanTheory.yuWangSamworth_corollary1_scalarSample,YuWangSamworth2015.Symmetric.Corollary1,theorem,1
YuWangSamworth2015.DavisKahanTheory.yuWangSamworth_corollary1_sinTheta_le,YuWangSamworth2015.Symmetric.Corollary1,theorem,1
YuWangSamworth2015.DavisKahanTheory.yuWangSamworth_equation4,YuWangSamworth2015.Symmetric.AngleIdentity,theorem,1
YuWangSamworth2015.DavisKahanTheory.yuWangSamworth_equation4_printed_counterexample,YuWangSamworth2015.Symmetric.AngleIdentity,theorem,1
YuWangSamworth2015.DavisKahanTheory.yuWangSamworth_leftSingularAlignedBasis_block_le,YuWangSamworth2015.Rectangular.SingularBlock,theorem,1
YuWangSamworth2015.DavisKahanTheory.yuWangSamworth_leftSingularAlignedBasis_frame_le,YuWangSamworth2015.Rectangular.Theorem4,theorem,1
YuWangSamworth2015.DavisKahanTheory.yuWangSamworth_leftSingularAlignedBasis_le,YuWangSamworth2015.Rectangular.Theorem4,theorem,1
YuWangSamworth2015.DavisKahanTheory.yuWangSamworth_leftSingularSubspace_block_le,YuWangSamworth2015.Rectangular.SingularBlock,theorem,1
YuWangSamworth2015.DavisKahanTheory.yuWangSamworth_leftSingularSubspace_frame_le,YuWangSamworth2015.Rectangular.Theorem4,theorem,1
YuWangSamworth2015.DavisKahanTheory.yuWangSamworth_leftSingularSubspace_le,YuWangSamworth2015.Rectangular.Theorem4,theorem,1
YuWangSamworth2015.DavisKahanTheory.yuWangSamworth_leftSingularSubspace_opNormCoefficient_le,YuWangSamworth2015.Rectangular.Theorem4,theorem,1
YuWangSamworth2015.DavisKahanTheory.yuWangSamworth_leftSingularVector_le,YuWangSamworth2015.Rectangular.RankOne,theorem,1
YuWangSamworth2015.DavisKahanTheory.yuWangSamworth_leftSingularVector_opNormCoefficient_le,YuWangSamworth2015.Rectangular.RankOne,theorem,1
YuWangSamworth2015.DavisKahanTheory.yuWangSamworth_lemma5_columns,YuWangSamworth2015.Appendix.Lemma5,theorem,1
YuWangSamworth2015.DavisKahanTheory.yuWangSamworth_lemma5_isometricColumns,YuWangSamworth2015.Appendix.Lemma5,theorem,1
YuWangSamworth2015.DavisKahanTheory.yuWangSamworth_lemma5_orthonormalColumns,YuWangSamworth2015.Appendix.Lemma5,theorem,1
YuWangSamworth2015.DavisKahanTheory.yuWangSamworth_lemma5_orthonormalRows,YuWangSamworth2015.Appendix.Lemma5,theorem,1
YuWangSamworth2015.DavisKahanTheory.yuWangSamworth_lemma5_rows,YuWangSamworth2015.Appendix.Lemma5,theorem,1
YuWangSamworth2015.DavisKahanTheory.yuWangSamworth_rightSingularAlignedBasis_block_le,YuWangSamworth2015.Rectangular.SingularBlock,theorem,1
YuWangSamworth2015.DavisKahanTheory.yuWangSamworth_rightSingularAlignedBasis_frame_le,YuWangSamworth2015.Rectangular.Theorem4,theorem,1
YuWangSamworth2015.DavisKahanTheory.yuWangSamworth_rightSingularAlignedBasis_le,YuWangSamworth2015.Rectangular.Theorem4,theorem,1
YuWangSamworth2015.DavisKahanTheory.yuWangSamworth_rightSingularSubspace_block_le,YuWangSamworth2015.Rectangular.SingularBlock,theorem,1
YuWangSamworth2015.DavisKahanTheory.yuWangSamworth_rightSingularSubspace_frame_le,YuWangSamworth2015.Rectangular.Theorem4,theorem,1
YuWangSamworth2015.DavisKahanTheory.yuWangSamworth_rightSingularSubspace_le,YuWangSamworth2015.Rectangular.Theorem4,theorem,1
YuWangSamworth2015.DavisKahanTheory.yuWangSamworth_rightSingularSubspace_opNormCoefficient_le,YuWangSamworth2015.Rectangular.Theorem4,theorem,1
YuWangSamworth2015.DavisKahanTheory.yuWangSamworth_rightSingularVector_le,YuWangSamworth2015.Rectangular.RankOne,theorem,1
YuWangSamworth2015.DavisKahanTheory.yuWangSamworth_rightSingularVector_opNormCoefficient_le,YuWangSamworth2015.Rectangular.RankOne,theorem,1
YuWangSamworth2015.DavisKahanTheory.yuWangSamworth_sharpness_middleBlock,YuWangSamworth2015.Symmetric.MiddleBlockSharpness,theorem,1
YuWangSamworth2015.DavisKahanTheory.yuWangSamworth_sharpness_orthogonalBlocks,YuWangSamworth2015.Symmetric.OrthogonalSharpness,theorem,1
YuWangSamworth2015.DavisKahanTheory.yuWangSamworth_sharpness_planarRotation,YuWangSamworth2015.Symmetric.PlanarSharpness,theorem,1
YuWangSamworth2015.DavisKahanTheory.yuWangSamworth_theorem1_frobenius_le,YuWangSamworth2015.Symmetric.Theorem1,theorem,1
YuWangSamworth2015.DavisKahanTheory.yuWangSamworth_theorem1_opNorm_le,YuWangSamworth2015.Symmetric.Theorem1,theorem,1
YuWangSamworth2015.DavisKahanTheory.yuWangSamworth_theorem1_uiNorm_le,YuWangSamworth2015.Symmetric.Theorem1,theorem,1
YuWangSamworth2015.DavisKahanTheory.yuWangSamworth_theorem3_printed_rankBoundary_refutation,YuWangSamworth2015.Rectangular.RankBoundary,theorem,1
YuWangSamworth2015.DavisKahanTheory.yuWangSamworth_theorem3_printed_rankBoundary_refutation_euclidean,YuWangSamworth2015.Rectangular.RankBoundary,theorem,1
YuWangSamworth2015.DavisKahanTheory.yuWangSamworth_weylRecovered_le_populationGap_bound,YuWangSamworth2015.Symmetric.MixedGap,theorem,1
YuWangSamworth2015.IsEigenvectorBlock,YuWangSamworth2015.Symmetric.Theorem2,def,1
YuWangSamworth2015.OrderedBlockBoundaryGap,YuWangSamworth2015.Core.ConsecutiveBlock,def,1
YuWangSamworth2015.OrderedBlockBoundaryGap.gap_of_singleton,YuWangSamworth2015.Core.ConsecutiveBlock,theorem,1
YuWangSamworth2015.OrderedBlockBoundaryGap.indexGap,YuWangSamworth2015.Core.ConsecutiveBlock,theorem,1
YuWangSamworth2015.PopulationBoundaryGap,YuWangSamworth2015.Symmetric.Theorem2,def,1
YuWangSamworth2015.SourcePopulationGap,YuWangSamworth2015.Symmetric.Theorem2,def,1
YuWangSamworth2015.SourcePopulationGap.toPopulationBoundaryGap,YuWangSamworth2015.Symmetric.Theorem2,theorem,1
YuWangSamworth2015.adjoint_comp_self_eq_id,YuWangSamworth2015.Core.Procrustes,theorem,1
YuWangSamworth2015.consecutiveEmb,YuWangSamworth2015.Core.ConsecutiveBlock,def,1
YuWangSamworth2015.correspondingEigenblock_basisDiagonal_level,YuWangSamworth2015.Core.TopEigenblock,theorem,1
YuWangSamworth2015.correspondingEigenblock_eigenvalueLevel,YuWangSamworth2015.Core.TopEigenblock,theorem,1
YuWangSamworth2015.exists_aligned_orthonormalBasis,YuWangSamworth2015.Core.Statistics,theorem,1
YuWangSamworth2015.exists_unitary_sum_sq_norm_frameComp_sub_le,YuWangSamworth2015.Core.Procrustes,theorem,1
YuWangSamworth2015.frameAlignMatrix,YuWangSamworth2015.Core.Procrustes,def,1
YuWangSamworth2015.frameAlignMatrix_mem_orthogonalGroup,YuWangSamworth2015.Core.Procrustes,theorem,1
YuWangSamworth2015.frameComp,YuWangSamworth2015.Core.Procrustes,def,1
YuWangSamworth2015.frameComp_apply,YuWangSamworth2015.Core.Procrustes,theorem,1
YuWangSamworth2015.frameComp_eq_sum_frameAlignMatrix,YuWangSamworth2015.Core.Procrustes,theorem,1
YuWangSamworth2015.frameResidual_eq,YuWangSamworth2015.Core.Residual,theorem,1
YuWangSamworth2015.frobeniusNorm,YuWangSamworth2015.Symmetric.Theorem2,def,1
YuWangSamworth2015.gramBlockDiagonal,YuWangSamworth2015.Core.SingularSubspace,def,0
YuWangSamworth2015.gramBlockDiagonalProd,YuWangSamworth2015.Core.SingularSubspace,def,0
YuWangSamworth2015.hermitianDilation,YuWangSamworth2015.Core.SingularSubspace,def,1
YuWangSamworth2015.hermitianDilationProd,YuWangSamworth2015.Core.SingularSubspace,def,0
YuWangSamworth2015.hermitianDilation_sq,YuWangSamworth2015.Core.SingularSubspace,theorem,1
YuWangSamworth2015.isEigenvectorBlock_iff,YuWangSamworth2015.Symmetric.Theorem2,theorem,1
YuWangSamworth2015.isSymmetric_hermitianDilation,YuWangSamworth2015.Core.SingularSubspace,theorem,1
YuWangSamworth2015.leftSingularSubspace,YuWangSamworth2015.Core.SingularSubspace,def,1
YuWangSamworth2015.leftSingularSubspace_sinTheta_le,YuWangSamworth2015.Core.SingularSubspace,theorem,1
YuWangSamworth2015.mem_range_consecutiveEmb,YuWangSamworth2015.Core.ConsecutiveBlock,theorem,1
YuWangSamworth2015.mixedGap_of_populationGap_weyl,YuWangSamworth2015.Core.Statistics,theorem,1
YuWangSamworth2015.orderedBlockBoundaryGap_iff,YuWangSamworth2015.Core.ConsecutiveBlock,theorem,1
YuWangSamworth2015.orthonormal_frameComp,YuWangSamworth2015.Core.Procrustes,theorem,1
YuWangSamworth2015.populationBoundaryGap_iff,YuWangSamworth2015.Symmetric.Theorem2,theorem,1
YuWangSamworth2015.residualColumn,YuWangSamworth2015.Core.Residual,def,1
YuWangSamworth2015.residualColumn_eq,YuWangSamworth2015.Core.Residual,theorem,1
YuWangSamworth2015.rightSingularSubspace,YuWangSamworth2015.Core.SingularSubspace,def,1
YuWangSamworth2015.rightSingularSubspace_sinTheta_le,YuWangSamworth2015.Core.SingularSubspace,theorem,1
YuWangSamworth2015.sinThetaFrobenius_eq_sqrt_sum_cross,YuWangSamworth2015.Core.Statistics,theorem,1
YuWangSamworth2015.sinThetaFrobenius_spanIndices_of_subset_compl,YuWangSamworth2015.Core.Statistics,theorem,1
YuWangSamworth2015.sinThetaSq_eq_sinThetaFrobenius_sq_of_spans,YuWangSamworth2015.Core.Statistics,theorem,1
YuWangSamworth2015.singularSubspace_dilation_sinTheta_le,YuWangSamworth2015.Core.SingularSubspace,theorem,1
YuWangSamworth2015.sourcePopulationGap_iff,YuWangSamworth2015.Symmetric.Theorem2,theorem,1
YuWangSamworth2015.span_range_frameComp,YuWangSamworth2015.Core.Procrustes,theorem,1
YuWangSamworth2015.sq_gap_mul_sum_cross_le_of_population_gap,YuWangSamworth2015.Core.Residual,theorem,1
YuWangSamworth2015.sq_gap_mul_sum_cross_le_of_population_gap_opNorm,YuWangSamworth2015.Core.Residual,theorem,1
YuWangSamworth2015.sq_gap_mul_sum_cross_le_sum_sq_norm_residualColumn,YuWangSamworth2015.Core.Residual,theorem,1
YuWangSamworth2015.sqrt_sum_cross_le_of_population_gap,YuWangSamworth2015.Core.Residual,theorem,1
YuWangSamworth2015.sum_sq_norm_apply_orthonormal_le,YuWangSamworth2015.Core.Residual,theorem,1
YuWangSamworth2015.sum_sq_norm_frameResidual_le,YuWangSamworth2015.Core.Residual,theorem,1
YuWangSamworth2015.sum_sq_norm_frameResidual_le_of_opNorm,YuWangSamworth2015.Core.Residual,theorem,1
YuWangSamworth2015.sum_sq_norm_residualColumn_le,YuWangSamworth2015.Core.Residual,theorem,1
YuWangSamworth2015.sum_sq_norm_residualColumn_le_of_opNorm,YuWangSamworth2015.Core.Residual,theorem,1
YuWangSamworth2015.sum_sq_norm_sub_eq_of_le_orthogonal,YuWangSamworth2015.Core.Statistics,theorem,1
YuWangSamworth2015.theorem2_alignedFrame,YuWangSamworth2015.Symmetric.Theorem2,theorem,1
YuWangSamworth2015.theorem2_sinTheta,YuWangSamworth2015.Symmetric.Theorem2,theorem,1
YuWangSamworth2015.yuWangSamworth_alignedBasis_frame_le,YuWangSamworth2015.Core.Statistics,theorem,1
YuWangSamworth2015.yuWangSamworth_alignedBasis_le,YuWangSamworth2015.Core.Statistics,theorem,1
YuWangSamworth2015.yuWangSamworth_alignedBasis_le_residual,YuWangSamworth2015.Core.Statistics,theorem,1
YuWangSamworth2015.yuWangSamworth_alignedFrame_block_le,YuWangSamworth2015.Symmetric.Theorem2,theorem,1
YuWangSamworth2015.yuWangSamworth_alignedFrame_block_le_residual,YuWangSamworth2015.Symmetric.Theorem2,theorem,1
YuWangSamworth2015.yuWangSamworth_alignedFrame_block_real_le,YuWangSamworth2015.Symmetric.Theorem2,theorem,1
YuWangSamworth2015.yuWangSamworth_alignedFrame_le,YuWangSamworth2015.Core.Procrustes,theorem,1
YuWangSamworth2015.yuWangSamworth_alignedFrame_le_residual,YuWangSamworth2015.Core.Procrustes,theorem,1
YuWangSamworth2015.yuWangSamworth_alignedFrame_real_le,YuWangSamworth2015.Core.Procrustes,theorem,1
YuWangSamworth2015.yuWangSamworth_eigenvector_frame_le,YuWangSamworth2015.Core.Statistics,theorem,1
YuWangSamworth2015.yuWangSamworth_eigenvector_frame_sinTheta_le,YuWangSamworth2015.Core.Statistics,theorem,1
YuWangSamworth2015.yuWangSamworth_eigenvector_le,YuWangSamworth2015.Core.Statistics,theorem,1
YuWangSamworth2015.yuWangSamworth_eigenvector_real_le,YuWangSamworth2015.Core.Statistics,theorem,1
YuWangSamworth2015.yuWangSamworth_intervalBlock_le,YuWangSamworth2015.Core.Statistics,theorem,1
YuWangSamworth2015.yuWangSamworth_sinTheta_block_le,YuWangSamworth2015.Symmetric.Theorem2,theorem,1
YuWangSamworth2015.yuWangSamworth_sinTheta_block_le_residual,YuWangSamworth2015.Symmetric.Theorem2,theorem,1
YuWangSamworth2015.yuWangSamworth_sinTheta_frame_le,YuWangSamworth2015.Core.Statistics,theorem,1
YuWangSamworth2015.yuWangSamworth_sinTheta_le,YuWangSamworth2015.Core.Statistics,theorem,1
YuWangSamworth2015.yuWangSamworth_sinTheta_le_residual,YuWangSamworth2015.Core.Statistics,theorem,1
